match_id,date,team1,team2,venue,team1_winrate,team2_winrate,team1_form5,team2_form5,team1_form10,team2_form10,h2h_team1,team1_matches,team2_matches,venue_team1_wr,both_have_history,team1_won
211048,2005-02-17,New Zealand,Australia,Eden Park,0.5,0.5,0.5,0.5,0.5,0.5,0.5,0,0,0.5,0,0
211028,2005-06-13,England,Australia,The Rose Bowl,0.5,1.0,0.5,1.0,0.5,1.0,0.5,0,1,0.5,0,1
222678,2005-10-21,South Africa,New Zealand,New Wanderers Stadium,0.5,0.0,0.5,0.0,0.5,0.0,0.5,0,1,0.5,0,0
226374,2006-01-09,Australia,South Africa,"Brisbane Cricket Ground, Woolloongabba",0.5,0.0,0.5,0.0,0.5,0.0,0.5,2,1,0.5,1,1
238195,2006-02-24,South Africa,Australia,New Wanderers Stadium,0.0,0.6666666666666666,0.0,0.6666666666666666,0.0,0.6666666666666666,0.0,2,3,0.0,1,1
225271,2006-06-15,England,Sri Lanka,The Rose Bowl,1.0,0.5,1.0,0.5,1.0,0.5,0.5,1,0,1.0,0,0
225263,2006-08-28,England,Pakistan,County Ground,0.5,0.5,0.5,0.5,0.5,0.5,0.5,2,0,0.5,0,0
255954,2006-12-01,South Africa,India,New Wanderers Stadium,0.3333333333333333,0.5,0.3333333333333333,0.5,0.3333333333333333,0.5,0.5,3,0,0.5,0,0
251487,2006-12-22,New Zealand,Sri Lanka,Westpac Stadium,0.5,1.0,0.5,1.0,0.5,1.0,0.5,2,1,0.5,1,0
251488,2006-12-26,New Zealand,Sri Lanka,Eden Park,0.3333333333333333,1.0,0.3333333333333333,1.0,0.3333333333333333,1.0,0.0,3,2,0.0,1,1
249227,2007-01-09,Australia,England,Sydney Cricket Ground,0.5,0.3333333333333333,0.5,0.3333333333333333,0.5,0.3333333333333333,0.0,4,3,0.5,1,1
258463,2007-06-28,England,West Indies,Kennington Oval,0.25,0.5,0.25,0.5,0.25,0.5,0.5,4,0,0.5,0,0
258464,2007-06-29,England,West Indies,Kennington Oval,0.2,1.0,0.2,1.0,0.2,1.0,0.0,5,1,0.0,1,1
306987,2007-09-01,Kenya,Bangladesh,Gymkhana Club Ground,0.5,0.5,0.5,0.5,0.5,0.5,0.5,0,0,0.5,0,0
306989,2007-09-02,Bangladesh,Pakistan,Gymkhana Club Ground,1.0,1.0,1.0,1.0,1.0,1.0,0.5,1,1,1.0,1,0
306991,2007-09-04,Kenya,Pakistan,Gymkhana Club Ground,0.0,1.0,0.0,1.0,0.0,1.0,0.5,1,2,0.0,1,0
287853,2007-09-11,South Africa,West Indies,New Wanderers Stadium,0.25,0.5,0.25,0.5,0.25,0.5,0.5,4,2,0.3333333333333333,1,1
287854,2007-09-12,Kenya,New Zealand,Kingsmead,0.0,0.5,0.0,0.5,0.0,0.5,0.5,2,4,0.5,1,0
287856,2007-09-12,Australia,Zimbabwe,Newlands,0.6,0.5,0.6,0.5,0.6,0.5,0.5,5,0,0.5,0,0
287855,2007-09-12,Pakistan,Scotland,Kingsmead,1.0,0.5,1.0,0.5,1.0,0.5,0.5,3,0,0.5,0,1
287857,2007-09-13,Bangladesh,West Indies,New Wanderers Stadium,0.5,0.3333333333333333,0.5,0.3333333333333333,0.5,0.3333333333333333,0.5,2,3,0.5,1,1
287858,2007-09-13,England,Zimbabwe,Newlands,0.3333333333333333,1.0,0.2,1.0,0.3333333333333333,1.0,0.5,6,1,0.5,1,1
287860,2007-09-14,Kenya,Sri Lanka,New Wanderers Stadium,0.0,0.6666666666666666,0.0,0.6666666666666666,0.0,0.6666666666666666,0.5,3,3,0.5,1,0
287861,2007-09-14,Australia,England,Newlands,0.5,0.42857142857142855,0.4,0.4,0.5,0.42857142857142855,0.5,6,7,0.0,1,1
287863,2007-09-15,New Zealand,Sri Lanka,New Wanderers Stadium,0.6,0.75,0.6,0.75,0.6,0.75,0.5,5,4,1.0,1,0
287864,2007-09-15,South Africa,Bangladesh,Newlands,0.4,0.6666666666666666,0.4,0.6666666666666666,0.4,0.6666666666666666,0.5,5,3,0.5,1,1
287865,2007-09-16,India,New Zealand,New Wanderers Stadium,1.0,0.5,1.0,0.6,1.0,0.5,0.5,1,6,1.0,1,0
287866,2007-09-16,Australia,Bangladesh,Newlands,0.5714285714285714,0.5,0.6,0.5,0.5714285714285714,0.5,0.5,7,4,0.5,1,1
287867,2007-09-16,South Africa,England,Newlands,0.5,0.375,0.6,0.4,0.5,0.375,0.5,6,8,1.0,1,1
287868,2007-09-17,Pakistan,Sri Lanka,New Wanderers Stadium,1.0,0.8,1.0,0.8,1.0,0.8,0.5,4,5,0.5,1,1
287869,2007-09-18,England,New Zealand,Kingsmead,0.3333333333333333,0.5714285714285714,0.4,0.6,0.3333333333333333,0.5714285714285714,0.5,9,7,0.5,1,0
287870,2007-09-18,Australia,Pakistan,New Wanderers Stadium,0.625,1.0,0.6,1.0,0.625,1.0,0.5,8,5,0.0,1,0
287871,2007-09-18,Bangladesh,Sri Lanka,New Wanderers Stadium,0.4,0.6666666666666666,0.4,0.6,0.4,0.6666666666666666,0.5,5,6,1.0,1,0
287872,2007-09-19,South Africa,New Zealand,Kingsmead,0.5714285714285714,0.625,0.8,0.8,0.5714285714285714,0.625,0.0,7,8,0.5,1,1
287873,2007-09-19,England,India,Kingsmead,0.3,0.5,0.4,0.5,0.3,0.5,0.5,10,2,0.0,1,0
287874,2007-09-20,Australia,Sri Lanka,Newlands,0.5555555555555556,0.7142857142857143,0.6,0.6,0.5555555555555556,0.7142857142857143,0.5,9,7,0.6666666666666666,1,1
287875,2007-09-20,Bangladesh,Pakistan,Newlands,0.3333333333333333,1.0,0.2,1.0,0.3333333333333333,1.0,0.0,6,6,0.0,1,0
287876,2007-09-20,South Africa,India,Kingsmead,0.625,0.6666666666666666,0.8,0.6666666666666666,0.625,0.6666666666666666,0.0,8,3,1.0,1,0
287877,2007-09-22,New Zealand,Pakistan,Newlands,0.5555555555555556,1.0,0.6,1.0,0.5555555555555556,1.0,0.5,9,7,0.5,1,0
287878,2007-09-22,Australia,India,Kingsmead,0.6,0.75,0.6,0.75,0.6,0.75,0.5,10,4,0.5,1,0
287879,2007-09-24,India,Pakistan,New Wanderers Stadium,0.8,1.0,0.8,1.0,0.8,1.0,0.5,5,8,0.5,1,1
297800,2007-10-20,India,Australia,Brabourne Stadium,0.8333333333333334,0.5454545454545454,0.8,0.6,0.8333333333333334,0.5,1.0,6,11,0.5,1,1
298795,2007-11-23,South Africa,New Zealand,New Wanderers Stadium,0.5555555555555556,0.5,0.8,0.4,0.5555555555555556,0.5,0.5,9,10,0.5,1,1
291343,2007-12-11,Australia,New Zealand,Western Australia Cricket Association Ground,0.5,0.45454545454545453,0.4,0.4,0.5,0.5,1.0,12,11,0.5,1,1
319112,2007-12-16,South Africa,West Indies,St George's Park,0.6,0.25,0.8,0.25,0.6,0.25,1.0,10,4,0.5,1,0
298804,2008-01-18,South Africa,West Indies,New Wanderers Stadium,0.5454545454545454,0.4,0.6,0.4,0.6,0.4,0.5,11,5,0.6,1,1
291356,2008-02-01,Australia,India,Melbourne Cricket Ground,0.5384615384615384,0.8571428571428571,0.4,1.0,0.5,0.8571428571428571,0.0,13,7,0.5,1,1
300435,2008-02-05,New Zealand,England,Eden Park,0.4166666666666667,0.2727272727272727,0.2,0.2,0.4,0.2,1.0,12,11,0.5,1,0
300436,2008-02-07,New Zealand,England,Jade Stadium,0.38461538461538464,0.3333333333333333,0.0,0.2,0.4,0.3,0.5,13,12,0.5,1,0
343764,2008-04-20,Pakistan,Bangladesh,National Stadium,0.8888888888888888,0.2857142857142857,0.8,0.2,0.8888888888888888,0.2857142857142857,1.0,9,7,0.5,1,1
296903,2008-06-13,England,New Zealand,Old Trafford,0.38461538461538464,0.35714285714285715,0.4,0.0,0.4,0.3,0.6666666666666666,13,14,0.5,1,1
319142,2008-06-20,West Indies,Australia,"Kensington Oval, Bridgetown",0.3333333333333333,0.5714285714285714,0.2,0.6,0.3333333333333333,0.6,0.5,6,14,0.5,1,1
354456,2008-08-03,Bermuda,Scotland,"Civil Service Cricket Club, Stormont",0.5,0.0,0.5,0.0,0.5,0.0,0.5,0,1,0.5,0,0
361531,2008-08-04,Netherlands,Scotland,"Civil Service Cricket Club, Stormont",0.5,0.5,0.5,0.5,0.5,0.5,0.5,0,2,0.5,0,1
361530,2008-08-04,Ireland,Kenya,"Civil Service Cricket Club, Stormont",0.5,0.0,0.5,0.0,0.5,0.0,0.5,0,4,0.5,0,1
361656,2008-10-11,Pakistan,Sri Lanka,Maple Leaf North-West Ground,0.9,0.625,0.8,0.6,0.9,0.625,1.0,10,8,0.5,1,1
361660,2008-10-13,Pakistan,Sri Lanka,Maple Leaf North-West Ground,0.9090909090909091,0.5555555555555556,0.8,0.4,0.9,0.5555555555555556,1.0,11,9,1.0,1,0
350347,2008-11-05,South Africa,Bangladesh,New Wanderers Stadium,0.5833333333333334,0.25,0.6,0.0,0.7,0.25,1.0,12,8,0.6666666666666666,1,1
366708,2008-12-28,New Zealand,West Indies,Seddon Park,0.3333333333333333,0.42857142857142855,0.0,0.4,0.2,0.42857142857142855,0.5,15,7,0.5,1,1
351694,2009-01-11,Australia,South Africa,Melbourne Cricket Ground,0.5333333333333333,0.6153846153846154,0.4,0.6,0.5,0.7,0.5,15,13,1.0,1,1
351695,2009-01-13,Australia,South Africa,"Brisbane Cricket Ground, Woolloongabba",0.5625,0.5714285714285714,0.6,0.6,0.6,0.7,0.6666666666666666,16,14,1.0,1,1
386535,2009-02-10,Sri Lanka,India,R Premadasa Stadium,0.6,0.75,0.4,0.8,0.6,0.75,0.5,10,8,0.5,1,0
351696,2009-02-15,Australia,New Zealand,Sydney Cricket Ground,0.5882352941176471,0.375,0.8,0.2,0.6,0.3,1.0,17,16,1.0,1,1
386494,2009-02-25,New Zealand,India,AMI Stadium,0.35294117647058826,0.7777777777777778,0.2,0.8,0.2,0.7777777777777778,1.0,17,9,0.5,1,1
366622,2009-02-27,New Zealand,India,Westpac Stadium,0.3888888888888889,0.7,0.4,0.6,0.2,0.7,1.0,18,10,0.0,1,1
352674,2009-03-15,West Indies,England,"Queen's Park Oval, Port of Spain",0.375,0.42857142857142855,0.4,0.6,0.375,0.5,0.5,8,14,0.5,1,1
350475,2009-03-27,South Africa,Australia,New Wanderers Stadium,0.5333333333333333,0.6111111111111112,0.4,0.8,0.6,0.6,0.25,15,18,0.7142857142857143,1,1
350476,2009-03-29,South Africa,Australia,SuperSport Park,0.5625,0.5789473684210527,0.6,0.6,0.6,0.6,0.4,16,19,0.5,1,1
392615,2009-05-07,Australia,Pakistan,Dubai International Cricket Stadium,0.55,0.8333333333333334,0.6,0.6,0.5,0.8,0.0,20,12,0.5,1,0
355991,2009-06-05,England,Netherlands,Lord's,0.4,1.0,0.6,1.0,0.5,1.0,0.5,15,1,0.5,1,0
355992,2009-06-06,New Zealand,Scotland,Kennington Oval,0.42105263157894735,0.3333333333333333,0.6,0.3333333333333333,0.3,0.3333333333333333,0.5,19,3,0.5,1,1
355993,2009-06-06,Australia,West Indies,Kennington Oval,0.5238095238095238,0.4444444444444444,0.4,0.6,0.5,0.4444444444444444,0.0,21,9,0.5,1,0
355994,2009-06-06,Bangladesh,India,Trent Bridge,0.2222222222222222,0.6363636363636364,0.0,0.4,0.2222222222222222,0.6,0.5,9,11,0.5,1,0
355995,2009-06-07,Scotland,South Africa,Kennington Oval,0.25,0.5882352941176471,0.25,0.6,0.25,0.6,0.5,4,17,0.0,1,0
355996,2009-06-07,England,Pakistan,Kennington Oval,0.375,0.8461538461538461,0.6,0.6,0.4,0.8,0.0,16,13,0.5,1,1
355998,2009-06-08,Australia,Sri Lanka,Trent Bridge,0.5,0.5454545454545454,0.2,0.4,0.5,0.5,1.0,22,11,0.5,1,0
355997,2009-06-08,Bangladesh,Ireland,Trent Bridge,0.2,1.0,0.0,1.0,0.2,1.0,0.5,10,1,0.0,1,0
355999,2009-06-09,Netherlands,Pakistan,Lord's,1.0,0.7857142857142857,1.0,0.6,1.0,0.7,0.5,2,14,1.0,1,0
356000,2009-06-09,New Zealand,South Africa,Lord's,0.45,0.6111111111111112,0.8,0.6,0.4,0.6,0.3333333333333333,20,18,0.5,1,0
356001,2009-06-10,India,Ireland,Trent Bridge,0.6666666666666666,1.0,0.4,1.0,0.7,1.0,0.5,12,2,1.0,1,1
356002,2009-06-10,Sri Lanka,West Indies,Trent Bridge,0.5833333333333334,0.5,0.4,0.6,0.5,0.5,0.5,12,10,1.0,1,1
356003,2009-06-11,Ireland,New Zealand,Trent Bridge,0.6666666666666666,0.42857142857142855,0.6666666666666666,0.6,0.6666666666666666,0.4,0.5,3,21,0.5,1,0
356004,2009-06-11,England,South Africa,Trent Bridge,0.4117647058823529,0.631578947368421,0.6,0.8,0.4,0.7,0.0,17,19,0.5,1,0
356005,2009-06-12,Pakistan,Sri Lanka,Lord's,0.8,0.6153846153846154,0.6,0.6,0.7,0.6,0.6666666666666666,15,13,1.0,1,0
356006,2009-06-12,India,West Indies,Lord's,0.6923076923076923,0.45454545454545453,0.6,0.6,0.7,0.4,0.5,13,11,0.5,1,0
356008,2009-06-13,New Zealand,Pakistan,Kennington Oval,0.45454545454545453,0.75,0.8,0.4,0.5,0.6,0.0,22,16,1.0,1,0
356007,2009-06-13,South Africa,West Indies,Kennington Oval,0.65,0.5,1.0,0.6,0.7,0.5,0.6666666666666666,20,12,1.0,1,1
356009,2009-06-14,Ireland,Sri Lanka,Lord's,0.5,0.6428571428571429,0.5,0.8,0.5,0.6,0.5,4,14,0.5,1,0
356010,2009-06-14,England,India,Lord's,0.3888888888888889,0.6428571428571429,0.4,0.4,0.4,0.6,0.0,18,14,0.0,1,1
356011,2009-06-15,England,West Indies,Kennington Oval,0.42105263157894735,0.46153846153846156,0.4,0.6,0.5,0.5,0.3333333333333333,19,13,0.6666666666666666,1,0
356012,2009-06-15,Ireland,Pakistan,Kennington Oval,0.4,0.7647058823529411,0.4,0.6,0.4,0.6,0.5,5,17,0.5,1,0
356014,2009-06-16,India,South Africa,Trent Bridge,0.6,0.6666666666666666,0.4,1.0,0.5,0.8,1.0,15,21,1.0,1,0
356013,2009-06-16,New Zealand,Sri Lanka,Trent Bridge,0.43478260869565216,0.6666666666666666,0.6,0.8,0.5,0.6,0.3333333333333333,23,15,1.0,1,0
356015,2009-06-18,Pakistan,South Africa,Trent Bridge,0.7777777777777778,0.6818181818181818,0.6,1.0,0.6,0.8,0.5,18,22,0.5,1,1
355988,2009-06-18,India,New Zealand,Trent Bridge,0.5625,0.4166666666666667,0.4,0.4,0.4,0.5,0.0,16,24,0.6666666666666666,1,0
356016,2009-06-19,Sri Lanka,West Indies,Kennington Oval,0.6875,0.5,1.0,0.6,0.7,0.6,1.0,16,14,0.5,1,1
355989,2009-06-19,England,Australia,Kennington Oval,0.4,0.4782608695652174,0.4,0.0,0.5,0.4,0.3333333333333333,20,23,0.5,1,1
356017,2009-06-21,Pakistan,Sri Lanka,Lord's,0.7894736842105263,0.7058823529411765,0.8,1.0,0.7,0.7,0.5,19,17,0.5,1,1
391794,2009-06-25,England,Australia,County Ground,0.42857142857142855,0.4583333333333333,0.6,0.0,0.6,0.3,0.5,21,24,0.0,1,0
401076,2009-08-02,West Indies,Bangladesh,"Warner Park, Basseterre",0.4666666666666667,0.18181818181818182,0.4,0.0,0.5,0.1,0.0,15,11,0.5,1,1
403375,2009-08-12,Sri Lanka,Pakistan,R Premadasa Stadium,0.6666666666666666,0.8,0.8,0.8,0.7,0.7,0.4,18,20,0.0,1,0
403385,2009-09-02,Sri Lanka,New Zealand,R Premadasa Stadium,0.631578947368421,0.44,0.6,0.4,0.7,0.6,0.75,19,25,0.0,1,0
403386,2009-09-04,Sri Lanka,New Zealand,R Premadasa Stadium,0.6,0.46153846153846156,0.4,0.6,0.6,0.6,0.6,20,26,0.0,1,0
423391,2009-10-28,South Africa,West Indies,Boland Bank Park,0.6521739130434783,0.5,0.8,0.6,0.7,0.6,0.75,23,16,0.5,1,0
426723,2009-11-12,New Zealand,Pakistan,Dubai International Cricket Stadium,0.48148148148148145,0.8095238095238095,0.6,1.0,0.7,0.7,0.0,27,21,0.5,1,0
426724,2009-11-13,New Zealand,Pakistan,Dubai International Cricket Stadium,0.4642857142857143,0.8181818181818182,0.6,1.0,0.6,0.8,0.0,28,22,0.0,1,0
387563,2009-11-13,South Africa,England,New Wanderers Stadium,0.625,0.4090909090909091,0.6,0.4,0.7,0.5,1.0,24,22,0.75,1,0
387564,2009-11-15,South Africa,England,SuperSport Park,0.6,0.43478260869565216,0.4,0.6,0.7,0.5,0.6666666666666666,25,23,1.0,1,1
430884,2009-12-09,India,Sri Lanka,"Vidarbha Cricket Association Stadium, Jamtha",0.5294117647058824,0.5714285714285714,0.2,0.2,0.3,0.6,1.0,17,21,0.5,1,0
430885,2009-12-12,India,Sri Lanka,"Punjab Cricket Association Stadium, Mohali",0.5,0.5909090909090909,0.0,0.2,0.3,0.6,0.5,18,22,0.5,1,1
423782,2010-02-03,New Zealand,Bangladesh,Seddon Park,0.4482758620689655,0.16666666666666666,0.6,0.0,0.5,0.1,0.5,29,12,1.0,1,1
406207,2010-02-05,Australia,Pakistan,Melbourne Cricket Ground,0.48,0.8260869565217391,0.2,1.0,0.4,0.8,0.0,25,23,1.0,1,1
439497,2010-02-09,Canada,Netherlands,Dubai International Cricket Stadium,0.5,0.6666666666666666,0.5,0.6666666666666666,0.5,0.6666666666666666,0.5,0,3,0.5,0,0
439499,2010-02-10,Canada,Kenya,Dubai International Cricket Stadium,0.0,0.0,0.0,0.0,0.0,0.0,0.5,1,5,0.0,1,0
439505,2010-02-11,Ireland,Scotland,Dubai International Cricket Stadium,0.3333333333333333,0.2,0.2,0.2,0.3333333333333333,0.2,0.5,6,5,0.5,1,1
439510,2010-02-13,Ireland,Netherlands,Dubai International Cricket Stadium,0.42857142857142855,0.75,0.2,0.75,0.42857142857142855,0.75,0.5,7,4,1.0,1,1
440945,2010-02-19,England,Pakistan,Dubai International Cricket Stadium,0.4166666666666667,0.7916666666666666,0.4,0.8,0.4,0.8,0.5,24,24,0.5,1,1
440946,2010-02-20,England,Pakistan,Dubai International Cricket Stadium,0.44,0.76,0.6,0.6,0.5,0.7,0.6666666666666666,25,25,1.0,1,0
406197,2010-02-21,Australia,West Indies,Bellerive Oval,0.5,0.5294117647058824,0.4,0.6,0.4,0.6,0.0,26,17,0.5,1,1
406198,2010-02-23,Australia,West Indies,Sydney Cricket Ground,0.5185185185185185,0.5,0.6,0.6,0.4,0.6,0.3333333333333333,27,18,1.0,1,1
423787,2010-02-26,New Zealand,Australia,Westpac Stadium,0.4666666666666667,0.5357142857142857,0.6,0.8,0.5,0.4,0.0,30,28,0.5,1,0
439139,2010-02-28,West Indies,Zimbabwe,"Queen's Park Oval, Port of Spain",0.47368421052631576,0.5,0.4,0.5,0.5,0.5,0.5,19,2,1.0,1,0
412677,2010-04-30,West Indies,Ireland,Providence Stadium,0.45,0.5,0.4,0.4,0.4,0.5,0.5,20,8,0.5,1,1
412678,2010-04-30,New Zealand,Sri Lanka,Providence Stadium,0.45161290322580644,0.5652173913043478,0.4,0.2,0.5,0.5,0.5,31,23,0.5,1,1
412680,2010-05-01,Bangladesh,Pakistan,"Beausejour Stadium, Gros Islet",0.15384615384615385,0.7692307692307693,0.0,0.6,0.0,0.8,0.0,13,26,0.5,1,0
412682,2010-05-02,India,South Africa,"Beausejour Stadium, Gros Islet",0.5263157894736842,0.6153846153846154,0.2,0.4,0.3,0.7,0.6666666666666666,19,26,0.5,1,1
412683,2010-05-02,Australia,Pakistan,"Beausejour Stadium, Gros Islet",0.5517241379310345,0.7777777777777778,1.0,0.6,0.5,0.8,0.3333333333333333,29,27,0.5,1,1
412685,2010-05-03,West Indies,England,Providence Stadium,0.47619047619047616,0.4230769230769231,0.4,0.4,0.5,0.5,0.75,21,26,1.0,1,1
412686,2010-05-03,Sri Lanka,Zimbabwe,Providence Stadium,0.5416666666666666,0.6666666666666666,0.2,0.6666666666666666,0.4,0.6666666666666666,0.5,24,3,0.0,1,1
412684,2010-05-04,New Zealand,Zimbabwe,Providence Stadium,0.46875,0.5,0.4,0.5,0.5,0.5,0.5,32,4,1.0,1,1
412688,2010-05-05,Australia,Bangladesh,"Kensington Oval, Bridgetown",0.5666666666666667,0.14285714285714285,1.0,0.0,0.6,0.0,1.0,30,14,0.0,1,1
412689,2010-05-06,England,Pakistan,"Kensington Oval, Bridgetown",0.4074074074074074,0.75,0.4,0.4,0.4,0.7,0.5,27,28,0.5,1,1
412690,2010-05-06,New Zealand,South Africa,"Kensington Oval, Bridgetown",0.48484848484848486,0.5925925925925926,0.6,0.2,0.6,0.6,0.25,33,27,0.5,1,0
412692,2010-05-07,West Indies,Sri Lanka,"Kensington Oval, Bridgetown",0.5,0.56,0.4,0.4,0.5,0.4,0.0,22,25,1.0,1,0
412691,2010-05-07,Australia,India,"Kensington Oval, Bridgetown",0.5806451612903226,0.55,1.0,0.4,0.7,0.4,0.3333333333333333,31,20,0.5,1,1
412693,2010-05-08,New Zealand,Pakistan,"Kensington Oval, Bridgetown",0.47058823529411764,0.7241379310344828,0.6,0.4,0.6,0.6,0.0,34,29,0.0,1,1
412694,2010-05-08,England,South Africa,"Kensington Oval, Bridgetown",0.42857142857142855,0.6071428571428571,0.4,0.4,0.5,0.6,0.25,28,28,1.0,1,1
412695,2010-05-09,West Indies,India,"Kensington Oval, Bridgetown",0.4782608695652174,0.5238095238095238,0.4,0.4,0.5,0.4,1.0,23,21,0.5,1,1
412696,2010-05-09,Australia,Sri Lanka,"Kensington Oval, Bridgetown",0.59375,0.5769230769230769,1.0,0.6,0.8,0.4,0.5,32,26,0.6666666666666666,1,1
412697,2010-05-10,Pakistan,South Africa,"Beausejour Stadium, Gros Islet",0.7,0.5862068965517241,0.4,0.4,0.5,0.5,1.0,30,29,0.5,1,1
412698,2010-05-10,England,New Zealand,"Beausejour Stadium, Gros Islet",0.4482758620689655,0.4857142857142857,0.6,0.6,0.5,0.6,0.75,29,35,0.5,1,1
412699,2010-05-11,India,Sri Lanka,"Beausejour Stadium, Gros Islet",0.5,0.5555555555555556,0.4,0.4,0.3,0.3,0.6666666666666666,22,27,1.0,1,0
412700,2010-05-11,West Indies,Australia,"Beausejour Stadium, Gros Islet",0.5,0.6060606060606061,0.6,1.0,0.5,0.9,0.5,24,33,0.5,1,0
412701,2010-05-13,England,Sri Lanka,"Beausejour Stadium, Gros Islet",0.4666666666666667,0.5714285714285714,0.6,0.6,0.6,0.4,0.0,30,28,1.0,1,1
412716,2010-05-13,Australia,India,"Beausejour Stadium, Gros Islet",0.6176470588235294,0.4782608695652174,1.0,0.4,1.0,0.2,0.5,34,23,1.0,1,1
412702,2010-05-14,Australia,Pakistan,"Beausejour Stadium, Gros Islet",0.6285714285714286,0.7096774193548387,1.0,0.4,1.0,0.5,0.5,35,31,1.0,1,1
412717,2010-05-14,West Indies,New Zealand,"Beausejour Stadium, Gros Islet",0.48,0.4722222222222222,0.6,0.6,0.5,0.5,0.0,25,36,0.0,1,0
412703,2010-05-16,Australia,England,"Kensington Oval, Bridgetown",0.6388888888888888,0.4838709677419355,1.0,0.8,1.0,0.6,0.6,36,31,0.75,1,0
412718,2010-05-16,Australia,New Zealand,"Kensington Oval, Bridgetown",0.6216216216216216,0.4864864864864865,0.8,0.6,0.9,0.5,1.0,37,37,0.6,1,1
439146,2010-05-19,West Indies,South Africa,"Sir Vivian Richards Stadium, North Sound",0.46153846153846156,0.5666666666666667,0.4,0.4,0.4,0.4,0.4,26,30,0.5,1,0
447539,2010-05-20,West Indies,South Africa,"Sir Vivian Richards Stadium, North Sound",0.4444444444444444,0.5806451612903226,0.2,0.4,0.3,0.4,0.3333333333333333,27,31,0.0,1,0
456991,2010-05-22,New Zealand,Sri Lanka,Central Broward Regional Park Stadium Turf Ground,0.47368421052631576,0.5517241379310345,0.4,0.6,0.5,0.4,0.5714285714285714,38,29,0.5,1,1
456992,2010-05-23,New Zealand,Sri Lanka,Central Broward Regional Park Stadium Turf Ground,0.48717948717948717,0.5333333333333333,0.6,0.4,0.6,0.4,0.625,39,30,1.0,1,0
452153,2010-06-12,Zimbabwe,India,Harare Sports Club,0.4,0.4583333333333333,0.4,0.2,0.4,0.2,0.5,5,24,0.5,1,0
452154,2010-06-13,Zimbabwe,India,Harare Sports Club,0.3333333333333333,0.48,0.2,0.2,0.3333333333333333,0.3,0.0,6,25,0.0,1,0
426392,2010-07-05,Australia,Pakistan,Edgbaston,0.631578947368421,0.6875,0.8,0.2,0.9,0.4,0.6,38,32,0.5,1,0
426393,2010-07-06,Australia,Pakistan,Edgbaston,0.6153846153846154,0.696969696969697,0.6,0.4,0.8,0.4,0.5,39,33,0.0,1,0
426417,2010-09-05,England,Pakistan,Sophia Gardens,0.5,0.7058823529411765,1.0,0.6,0.7,0.5,0.6,32,34,0.5,1,1
426418,2010-09-07,England,Pakistan,Sophia Gardens,0.5151515151515151,0.6857142857142857,1.0,0.6,0.7,0.5,0.6666666666666666,33,35,1.0,1,1
463141,2010-10-08,South Africa,Zimbabwe,OUTsurance Oval,0.59375,0.2857142857142857,0.6,0.2,0.4,0.2857142857142857,0.5,32,7,0.5,1,1
463142,2010-10-10,South Africa,Zimbabwe,De Beers Diamond Oval,0.6060606060606061,0.25,0.6,0.0,0.5,0.25,1.0,33,8,0.5,1,1
478279,2010-10-26,Pakistan,South Africa,Sheikh Zayed Stadium,0.6666666666666666,0.6176470588235294,0.4,0.8,0.4,0.6,1.0,36,34,0.5,1,0
461565,2010-10-27,Pakistan,South Africa,Sheikh Zayed Stadium,0.6486486486486487,0.6285714285714286,0.4,1.0,0.3,0.7,0.6666666666666666,37,35,0.0,1,0
446956,2010-10-31,Australia,Sri Lanka,Western Australia Cricket Association Ground,0.6,0.5483870967741935,0.4,0.4,0.7,0.5,0.6666666666666666,40,31,1.0,1,0
473918,2010-12-26,New Zealand,Pakistan,Eden Park,0.475,0.631578947368421,0.4,0.2,0.5,0.3,0.2,40,38,0.3333333333333333,1,1
473919,2010-12-28,New Zealand,Pakistan,Seddon Park,0.4878048780487805,0.6153846153846154,0.6,0.0,0.6,0.3,0.3333333333333333,41,39,1.0,1,1
473920,2010-12-30,New Zealand,Pakistan,AMI Stadium,0.5,0.6,0.6,0.0,0.6,0.3,0.42857142857142855,42,40,1.0,1,0
476947,2010-12-30,New Zealand,Australia,Saxton Oval,0.4883720930232558,0.5853658536585366,0.6,0.2,0.5,0.6,0.0,43,41,0.5,1,0
463149,2011-01-09,South Africa,India,Moses Mabhida Stadium,0.6388888888888888,0.5,1.0,0.4,0.7,0.4,0.25,36,26,0.5,1,0
446960,2011-01-12,Australia,England,Adelaide Oval,0.5952380952380952,0.5294117647058824,0.4,1.0,0.6,0.8,0.5,42,34,0.5,1,0
446961,2011-01-14,Australia,England,Melbourne Cricket Ground,0.5813953488372093,0.5428571428571428,0.2,1.0,0.5,0.8,0.42857142857142855,43,35,1.0,1,1
489212,2011-04-21,West Indies,Pakistan,"Beausejour Stadium, Gros Islet",0.42857142857142855,0.6097560975609756,0.2,0.2,0.3,0.3,0.5,28,41,0.0,1,1
489220,2011-06-04,West Indies,India,"Queen's Park Oval, Port of Spain",0.4482758620689655,0.5185185185185185,0.2,0.6,0.4,0.5,1.0,29,27,0.5,1,0
474466,2011-06-25,England,Sri Lanka,County Ground,0.5277777777777778,0.5625,0.8,0.6,0.8,0.5,0.5,36,32,0.0,1,0
492547,2011-06-26,England,India,County Ground,0.5135135135135135,0.5357142857142857,0.6,0.8,0.8,0.6,0.5,37,28,0.0,1,1
516204,2011-08-06,Sri Lanka,Australia,Pallekele International Cricket Stadium,0.5757575757575758,0.5909090909090909,0.6,0.4,0.6,0.5,0.5,33,44,0.5,1,1
516205,2011-08-08,Sri Lanka,Australia,Pallekele International Cricket Stadium,0.5882352941176471,0.5777777777777777,0.8,0.4,0.7,0.4,0.6,34,45,1.0,1,1
474476,2011-08-31,England,India,Old Trafford,0.5263157894736842,0.5172413793103449,0.6,0.8,0.8,0.5,0.6666666666666666,38,29,1.0,1,1
523735,2011-09-16,Zimbabwe,Pakistan,Harare Sports Club,0.2222222222222222,0.5952380952380952,0.0,0.2,0.2222222222222222,0.3,0.5,9,42,0.0,1,0
523736,2011-09-18,Zimbabwe,Pakistan,Harare Sports Club,0.2,0.6046511627906976,0.0,0.4,0.2,0.3,0.0,10,43,0.0,1,0
525816,2011-09-23,England,West Indies,Kennington Oval,0.5384615384615384,0.43333333333333335,0.6,0.2,0.8,0.4,0.2,39,30,0.6,1,1
525817,2011-09-25,England,West Indies,Kennington Oval,0.55,0.41935483870967744,0.6,0.2,0.8,0.3,0.3333333333333333,40,31,0.6666666666666666,1,0
531982,2011-10-11,Bangladesh,West Indies,Shere Bangla National Stadium,0.13333333333333333,0.4375,0.0,0.4,0.0,0.3,0.5,15,32,0.5,1,1
514023,2011-10-13,South Africa,Australia,Newlands,0.6216216216216216,0.5652173913043478,0.8,0.4,0.7,0.3,0.5,37,46,1.0,1,0
527012,2011-10-15,Zimbabwe,New Zealand,Harare Sports Club,0.18181818181818182,0.4772727272727273,0.0,0.4,0.1,0.5,0.0,11,44,0.0,1,0
514024,2011-10-16,South Africa,Australia,New Wanderers Stadium,0.6052631578947368,0.574468085106383,0.6,0.4,0.6,0.4,0.42857142857142855,38,47,0.6666666666666666,1,1
527013,2011-10-17,Zimbabwe,New Zealand,Harare Sports Club,0.16666666666666666,0.4888888888888889,0.0,0.6,0.1,0.5,0.0,12,45,0.0,1,0
521217,2011-10-29,India,England,Eden Gardens,0.5,0.5365853658536586,0.6,0.6,0.4,0.7,0.25,30,41,0.5,1,0
530432,2011-11-25,Pakistan,Sri Lanka,Sheikh Zayed Stadium,0.6136363636363636,0.6,0.6,1.0,0.3,0.7,0.6666666666666666,44,35,0.0,1,1
538068,2011-11-29,Bangladesh,Pakistan,Shere Bangla National Stadium,0.1875,0.6222222222222222,0.2,0.8,0.1,0.4,0.0,16,45,1.0,1,0
518954,2012-02-01,Australia,India,Stadium Australia,0.5625,0.4838709677419355,0.4,0.4,0.3,0.4,0.6,48,31,0.5,1,1
518955,2012-02-03,Australia,India,Melbourne Cricket Ground,0.5714285714285714,0.46875,0.4,0.2,0.4,0.4,0.6666666666666666,49,32,1.0,1,0
520595,2012-02-11,New Zealand,Zimbabwe,Eden Park,0.5,0.15384615384615385,0.6,0.0,0.6,0.0,1.0,46,13,0.5,1,1
520596,2012-02-14,New Zealand,Zimbabwe,Seddon Park,0.5106382978723404,0.14285714285714285,0.6,0.0,0.6,0.0,1.0,47,14,1.0,1,1
520597,2012-02-17,New Zealand,South Africa,Westpac Stadium,0.5208333333333334,0.6153846153846154,0.8,0.6,0.7,0.7,0.2,48,39,0.3333333333333333,1,1
527688,2012-02-17,New Zealand,England,Westpac Stadium,0.5306122448979592,0.5476190476190477,1.0,0.8,0.7,0.7,0.2,49,42,0.5,1,0
520598,2012-02-19,New Zealand,South Africa,Seddon Park,0.52,0.6,0.8,0.4,0.7,0.7,0.3333333333333333,50,40,1.0,1,0
527689,2012-02-19,New Zealand,England,Seddon Park,0.5098039215686274,0.5581395348837209,0.6,0.8,0.6,0.7,0.16666666666666666,51,43,0.8,1,0
527690,2012-02-22,New Zealand,England,Eden Park,0.5,0.5681818181818182,0.4,0.8,0.5,0.7,0.14285714285714285,52,44,0.6,1,0
543883,2012-02-22,Kenya,Ireland,Mombasa Sports Club Ground,0.16666666666666666,0.4444444444444444,0.2,0.4,0.16666666666666666,0.4444444444444444,0.0,6,9,0.5,1,0
520599,2012-02-22,New Zealand,South Africa,Eden Park,0.49056603773584906,0.6097560975609756,0.2,0.4,0.5,0.7,0.2857142857142857,53,41,0.5,1,0
543884,2012-02-23,Kenya,Ireland,Mombasa Sports Club Ground,0.14285714285714285,0.5,0.2,0.6,0.14285714285714285,0.5,0.0,7,10,0.0,1,0
531635,2012-02-23,England,Pakistan,Dubai International Cricket Stadium,0.5777777777777777,0.6304347826086957,0.8,0.8,0.7,0.5,0.7142857142857143,45,46,0.5,1,0
543885,2012-02-24,Kenya,Ireland,Mombasa Sports Club Ground,0.125,0.5454545454545454,0.2,0.8,0.125,0.5,0.0,8,11,0.0,1,0
531636,2012-02-25,England,Pakistan,Dubai International Cricket Stadium,0.5652173913043478,0.6382978723404256,0.8,1.0,0.7,0.6,0.625,46,47,0.3333333333333333,1,1
531637,2012-02-27,England,Pakistan,Sheikh Zayed Stadium,0.574468085106383,0.625,0.8,0.8,0.8,0.6,0.6666666666666666,47,48,0.5,1,1
546410,2012-03-13,Canada,Netherlands,Dubai International Cricket Stadium,0.0,0.6,0.0,0.6,0.0,0.6,0.0,2,5,0.0,1,0
546414,2012-03-14,Ireland,Kenya,Dubai International Cricket Stadium,0.5833333333333334,0.1111111111111111,0.8,0.2,0.5,0.1111111111111111,1.0,12,9,1.0,1,1
546442,2012-03-18,Ireland,Scotland,Dubai International Cricket Stadium,0.6153846153846154,0.16666666666666666,0.8,0.2,0.6,0.16666666666666666,1.0,13,6,1.0,1,1
546462,2012-03-22,Canada,Ireland,Dubai International Cricket Stadium,0.0,0.6428571428571429,0.0,1.0,0.0,0.7,0.5,3,14,0.0,1,0
546470,2012-03-23,Ireland,Netherlands,Dubai International Cricket Stadium,0.6666666666666666,0.6666666666666666,1.0,0.6,0.8,0.6666666666666666,1.0,15,6,1.0,1,1
546473,2012-03-23,Canada,Scotland,Dubai International Cricket Stadium,0.0,0.14285714285714285,0.0,0.0,0.0,0.14285714285714285,0.5,4,7,0.0,1,0
540173,2012-03-27,West Indies,Australia,"Beausejour Stadium, Gros Islet",0.42424242424242425,0.56,0.4,0.4,0.3,0.4,0.4,33,50,0.3333333333333333,1,0
540174,2012-03-30,West Indies,Australia,"Kensington Oval, Bridgetown",0.4117647058823529,0.5686274509803921,0.2,0.6,0.2,0.5,0.3333333333333333,34,51,0.6666666666666666,1,1
556252,2012-03-30,South Africa,India,New Wanderers Stadium,0.6190476190476191,0.48484848484848486,0.6,0.2,0.7,0.5,0.2,42,33,0.7,1,1
562437,2012-06-01,Sri Lanka,Pakistan,"Mahinda Rajapaksa International Cricket Stadium, Sooriyawewa",0.5833333333333334,0.6122448979591837,0.8,0.6,0.6,0.6,0.2857142857142857,36,49,0.5,1,1
562438,2012-06-03,Sri Lanka,Pakistan,"Mahinda Rajapaksa International Cricket Stadium, Sooriyawewa",0.5945945945945946,0.6,0.8,0.4,0.7,0.6,0.375,37,50,1.0,1,0
534208,2012-06-24,England,West Indies,Trent Bridge,0.5833333333333334,0.42857142857142855,0.8,0.4,0.8,0.3,0.2857142857142857,48,35,0.0,1,1
542850,2012-06-26,England,India,St Lawrence Ground,0.5918367346938775,0.47058823529411764,0.8,0.2,0.8,0.5,0.8,49,34,0.5,1,1
542851,2012-06-28,England,India,County Ground,0.6,0.45714285714285713,0.8,0.2,0.8,0.4,0.8333333333333334,50,35,0.25,1,1
560921,2012-06-30,New Zealand,West Indies,Central Broward Regional Park Stadium Turf Ground,0.48148148148148145,0.4166666666666667,0.0,0.4,0.5,0.3,1.0,54,36,0.5,1,0
560922,2012-07-01,New Zealand,West Indies,Central Broward Regional Park Stadium Turf Ground,0.4727272727272727,0.43243243243243246,0.0,0.4,0.4,0.4,0.6666666666666666,55,37,0.3333333333333333,1,0
567071,2012-07-18,Ireland,Bangladesh,"Civil Service Cricket Club, Stormont",0.6875,0.17647058823529413,1.0,0.2,0.9,0.1,1.0,16,17,1.0,1,0
567205,2012-07-25,Netherlands,Bangladesh,Sportpark Westvliet,0.5714285714285714,0.2222222222222222,0.4,0.4,0.5714285714285714,0.2,0.5,7,18,0.5,1,0
573672,2012-07-26,Netherlands,Bangladesh,Sportpark Westvliet,0.5,0.2631578947368421,0.4,0.6,0.5,0.3,0.0,8,19,0.0,1,1
564786,2012-08-07,Sri Lanka,India,Pallekele International Cricket Stadium,0.5789473684210527,0.4444444444444444,0.6,0.2,0.6,0.3,0.5,38,36,1.0,1,0
565844,2012-09-04,England,Pakistan,Haslegrave Ground,0.6078431372549019,0.6078431372549019,1.0,0.4,0.9,0.6,0.7,51,51,0.5,1,1
571148,2012-09-05,Australia,Pakistan,Dubai International Cricket Stadium,0.5576923076923077,0.5961538461538461,0.4,0.2,0.4,0.6,0.42857142857142855,52,52,0.0,1,0
565845,2012-09-05,England,Pakistan,Haslegrave Ground,0.6153846153846154,0.6037735849056604,1.0,0.4,0.9,0.6,0.7272727272727273,52,53,1.0,1,1
551593,2012-09-08,England,West Indies,Riverside Ground,0.6226415094339622,0.4473684210526316,1.0,0.6,0.9,0.5,0.375,53,38,0.5,1,1
534233,2012-09-08,England,South Africa,Riverside Ground,0.6296296296296297,0.627906976744186,1.0,0.8,0.9,0.7,0.4,54,43,1.0,1,0
551594,2012-09-10,England,West Indies,Old Trafford,0.6181818181818182,0.4358974358974359,0.8,0.6,0.8,0.4,0.4444444444444444,55,39,1.0,1,1
571150,2012-09-10,Australia,Pakistan,Dubai International Cricket Stadium,0.5471698113207547,0.5925925925925926,0.4,0.4,0.4,0.5,0.375,53,54,0.0,1,1
565820,2012-09-11,India,New Zealand,"MA Chidambaram Stadium, Chepauk",0.4594594594594595,0.4642857142857143,0.4,0.0,0.3,0.3,0.0,37,56,0.5,1,0
534235,2012-09-12,England,South Africa,Edgbaston,0.625,0.6363636363636364,0.8,0.8,0.9,0.7,0.3333333333333333,56,44,0.5,1,1
551595,2012-09-13,England,West Indies,County Ground,0.631578947368421,0.425,0.8,0.4,0.9,0.4,0.5,57,40,0.4,1,1
551596,2012-09-15,England,West Indies,County Ground,0.6379310344827587,0.4146341463414634,0.8,0.4,0.9,0.4,0.5454545454545454,58,41,0.5,1,1
551597,2012-09-16,England,West Indies,Arundel Castle Cricket Club Ground,0.6440677966101694,0.40476190476190477,0.8,0.2,0.9,0.3,0.5833333333333334,59,42,0.5,1,0
533272,2012-09-18,Sri Lanka,Zimbabwe,"Mahinda Rajapaksa International Cricket Stadium, Sooriyawewa",0.5641025641025641,0.13333333333333333,0.4,0.0,0.6,0.0,1.0,39,15,0.5,1,1
533273,2012-09-19,Australia,Ireland,R Premadasa Stadium,0.5555555555555556,0.6470588235294118,0.4,0.8,0.4,0.8,0.5,54,17,0.5,1,1
533275,2012-09-20,South Africa,Zimbabwe,"Mahinda Rajapaksa International Cricket Stadium, Sooriyawewa",0.6222222222222222,0.125,0.8,0.0,0.6,0.0,1.0,45,16,0.5,1,1
533276,2012-09-21,Bangladesh,New Zealand,Pallekele International Cricket Stadium,0.25,0.47368421052631576,0.6,0.2,0.3,0.3,0.0,20,57,0.5,1,0
533278,2012-09-22,Sri Lanka,South Africa,"Mahinda Rajapaksa International Cricket Stadium, Sooriyawewa",0.575,0.6304347826086957,0.4,0.8,0.7,0.6,0.5,40,46,0.6666666666666666,1,0
533279,2012-09-22,Australia,West Indies,R Premadasa Stadium,0.5636363636363636,0.4186046511627907,0.6,0.2,0.5,0.4,0.5714285714285714,55,43,1.0,1,1
533281,2012-09-23,England,India,R Premadasa Stadium,0.6333333333333333,0.4473684210526316,0.8,0.2,0.8,0.2,0.8571428571428571,60,38,0.5,1,0
533280,2012-09-23,New Zealand,Pakistan,Pallekele International Cricket Stadium,0.4827586206896552,0.5818181818181818,0.4,0.4,0.3,0.4,0.375,58,55,1.0,1,0
533283,2012-09-25,Bangladesh,Pakistan,Pallekele International Cricket Stadium,0.23809523809523808,0.5892857142857143,0.4,0.4,0.3,0.4,0.0,21,56,0.0,1,0
533300,2012-09-26,New Zealand,West Indies,Galle International Stadium,0.4745762711864407,0.4090909090909091,0.4,0.2,0.2,0.4,0.5,59,44,0.5,1,0
533299,2012-09-26,Sri Lanka,South Africa,Galle International Stadium,0.5609756097560976,0.6382978723404256,0.4,0.8,0.6,0.7,0.0,41,47,0.5,1,0
533302,2012-09-27,Australia,India,Galle International Stadium,0.5714285714285714,0.46153846153846156,0.6,0.4,0.6,0.3,0.5714285714285714,56,39,0.5,1,1
533301,2012-09-27,England,Pakistan,Galle International Stadium,0.6229508196721312,0.5964912280701754,0.6,0.6,0.7,0.4,0.75,61,57,0.5,1,1
533285,2012-09-27,England,West Indies,Pallekele International Cricket Stadium,0.6290322580645161,0.4222222222222222,0.6,0.4,0.7,0.4,0.5384615384615384,62,45,0.5,1,0
533304,2012-09-28,Sri Lanka,West Indies,Galle International Stadium,0.5476190476190477,0.43478260869565216,0.2,0.6,0.5,0.5,1.0,42,46,0.0,1,1
533303,2012-09-28,New Zealand,South Africa,Galle International Stadium,0.4666666666666667,0.6458333333333334,0.4,0.8,0.2,0.8,0.25,60,48,0.0,1,1
533287,2012-09-28,Australia,India,R Premadasa Stadium,0.5789473684210527,0.45,0.8,0.4,0.6,0.3,0.625,57,40,1.0,1,1
533286,2012-09-28,Pakistan,South Africa,R Premadasa Stadium,0.5862068965517241,0.6326530612244898,0.4,0.6,0.4,0.7,0.5,58,49,1.0,1,1
533306,2012-09-29,England,India,Galle International Stadium,0.6190476190476191,0.43902439024390244,0.4,0.4,0.6,0.3,0.75,63,41,1.0,1,1
533289,2012-09-29,Sri Lanka,West Indies,Pallekele International Cricket Stadium,0.5581395348837209,0.425531914893617,0.4,0.6,0.5,0.4,1.0,43,47,0.6666666666666666,1,1
533305,2012-09-29,Australia,Pakistan,Galle International Stadium,0.5862068965517241,0.5932203389830508,1.0,0.6,0.7,0.5,0.4444444444444444,58,59,1.0,1,1
533288,2012-09-29,England,New Zealand,Pallekele International Cricket Stadium,0.625,0.47540983606557374,0.4,0.6,0.6,0.3,0.875,64,61,0.0,1,1
533290,2012-09-30,Australia,South Africa,R Premadasa Stadium,0.5932203389830508,0.62,1.0,0.6,0.7,0.7,0.5,59,50,1.0,1,1
533291,2012-09-30,India,Pakistan,R Premadasa Stadium,0.42857142857142855,0.5833333333333334,0.2,0.6,0.3,0.5,1.0,42,60,0.6666666666666666,1,1
533308,2012-09-30,Sri Lanka,New Zealand,Galle International Stadium,0.5681818181818182,0.46774193548387094,0.6,0.4,0.5,0.3,0.4444444444444444,44,62,0.5,1,0
533307,2012-09-30,South Africa,West Indies,Galle International Stadium,0.6078431372549019,0.4166666666666667,0.4,0.4,0.6,0.3,0.7142857142857143,51,48,0.5,1,0
533293,2012-10-01,Sri Lanka,England,Pallekele International Cricket Stadium,0.5555555555555556,0.6307692307692307,0.4,0.6,0.4,0.7,0.6666666666666666,45,65,0.75,1,1
533310,2012-10-01,Australia,England,Galle International Stadium,0.6,0.6212121212121212,1.0,0.6,0.8,0.6,0.5,60,66,1.0,1,0
533309,2012-10-01,India,Pakistan,Galle International Stadium,0.4418604651162791,0.5737704918032787,0.4,0.4,0.3,0.4,1.0,43,61,0.0,1,0
533294,2012-10-02,Australia,Pakistan,R Premadasa Stadium,0.5901639344262295,0.5806451612903226,0.8,0.4,0.7,0.5,0.5,61,62,1.0,1,0
533295,2012-10-02,India,South Africa,R Premadasa Stadium,0.4318181818181818,0.5961538461538461,0.2,0.2,0.3,0.5,0.6666666666666666,44,52,0.75,1,1
584772,2012-10-03,Sri Lanka,India,Nondescripts Cricket Club Ground,0.5652173913043478,0.4444444444444444,0.6,0.4,0.5,0.4,0.4,46,45,0.5,1,0
533311,2012-10-04,England,New Zealand,R Premadasa Stadium,0.6268656716417911,0.47619047619047616,0.6,0.4,0.6,0.4,0.8888888888888888,67,63,0.0,1,1
533296,2012-10-04,Sri Lanka,Pakistan,R Premadasa Stadium,0.5531914893617021,0.5873015873015873,0.6,0.6,0.4,0.5,0.3333333333333333,47,63,0.0,1,1
533312,2012-10-05,Australia,West Indies,R Premadasa Stadium,0.5806451612903226,0.42857142857142855,0.6,0.6,0.7,0.4,0.625,62,49,0.8,1,1
533297,2012-10-05,Australia,West Indies,R Premadasa Stadium,0.5873015873015873,0.42,0.6,0.4,0.8,0.4,0.6666666666666666,63,50,0.8333333333333334,1,0
533313,2012-10-07,Australia,England,R Premadasa Stadium,0.578125,0.6323529411764706,0.4,0.8,0.7,0.6,0.4444444444444444,64,68,0.7142857142857143,1,1
533298,2012-10-07,Sri Lanka,West Indies,R Premadasa Stadium,0.5625,0.43137254901960786,0.6,0.4,0.5,0.5,1.0,48,51,0.2,1,0
584924,2012-10-28,India,Pakistan,Guanggong International Cricket Stadium,0.45652173913043476,0.578125,0.6,0.4,0.5,0.5,0.6666666666666666,46,64,0.5,1,1
584923,2012-10-28,Bangladesh,Sri Lanka,Guanggong International Cricket Stadium,0.22727272727272727,0.5510204081632653,0.4,0.4,0.3,0.5,0.0,22,49,0.5,1,1
584928,2012-10-30,Bangladesh,Pakistan,Guanggong International Cricket Stadium,0.2608695652173913,0.5692307692307692,0.4,0.4,0.4,0.5,0.0,23,65,1.0,1,0
584929,2012-10-31,India,Pakistan,Guanggong International Cricket Stadium,0.46808510638297873,0.5757575757575758,0.8,0.6,0.5,0.5,0.75,47,66,1.0,1,1
587476,2012-12-10,Bangladesh,West Indies,Shere Bangla National Stadium,0.25,0.4423076923076923,0.2,0.6,0.4,0.6,0.6666666666666666,24,52,0.5,1,0
565810,2012-12-20,India,England,Subrata Roy Sahara Stadium,0.4791666666666667,0.6231884057971014,0.8,0.6,0.6,0.5,0.2222222222222222,48,69,0.5,1,1
567353,2012-12-21,South Africa,New Zealand,Kingsmead,0.5849056603773585,0.46875,0.0,0.4,0.4,0.4,0.6666666666666666,53,64,0.5,1,1
565811,2012-12-22,India,England,Wankhede Stadium,0.4897959183673469,0.6142857142857143,1.0,0.4,0.6,0.5,0.3,49,70,0.5,1,0
567354,2012-12-23,South Africa,New Zealand,Buffalo Park,0.5925925925925926,0.46153846153846156,0.2,0.4,0.4,0.4,0.7,54,65,0.5,1,0
589306,2012-12-25,India,Pakistan,M Chinnaswamy Stadium,0.48,0.5671641791044776,0.8,0.4,0.6,0.4,0.8,50,67,0.5,1,0
567355,2012-12-26,South Africa,New Zealand,St George's Park,0.5818181818181818,0.4696969696969697,0.2,0.4,0.4,0.5,0.6363636363636364,55,66,0.0,1,1
589307,2012-12-28,India,Pakistan,"Sardar Patel Stadium, Motera",0.47058823529411764,0.5735294117647058,0.6,0.4,0.6,0.5,0.6666666666666666,51,68,0.5,1,1
588498,2013-01-19,West Indies,South Africa,"Beausejour Stadium, Gros Islet",0.4528301886792453,0.5892857142857143,0.8,0.4,0.6,0.4,0.375,53,56,0.25,1,1
588499,2013-01-20,West Indies,South Africa,"Beausejour Stadium, Gros Islet",0.46296296296296297,0.5789473684210527,0.8,0.4,0.7,0.3,0.4444444444444444,54,57,0.4,1,1
573019,2013-01-26,Australia,Sri Lanka,Stadium Australia,0.5846153846153846,0.54,0.4,0.4,0.7,0.4,0.3333333333333333,65,50,1.0,1,0
573020,2013-01-28,Australia,Sri Lanka,Melbourne Cricket Ground,0.5757575757575758,0.5490196078431373,0.4,0.4,0.6,0.5,0.2857142857142857,66,51,0.8,1,0
569237,2013-02-09,New Zealand,England,Eden Park,0.4626865671641791,0.6197183098591549,0.4,0.6,0.4,0.6,0.1,67,71,0.42857142857142855,1,0
569238,2013-02-12,New Zealand,England,Seddon Park,0.45588235294117646,0.625,0.2,0.6,0.3,0.6,0.09090909090909091,68,72,0.6666666666666666,1,1
573027,2013-02-13,Australia,West Indies,"Brisbane Cricket Ground, Woolloongabba",0.5671641791044776,0.4727272727272727,0.4,1.0,0.5,0.7,0.6,67,55,1.0,1,0
569239,2013-02-15,New Zealand,England,Westpac Stadium,0.463768115942029,0.6164383561643836,0.4,0.4,0.4,0.6,0.16666666666666666,69,73,0.4,1,0
593986,2013-03-02,West Indies,Zimbabwe,"Sir Vivian Richards Stadium, North Sound",0.48214285714285715,0.11764705882352941,1.0,0.0,0.7,0.0,0.0,56,17,0.0,1,1
593987,2013-03-03,West Indies,Zimbabwe,"Sir Vivian Richards Stadium, North Sound",0.49122807017543857,0.1111111111111111,1.0,0.0,0.8,0.0,0.5,57,18,0.3333333333333333,1,1
603243,2013-03-03,Sri Lanka,West Indies,R Premadasa Stadium,0.5576923076923077,0.5,0.6,1.0,0.6,0.9,0.8333333333333334,52,58,0.16666666666666666,1,0
567367,2013-03-03,South Africa,Pakistan,SuperSport Park,0.5689655172413793,0.5652173913043478,0.4,0.4,0.2,0.4,0.4,58,69,1.0,1,0
603244,2013-03-05,Sri Lanka,West Indies,R Premadasa Stadium,0.5471698113207547,0.5084745762711864,0.4,1.0,0.5,0.9,0.7142857142857143,53,59,0.14285714285714285,1,0
603246,2013-03-08,Sri Lanka,West Indies,R Premadasa Stadium,0.5370370370370371,0.5166666666666667,0.4,1.0,0.4,1.0,0.625,54,60,0.125,1,0
592268,2013-03-15,Canada,Kenya,ICC Global Cricket Academy,0.0,0.1,0.0,0.2,0.0,0.1,0.0,5,10,0.5,1,1
592269,2013-03-16,Canada,Kenya,ICC Global Cricket Academy,0.16666666666666666,0.09090909090909091,0.2,0.0,0.16666666666666666,0.1,0.5,6,11,1.0,1,0
602477,2013-03-31,Sri Lanka,Bangladesh,Pallekele International Cricket Stadium,0.5272727272727272,0.24,0.4,0.2,0.4,0.4,0.5,55,25,0.8,1,1
630951,2013-04-19,Kenya,Netherlands,Wanderers Cricket Ground,0.16666666666666666,0.5555555555555556,0.2,0.4,0.2,0.5555555555555556,0.5,12,9,0.5,1,1
592276,2013-04-20,Kenya,Netherlands,Wanderers Cricket Ground,0.23076923076923078,0.5,0.4,0.4,0.3,0.5,1.0,13,10,1.0,1,1
623571,2013-05-11,Zimbabwe,Bangladesh,Queens Sports Club,0.10526315789473684,0.23076923076923078,0.0,0.2,0.0,0.3,0.5,19,26,0.5,1,1
623572,2013-05-12,Zimbabwe,Bangladesh,Queens Sports Club,0.15,0.2222222222222222,0.2,0.2,0.1,0.3,1.0,20,27,1.0,1,0
566926,2013-06-25,England,New Zealand,Kennington Oval,0.6216216216216216,0.45714285714285713,0.6,0.4,0.6,0.4,0.8461538461538461,74,70,0.5714285714285714,1,0
627008,2013-07-05,England,Pakistan,Haslegrave Ground,0.6133333333333333,0.5714285714285714,0.6,0.6,0.5,0.5,0.7692307692307693,75,70,1.0,1,1
627009,2013-07-05,England,Pakistan,Haslegrave Ground,0.618421052631579,0.5633802816901409,0.6,0.4,0.6,0.5,0.7857142857142857,76,71,1.0,1,0
644941,2013-07-16,Ireland,Pakistan,YMCA Cricket Club,0.6111111111111112,0.5694444444444444,0.6,0.6,0.7,0.5,0.0,18,72,0.5,1,0
645645,2013-07-27,West Indies,Pakistan,"Arnos Vale Ground, Kingstown",0.5245901639344263,0.5753424657534246,1.0,0.6,1.0,0.5,1.0,61,73,0.5,1,0
645647,2013-07-28,West Indies,Pakistan,"Arnos Vale Ground, Kingstown",0.5161290322580645,0.581081081081081,0.8,0.8,0.9,0.6,0.5,62,74,0.0,1,0
640947,2013-07-29,Ireland,Pakistan,YMCA Cricket Club,0.5789473684210527,0.5866666666666667,0.4,0.8,0.7,0.7,0.0,19,75,0.0,1,0
635658,2013-08-02,Sri Lanka,South Africa,R Premadasa Stadium,0.5357142857142857,0.559322033898305,0.4,0.2,0.4,0.2,0.0,56,59,0.1111111111111111,1,0
635659,2013-08-04,Sri Lanka,South Africa,"Mahinda Rajapaksa International Cricket Stadium, Sooriyawewa",0.5263157894736842,0.5666666666666667,0.2,0.4,0.4,0.3,0.0,57,60,0.5,1,0
635660,2013-08-06,Sri Lanka,South Africa,"Mahinda Rajapaksa International Cricket Stadium, Sooriyawewa",0.5172413793103449,0.5737704918032787,0.2,0.4,0.3,0.4,0.0,58,61,0.4,1,1
659545,2013-08-23,Zimbabwe,Pakistan,Harare Sports Club,0.14285714285714285,0.5921052631578947,0.2,1.0,0.1,0.7,0.0,21,76,0.0,1,0
659547,2013-08-24,Zimbabwe,Pakistan,Harare Sports Club,0.13636363636363635,0.5974025974025974,0.2,1.0,0.1,0.8,0.0,22,77,0.0,1,0
593726,2013-08-27,England,Australia,County Ground,0.6103896103896104,0.5588235294117647,0.4,0.2,0.5,0.4,0.5,77,68,0.5714285714285714,1,1
566937,2013-08-29,England,Australia,The Rose Bowl,0.6153846153846154,0.5507246376811594,0.6,0.2,0.5,0.3,0.5454545454545454,78,69,0.5,1,0
593727,2013-08-29,England,Australia,The Rose Bowl,0.6075949367088608,0.5571428571428572,0.4,0.2,0.5,0.3,0.5,79,70,0.3333333333333333,1,1
593728,2013-08-31,England,Australia,Riverside Ground,0.6125,0.5492957746478874,0.6,0.2,0.6,0.3,0.5384615384615384,80,71,0.5,1,1
566938,2013-08-31,England,Australia,Riverside Ground,0.6172839506172839,0.5416666666666666,0.6,0.2,0.6,0.3,0.5714285714285714,81,72,0.6666666666666666,1,1
664293,2013-09-14,South Africa,Bangladesh,Senwes Park,0.5645161290322581,0.25,0.4,0.2,0.4,0.3,1.0,62,28,0.5,1,1
664295,2013-09-15,South Africa,Bangladesh,Senwes Park,0.5714285714285714,0.2413793103448276,0.6,0.2,0.5,0.2,1.0,63,29,1.0,1,1
647247,2013-10-10,India,Australia,Saurashtra Cricket Association Stadium,0.4807692307692308,0.5342465753424658,0.6,0.2,0.7,0.2,0.3333333333333333,52,73,0.5,1,1
668515,2013-10-31,South Africa,Sri Lanka,Senwes Park,0.578125,0.5254237288135594,0.8,0.4,0.5,0.4,0.8,64,59,1.0,1,1
668517,2013-11-02,South Africa,Sri Lanka,Senwes Park,0.5846153846153846,0.5166666666666667,0.8,0.4,0.6,0.4,0.8333333333333334,65,60,1.0,1,0
668519,2013-11-04,South Africa,Sri Lanka,Senwes Park,0.5757575757575758,0.5245901639344263,0.6,0.4,0.5,0.4,0.7142857142857143,66,61,0.75,1,1
668959,2013-11-06,Bangladesh,New Zealand,Shere Bangla National Stadium,0.23333333333333334,0.4647887323943662,0.2,0.4,0.2,0.4,0.0,30,71,0.3333333333333333,1,0
649101,2013-11-13,Pakistan,South Africa,Dubai International Cricket Stadium,0.6025641025641025,0.582089552238806,1.0,0.8,0.8,0.6,0.6666666666666666,78,67,0.6666666666666666,1,0
649103,2013-11-15,Pakistan,South Africa,Dubai International Cricket Stadium,0.5949367088607594,0.5882352941176471,0.8,0.8,0.8,0.7,0.5714285714285714,79,68,0.6,1,0
660113,2013-11-16,Canada,Ireland,Sheikh Zayed Stadium,0.14285714285714285,0.55,0.2,0.2,0.14285714285714285,0.6,0.0,7,20,0.5,1,0
660149,2013-11-19,Kenya,Scotland,ICC Academy,0.2857142857142857,0.25,0.6,0.2,0.4,0.25,0.5,14,8,0.5,1,1
685727,2013-11-20,South Africa,Pakistan,New Wanderers Stadium,0.5942028985507246,0.5875,0.8,0.6,0.8,0.7,0.5,69,80,0.7272727272727273,1,1
668969,2013-11-21,Sri Lanka,New Zealand,Pallekele International Cricket Stadium,0.5161290322580645,0.4722222222222222,0.4,0.6,0.3,0.5,0.4,62,72,0.8333333333333334,1,1
660173,2013-11-22,Netherlands,Scotland,ICC Academy,0.45454545454545453,0.2222222222222222,0.2,0.2,0.4,0.2222222222222222,1.0,11,9,0.5,1,0
685729,2013-11-22,South Africa,Pakistan,Newlands,0.6,0.5802469135802469,0.8,0.4,0.8,0.7,0.5555555555555556,70,81,0.6666666666666666,1,0
660185,2013-11-23,Kenya,Netherlands,ICC Academy,0.3333333333333333,0.4166666666666667,0.8,0.2,0.5,0.3,1.0,15,12,1.0,1,0
660209,2013-11-26,Canada,Kenya,Sharjah Cricket Stadium,0.125,0.3125,0.2,0.8,0.125,0.4,0.3333333333333333,8,16,0.5,1,0
660223,2013-11-28,Netherlands,Scotland,Sheikh Zayed Stadium,0.46153846153846156,0.3,0.4,0.4,0.4,0.3,0.5,13,10,0.5,1,1
657633,2013-12-11,Pakistan,Sri Lanka,Dubai International Cricket Stadium,0.5853658536585366,0.5238095238095238,0.4,0.6,0.7,0.4,0.6,82,63,0.5454545454545454,1,1
657635,2013-12-13,Pakistan,Sri Lanka,Dubai International Cricket Stadium,0.5903614457831325,0.515625,0.4,0.4,0.7,0.4,0.6363636363636364,83,64,0.5833333333333334,1,0
661695,2014-01-11,New Zealand,West Indies,Eden Park,0.4657534246575342,0.5079365079365079,0.6,0.6,0.4,0.8,0.4,73,63,0.375,1,1
661697,2014-01-15,New Zealand,West Indies,Westpac Stadium,0.47297297297297297,0.5,0.6,0.4,0.5,0.7,0.5,74,64,0.3333333333333333,1,1
698983,2014-01-19,Pakistan,South Africa,West End Park International Cricket Stadium,0.5833333333333334,0.5915492957746479,0.4,0.8,0.6,0.7,0.5,84,71,0.5,1,1
698985,2014-01-19,Ireland,Pakistan,West End Park International Cricket Stadium,0.5714285714285714,0.5882352941176471,0.2,0.6,0.6,0.6,0.0,21,85,0.5,1,1
698987,2014-01-20,Ireland,South Africa,West End Park International Cricket Stadium,0.5909090909090909,0.5833333333333334,0.4,0.6,0.6,0.7,0.5,22,72,1.0,1,0
698995,2014-01-24,Pakistan,South Africa,West End Park International Cricket Stadium,0.5813953488372093,0.589041095890411,0.6,0.6,0.5,0.7,0.5454545454545454,86,73,0.5,1,1
636164,2014-01-29,Australia,England,Bellerive Oval,0.527027027027027,0.6219512195121951,0.2,0.8,0.2,0.6,0.4,74,82,1.0,1,1
666047,2014-01-31,Australia,England,Melbourne Cricket Ground,0.5333333333333333,0.6144578313253012,0.2,0.6,0.2,0.6,0.4375,75,83,0.6666666666666666,1,1
636165,2014-01-31,Australia,England,Melbourne Cricket Ground,0.5394736842105263,0.6071428571428571,0.4,0.6,0.3,0.5,0.47058823529411764,76,84,0.7142857142857143,1,1
666049,2014-02-02,Australia,England,Stadium Australia,0.5454545454545454,0.6,0.6,0.4,0.4,0.5,0.5,77,85,0.5,1,1
636166,2014-02-02,Australia,England,Stadium Australia,0.5512820512820513,0.5930232558139535,0.8,0.2,0.5,0.4,0.5263157894736842,78,86,0.6666666666666666,1,1
690351,2014-02-12,Bangladesh,Sri Lanka,Zahur Ahmed Chowdhury Stadium,0.22580645161290322,0.5230769230769231,0.2,0.6,0.2,0.5,0.3333333333333333,31,65,0.5,1,0
690353,2014-02-14,Bangladesh,Sri Lanka,Zahur Ahmed Chowdhury Stadium,0.21875,0.5303030303030303,0.2,0.6,0.2,0.5,0.25,32,66,0.0,1,0
702141,2014-02-19,West Indies,Ireland,"Sabina Park, Kingston",0.49230769230769234,0.5652173913043478,0.2,0.4,0.6,0.5,1.0,65,23,0.5,1,0
702143,2014-02-21,West Indies,Ireland,"Sabina Park, Kingston",0.48484848484848486,0.5833333333333334,0.0,0.6,0.5,0.5,0.5,66,24,0.0,1,1
636536,2014-03-09,West Indies,England,"Kensington Oval, Bridgetown",0.4925373134328358,0.5862068965517241,0.2,0.0,0.5,0.4,0.5,67,87,0.75,1,1
636537,2014-03-11,West Indies,England,"Kensington Oval, Bridgetown",0.5,0.5795454545454546,0.4,0.0,0.5,0.3,0.5333333333333333,68,88,0.8,1,1
648681,2014-03-12,South Africa,Australia,Kingsmead,0.581081081081081,0.5569620253164557,0.4,1.0,0.6,0.6,0.4444444444444444,74,79,0.6666666666666666,1,0
636538,2014-03-13,West Indies,England,"Kensington Oval, Bridgetown",0.5072463768115942,0.5730337078651685,0.6,0.0,0.5,0.3,0.5625,69,89,0.8333333333333334,1,0
648683,2014-03-14,South Africa,Australia,SuperSport Park,0.5733333333333334,0.5625,0.2,1.0,0.5,0.6,0.4,75,80,0.6666666666666666,1,0
682899,2014-03-16,Hong Kong,Nepal,Zahur Ahmed Chowdhury Stadium,0.5,0.5,0.5,0.5,0.5,0.5,0.5,0,0,0.5,0,0
682901,2014-03-17,Ireland,Zimbabwe,Sylhet Stadium,0.56,0.13043478260869565,0.6,0.2,0.4,0.1,0.5,25,23,0.5,1,1
682903,2014-03-17,Netherlands,United Arab Emirates,Sylhet Stadium,0.5,0.5,0.4,0.5,0.4,0.5,0.5,14,0,0.5,0,1
682907,2014-03-18,Bangladesh,Nepal,Zahur Ahmed Chowdhury Stadium,0.21212121212121213,1.0,0.0,1.0,0.1,1.0,0.5,33,1,0.0,1,1
682909,2014-03-19,Netherlands,Zimbabwe,Sylhet Stadium,0.5333333333333333,0.125,0.6,0.2,0.5,0.1,0.5,15,24,1.0,1,0
682911,2014-03-19,Ireland,United Arab Emirates,Sylhet Stadium,0.5769230769230769,0.0,0.6,0.0,0.4,0.0,0.5,26,1,1.0,1,1
682915,2014-03-20,Bangladesh,Hong Kong,Zahur Ahmed Chowdhury Stadium,0.23529411764705882,0.0,0.2,0.0,0.2,0.0,0.5,34,1,0.3333333333333333,1,0
682919,2014-03-21,Ireland,Netherlands,Sylhet Stadium,0.5925925925925926,0.5,0.6,0.6,0.5,0.4,1.0,27,16,1.0,1,0
682917,2014-03-21,United Arab Emirates,Zimbabwe,Sylhet Stadium,0.0,0.16,0.0,0.2,0.0,0.2,0.5,2,25,0.0,1,0
682921,2014-03-21,India,Pakistan,Shere Bangla National Stadium,0.49056603773584906,0.5862068965517241,0.6,0.6,0.7,0.5,0.7142857142857143,53,87,0.5,1,1
682923,2014-03-22,South Africa,Sri Lanka,Zahur Ahmed Chowdhury Stadium,0.5657894736842105,0.5373134328358209,0.2,0.8,0.5,0.6,0.75,76,67,0.5,1,0
682925,2014-03-22,England,New Zealand,Zahur Ahmed Chowdhury Stadium,0.5777777777777777,0.48,0.2,0.8,0.3,0.6,0.7857142857142857,90,75,0.5,1,0
682927,2014-03-23,Australia,Pakistan,Shere Bangla National Stadium,0.5679012345679012,0.5795454545454546,1.0,0.4,0.7,0.4,0.45454545454545453,81,88,0.5,1,0
682929,2014-03-23,India,West Indies,Shere Bangla National Stadium,0.5,0.5,0.6,0.6,0.8,0.4,0.3333333333333333,54,70,1.0,1,1
682967,2014-03-23,Australia,New Zealand,Sylhet Stadium,0.5609756097560976,0.4868421052631579,0.8,0.8,0.7,0.6,1.0,82,76,0.5,1,0
682931,2014-03-24,New Zealand,South Africa,Zahur Ahmed Chowdhury Stadium,0.4935064935064935,0.5584415584415584,0.8,0.2,0.7,0.4,0.3333333333333333,77,77,1.0,1,0
682973,2014-03-24,India,Sri Lanka,Sylhet Stadium,0.509090909090909,0.5441176470588235,0.8,0.8,0.8,0.7,0.6666666666666666,55,68,0.5,1,0
682933,2014-03-24,Netherlands,Sri Lanka,Zahur Ahmed Chowdhury Stadium,0.5294117647058824,0.5507246376811594,0.8,1.0,0.5,0.7,0.5,17,69,0.5,1,0
682971,2014-03-24,England,West Indies,Sylhet Stadium,0.5714285714285714,0.49295774647887325,0.2,0.6,0.2,0.3,0.47058823529411764,91,71,0.5,1,0
682935,2014-03-25,Bangladesh,West Indies,Shere Bangla National Stadium,0.22857142857142856,0.5,0.2,0.6,0.2,0.4,0.5,35,72,0.25,1,0
682975,2014-03-25,Ireland,New Zealand,Sylhet Stadium,0.5714285714285714,0.48717948717948717,0.6,0.8,0.5,0.7,0.0,28,78,0.6666666666666666,1,0
682979,2014-03-26,Bangladesh,West Indies,Sylhet Stadium,0.2222222222222222,0.5068493150684932,0.2,0.6,0.2,0.5,0.4,36,73,0.5,1,0
682981,2014-03-26,England,India,Sylhet Stadium,0.5652173913043478,0.5,0.2,0.8,0.1,0.7,0.7272727272727273,92,56,0.0,1,1
682985,2014-03-27,New Zealand,Pakistan,Sylhet Stadium,0.4936708860759494,0.5842696629213483,0.8,0.6,0.7,0.5,0.3333333333333333,79,89,1.0,1,1
682939,2014-03-27,England,Sri Lanka,Zahur Ahmed Chowdhury Stadium,0.5698924731182796,0.5571428571428572,0.4,1.0,0.2,0.8,0.25,93,70,0.0,1,1
682937,2014-03-27,Netherlands,South Africa,Zahur Ahmed Chowdhury Stadium,0.5,0.5641025641025641,0.6,0.2,0.5,0.4,0.5,18,78,0.0,1,0
682989,2014-03-28,Sri Lanka,West Indies,Sylhet Stadium,0.5492957746478874,0.5135135135135135,0.8,0.6,0.7,0.6,0.5555555555555556,71,74,1.0,1,0
682941,2014-03-28,Australia,West Indies,Shere Bangla National Stadium,0.5542168674698795,0.52,0.6,0.8,0.7,0.7,0.5454545454545454,83,75,0.0,1,0
682943,2014-03-28,Bangladesh,India,Shere Bangla National Stadium,0.21621621621621623,0.49122807017543857,0.2,0.6,0.2,0.6,0.0,37,57,0.2,1,0
682991,2014-03-29,Ireland,South Africa,Sylhet Stadium,0.5517241379310345,0.569620253164557,0.4,0.4,0.5,0.4,0.0,29,79,0.5,1,0
682993,2014-03-29,Australia,Pakistan,Sylhet Stadium,0.5476190476190477,0.5777777777777777,0.4,0.4,0.7,0.5,0.4166666666666667,84,90,0.0,1,1
682945,2014-03-29,Netherlands,New Zealand,Zahur Ahmed Chowdhury Stadium,0.47368421052631576,0.5,0.4,0.8,0.4,0.8,0.5,19,80,0.0,1,0
682947,2014-03-29,England,South Africa,Zahur Ahmed Chowdhury Stadium,0.574468085106383,0.575,0.6,0.6,0.3,0.4,0.42857142857142855,94,80,0.5,1,0
682995,2014-03-30,Bangladesh,India,Sylhet Stadium,0.21052631578947367,0.5,0.2,0.6,0.1,0.6,0.0,38,58,0.0,1,0
682997,2014-03-30,England,Sri Lanka,Sylhet Stadium,0.5684210526315789,0.5416666666666666,0.4,0.6,0.3,0.7,0.4,95,72,0.5,1,1
682949,2014-03-30,Bangladesh,Pakistan,Shere Bangla National Stadium,0.20512820512820512,0.5714285714285714,0.0,0.4,0.1,0.5,0.0,39,91,0.16666666666666666,1,0
682951,2014-03-30,Australia,India,Shere Bangla National Stadium,0.5529411764705883,0.5084745762711864,0.4,0.6,0.7,0.6,0.6,85,59,0.0,1,0
682955,2014-03-31,New Zealand,Sri Lanka,Zahur Ahmed Chowdhury Stadium,0.5061728395061729,0.5342465753424658,0.8,0.4,0.8,0.6,0.5454545454545454,81,73,0.6666666666666666,1,0
682999,2014-03-31,Ireland,Pakistan,Sylhet Stadium,0.5333333333333333,0.5760869565217391,0.4,0.4,0.5,0.5,0.25,30,92,0.4,1,0
683001,2014-03-31,New Zealand,South Africa,Sylhet Stadium,0.5,0.5802469135802469,0.6,0.8,0.7,0.5,0.3076923076923077,82,81,1.0,1,0
682953,2014-03-31,England,Netherlands,Zahur Ahmed Chowdhury Stadium,0.5729166666666666,0.45,0.6,0.2,0.4,0.4,0.0,96,20,0.3333333333333333,1,0
682957,2014-04-01,Bangladesh,Australia,Shere Bangla National Stadium,0.2,0.5465116279069767,0.0,0.2,0.1,0.6,0.0,40,86,0.14285714285714285,1,0
682959,2014-04-01,Pakistan,West Indies,Shere Bangla National Stadium,0.5806451612903226,0.5263157894736842,0.6,1.0,0.5,0.8,0.6666666666666666,93,76,0.75,1,0
683003,2014-04-01,Bangladesh,Sri Lanka,Sylhet Stadium,0.1951219512195122,0.5405405405405406,0.0,0.4,0.1,0.7,0.2,41,74,0.0,1,1
683005,2014-04-01,India,West Indies,Sylhet Stadium,0.5166666666666667,0.5324675324675324,0.6,1.0,0.7,0.8,0.5,60,77,0.3333333333333333,1,1
683009,2014-04-02,India,Pakistan,Sylhet Stadium,0.5245901639344263,0.574468085106383,0.8,0.4,0.8,0.5,0.75,61,94,0.5,1,1
683007,2014-04-02,New Zealand,Sri Lanka,Sylhet Stadium,0.4939759036144578,0.5333333333333333,0.6,0.2,0.7,0.6,0.5,83,75,0.75,1,1
718467,2014-04-03,Bangladesh,Ireland,Sylhet Stadium,0.21428571428571427,0.5161290322580645,0.2,0.2,0.2,0.4,0.5,42,31,0.3333333333333333,1,1
683011,2014-04-03,Australia,West Indies,Shere Bangla National Stadium,0.5517241379310345,0.5256410256410257,0.4,0.8,0.6,0.7,0.5,87,78,0.25,1,1
718465,2014-04-03,Pakistan,Sri Lanka,Sylhet Stadium,0.5684210526315789,0.5263157894736842,0.4,0.2,0.4,0.5,0.5833333333333334,95,76,0.25,1,1
682961,2014-04-03,Sri Lanka,West Indies,Shere Bangla National Stadium,0.5194805194805194,0.5189873417721519,0.2,0.6,0.4,0.6,0.5,77,79,0.5,1,1
683013,2014-04-04,England,South Africa,Shere Bangla National Stadium,0.5670103092783505,0.5853658536585366,0.6,1.0,0.4,0.6,0.375,97,82,0.5,1,1
682963,2014-04-04,India,South Africa,Shere Bangla National Stadium,0.532258064516129,0.5783132530120482,1.0,0.8,0.8,0.5,0.7142857142857143,62,83,1.0,1,1
683015,2014-04-06,Australia,England,Shere Bangla National Stadium,0.5568181818181818,0.5714285714285714,0.6,0.6,0.6,0.5,0.55,88,98,0.4,1,1
682965,2014-04-06,India,Sri Lanka,Shere Bangla National Stadium,0.5396825396825397,0.5256410256410257,1.0,0.4,0.8,0.4,0.5714285714285714,63,78,1.0,1,0
667887,2014-05-20,England,Sri Lanka,Kennington Oval,0.5656565656565656,0.5316455696202531,0.4,0.4,0.5,0.4,0.5,99,79,0.5,1,0
730283,2014-07-05,West Indies,New Zealand,"Windsor Park, Roseau",0.5125,0.5,0.4,0.6,0.6,0.7,0.42857142857142855,80,84,0.5,1,0
730285,2014-07-06,West Indies,New Zealand,"Windsor Park, Roseau",0.5061728395061729,0.5058823529411764,0.2,0.6,0.6,0.7,0.375,81,85,0.0,1,1
754793,2014-08-30,Australia,Pakistan,Kerrydale Oval,0.5617977528089888,0.5729166666666666,0.8,0.6,0.6,0.5,0.46153846153846156,89,96,0.5,1,1
754795,2014-08-31,Australia,Pakistan,Kerrydale Oval,0.5666666666666667,0.5670103092783505,0.8,0.4,0.6,0.4,0.5,90,97,1.0,1,1
693433,2014-09-01,England,South Africa,County Ground,0.56,0.5714285714285714,0.4,0.6,0.4,0.5,0.4444444444444444,100,84,0.625,1,1
693435,2014-09-03,England,South Africa,County Ground,0.5643564356435643,0.5647058823529412,0.4,0.4,0.5,0.5,0.5,101,85,0.6666666666666666,1,1
754797,2014-09-03,Australia,Pakistan,Kerrydale Oval,0.5714285714285714,0.5612244897959183,1.0,0.2,0.6,0.4,0.5333333333333333,91,98,1.0,1,1
754799,2014-09-05,Australia,Pakistan,Kerrydale Oval,0.5760869565217391,0.5555555555555556,1.0,0.2,0.7,0.3,0.5625,92,99,1.0,1,1
693437,2014-09-07,England,South Africa,Edgbaston,0.5686274509803921,0.5581395348837209,0.6,0.2,0.6,0.5,0.5454545454545454,102,86,1.0,1,1
667731,2014-09-07,England,India,Edgbaston,0.5728155339805825,0.53125,0.6,0.8,0.6,0.7,0.75,103,64,1.0,1,1
727917,2014-10-05,Australia,Pakistan,Dubai International Cricket Stadium,0.5806451612903226,0.55,1.0,0.2,0.8,0.3,0.5882352941176471,93,100,0.3333333333333333,1,1
757511,2014-10-23,Sri Lanka,South Africa,Colts Cricket Club Ground,0.5375,0.5517241379310345,0.6,0.0,0.4,0.5,0.3333333333333333,80,87,0.5,1,1
757513,2014-10-25,Sri Lanka,South Africa,Colts Cricket Club Ground,0.5432098765432098,0.5454545454545454,0.8,0.0,0.5,0.4,0.4,81,88,1.0,1,0
757515,2014-10-26,Sri Lanka,South Africa,Mercantile Cricket Association Ground,0.5365853658536586,0.550561797752809,0.8,0.2,0.5,0.4,0.36363636363636365,82,89,0.5,1,0
754801,2014-11-02,Australia,West Indies,North Sydney Oval,0.5851063829787234,0.5121951219512195,1.0,0.2,0.9,0.6,0.5384615384615384,94,82,0.5,1,1
754717,2014-11-05,Australia,South Africa,Adelaide Oval,0.5894736842105263,0.5555555555555556,1.0,0.4,0.9,0.4,0.6363636363636364,95,90,0.0,1,0
754719,2014-11-07,Australia,South Africa,Melbourne Cricket Ground,0.5833333333333334,0.5604395604395604,0.8,0.6,0.9,0.4,0.5833333333333334,96,91,0.75,1,1
754805,2014-11-07,Australia,West Indies,Melbourne Cricket Ground,0.5876288659793815,0.5060240963855421,0.8,0.2,0.9,0.5,0.5714285714285714,97,83,0.7777777777777778,1,1
754721,2014-11-09,Australia,South Africa,Stadium Australia,0.5918367346938775,0.5543478260869565,0.8,0.6,0.9,0.3,0.6153846153846154,98,92,0.75,1,1
802327,2014-11-24,Hong Kong,Nepal,P Sara Oval,0.5,0.5,0.5,0.5,0.5,0.5,0.0,2,2,0.5,1,1
742617,2014-12-04,New Zealand,Pakistan,Dubai International Cricket Stadium,0.5,0.5445544554455446,0.4,0.0,0.6,0.3,0.4,86,101,0.0,1,0
754039,2014-12-05,New Zealand,Pakistan,Dubai International Cricket Stadium,0.4942528735632184,0.5490196078431373,0.4,0.2,0.5,0.3,0.36363636363636365,87,102,0.0,1,1
722335,2015-01-09,South Africa,West Indies,Newlands,0.5483870967741935,0.5,0.6,0.2,0.3,0.4,0.5,93,84,0.5,1,0
722337,2015-01-11,South Africa,West Indies,New Wanderers Stadium,0.5425531914893617,0.5058823529411764,0.4,0.4,0.3,0.4,0.45454545454545453,94,85,0.75,1,0
736063,2015-01-14,South Africa,West Indies,Kingsmead,0.5368421052631579,0.5116279069767442,0.2,0.6,0.3,0.4,0.4166666666666667,95,86,0.5,1,1
808869,2015-01-16,Pakistan,Sri Lanka,Sharjah Cricket Stadium,0.5436893203883495,0.5301204819277109,0.2,0.6,0.2,0.5,0.6153846153846154,103,83,0.5,1,1
808871,2015-01-17,Pakistan,Sri Lanka,Sharjah Cricket Stadium,0.5480769230769231,0.5238095238095238,0.4,0.4,0.3,0.4,0.6428571428571429,104,84,1.0,1,0
828247,2015-03-19,Pakistan,South Africa,Sharjah Cricket Stadium,0.5428571428571428,0.5416666666666666,0.4,0.2,0.3,0.4,0.5833333333333334,105,96,0.5,1,1
828249,2015-03-20,Pakistan,South Africa,Sharjah Cricket Stadium,0.5471698113207547,0.5360824742268041,0.6,0.2,0.3,0.4,0.6153846153846154,106,97,0.6666666666666666,1,1
828251,2015-03-22,Pakistan,South Africa,Sharjah Cricket Stadium,0.5514018691588785,0.5306122448979592,0.6,0.2,0.4,0.4,0.6428571428571429,107,98,0.75,1,0
858491,2015-04-24,Bangladesh,Pakistan,Shere Bangla National Stadium,0.23255813953488372,0.5462962962962963,0.4,0.6,0.3,0.4,0.0,43,108,0.125,1,1
868723,2015-05-22,Pakistan,Zimbabwe,Gaddafi Stadium,0.5412844036697247,0.19230769230769232,0.4,0.4,0.4,0.3,1.0,109,26,0.5,1,1
856117,2015-05-23,Sri Lanka,West Indies,R Premadasa Stadium,0.5294117647058824,0.5057471264367817,0.4,0.4,0.5,0.3,0.5454545454545454,85,87,0.1,1,1
868725,2015-05-24,Pakistan,Zimbabwe,Gaddafi Stadium,0.5454545454545454,0.18518518518518517,0.6,0.4,0.5,0.3,1.0,110,27,1.0,1,1
856119,2015-05-25,Sri Lanka,West Indies,R Premadasa Stadium,0.5348837209302325,0.5,0.4,0.4,0.6,0.3,0.5833333333333334,86,88,0.18181818181818182,1,0
856121,2015-05-26,Sri Lanka,West Indies,R Premadasa Stadium,0.5287356321839081,0.5056179775280899,0.4,0.6,0.6,0.4,0.5384615384615384,87,89,0.16666666666666666,1,0
889463,2015-06-20,Ireland,Scotland,"Bready Cricket Club, Magheramason",0.5,0.2727272727272727,0.0,0.4,0.3,0.3,1.0,32,11,0.5,1,0
743953,2015-06-23,England,New Zealand,Old Trafford,0.5769230769230769,0.5,0.8,0.6,0.6,0.6,0.7333333333333333,104,88,1.0,1,1
883343,2015-07-01,Netherlands,Nepal,VRA Ground,0.47619047619047616,0.3333333333333333,0.4,0.3333333333333333,0.5,0.3333333333333333,0.5,21,3,0.5,1,1
883345,2015-07-02,Netherlands,Nepal,Hazelaarweg,0.5,0.25,0.4,0.25,0.6,0.25,1.0,22,4,0.5,1,1
817203,2015-07-05,Bangladesh,South Africa,Shere Bangla National Stadium,0.25,0.5353535353535354,0.6,0.4,0.3,0.4,0.0,44,99,0.2222222222222222,1,0
817205,2015-07-07,Bangladesh,South Africa,Shere Bangla National Stadium,0.24444444444444444,0.54,0.6,0.6,0.3,0.4,0.0,45,100,0.2,1,0
875457,2015-07-09,Scotland,United Arab Emirates,"Grange Cricket Club Ground, Raeburn Place",0.3333333333333333,0.0,0.6,0.0,0.3,0.0,0.5,12,3,0.5,1,1
875471,2015-07-11,Scotland,Netherlands,"Grange Cricket Club Ground, Raeburn Place",0.38461538461538464,0.5217391304347826,0.6,0.6,0.4,0.6,0.3333333333333333,13,23,1.0,1,0
875481,2015-07-12,Netherlands,United Arab Emirates,"Grange Cricket Club Ground, Raeburn Place",0.5416666666666666,0.0,0.8,0.0,0.6,0.0,1.0,24,4,1.0,1,1
875491,2015-07-13,Nepal,Ireland,"Civil Service Cricket Club, Stormont",0.2,0.48484848484848486,0.2,0.0,0.2,0.3,0.5,5,33,0.5,1,0
875507,2015-07-15,Hong Kong,Nepal,"Civil Service Cricket Club, Stormont",0.6666666666666666,0.16666666666666666,0.6666666666666666,0.0,0.6666666666666666,0.16666666666666666,0.5,3,6,0.5,1,1
875501,2015-07-15,Ireland,Papua New Guinea,"Civil Service Cricket Club, Stormont",0.5,0.5,0.2,0.5,0.3,0.5,0.5,34,0,0.6666666666666666,0,0
875521,2015-07-17,Ireland,Hong Kong,"The Village, Malahide",0.4857142857142857,0.75,0.2,0.75,0.3,0.75,0.5,35,4,0.5,1,0
875513,2015-07-17,Nepal,Papua New Guinea,"The Village, Malahide",0.14285714285714285,1.0,0.0,1.0,0.14285714285714285,1.0,0.5,7,1,0.5,1,0
885969,2015-07-17,Zimbabwe,India,Harare Sports Club,0.17857142857142858,0.5230769230769231,0.4,0.6,0.3,0.6,0.0,28,65,0.0,1,0
885971,2015-07-19,Zimbabwe,India,Harare Sports Club,0.1724137931034483,0.5303030303030303,0.4,0.6,0.3,0.7,0.0,29,66,0.0,1,1
875549,2015-07-25,Hong Kong,Scotland,"The Village, Malahide",0.8,0.35714285714285715,0.8,0.6,0.8,0.4,0.5,5,14,1.0,1,0
875553,2015-07-25,Ireland,Netherlands,"The Village, Malahide",0.4722222222222222,0.56,0.2,1.0,0.2,0.6,0.6666666666666666,36,25,0.0,1,0
860279,2015-07-30,Sri Lanka,Pakistan,R Premadasa Stadium,0.5227272727272727,0.5495495495495496,0.4,0.6,0.5,0.6,0.4,88,111,0.15384615384615385,1,0
860281,2015-08-01,Sri Lanka,Pakistan,R Premadasa Stadium,0.5168539325842697,0.5535714285714286,0.4,0.6,0.4,0.6,0.375,89,112,0.14285714285714285,1,0
894293,2015-08-09,Zimbabwe,New Zealand,Harare Sports Club,0.2,0.4943820224719101,0.4,0.4,0.3,0.5,0.0,30,89,0.1,1,0
848839,2015-08-14,South Africa,New Zealand,Kingsmead,0.5445544554455446,0.5,0.6,0.4,0.4,0.5,0.7142857142857143,101,90,0.6,1,1
848841,2015-08-16,South Africa,New Zealand,SuperSport Park,0.5490196078431373,0.4945054945054945,0.8,0.4,0.5,0.4,0.7333333333333333,102,91,0.5,1,0
798615,2015-08-19,Ireland,Australia,YMCA Cricket Club,0.4594594594594595,0.5959595959595959,0.2,0.8,0.1,0.9,0.0,37,99,0.0,1,0
798619,2015-08-21,Ireland,Australia,YMCA Cricket Club,0.4473684210526316,0.6,0.2,0.8,0.1,0.9,0.0,38,100,0.0,1,0
798621,2015-08-22,Ireland,Australia,YMCA Cricket Club,0.4358974358974359,0.6039603960396039,0.0,1.0,0.1,0.9,0.0,39,101,0.0,1,0
798377,2015-08-26,England,Australia,County Ground,0.580952380952381,0.6078431372549019,1.0,1.0,0.7,0.9,0.42857142857142855,105,102,0.7,1,1
798379,2015-08-28,England,Australia,County Ground,0.5849056603773585,0.6019417475728155,1.0,0.8,0.7,0.8,0.45454545454545453,106,103,0.7272727272727273,1,0
798381,2015-08-31,England,Australia,Sophia Gardens,0.5794392523364486,0.6057692307692307,0.8,0.8,0.7,0.8,0.43478260869565216,107,104,1.0,1,1
743975,2015-08-31,England,Australia,Sophia Gardens,0.5833333333333334,0.6,0.8,0.6,0.7,0.7,0.4583333333333333,108,105,1.0,1,1
919603,2015-09-27,Zimbabwe,Pakistan,Harare Sports Club,0.1935483870967742,0.5575221238938053,0.2,0.8,0.3,0.7,0.0,31,113,0.09090909090909091,1,0
919605,2015-09-29,Zimbabwe,Pakistan,Harare Sports Club,0.1875,0.5614035087719298,0.2,1.0,0.3,0.7,0.0,32,114,0.08333333333333333,1,0
923321,2015-09-30,Pakistan,Bangladesh,Southend Club Cricket Stadium,0.5652173913043478,0.2391304347826087,1.0,0.6,0.8,0.3,0.8888888888888888,115,46,0.5,1,1
923323,2015-10-01,Pakistan,Bangladesh,Southend Club Cricket Stadium,0.5689655172413793,0.23404255319148937,1.0,0.4,0.8,0.3,0.9,116,47,1.0,1,1
903587,2015-10-02,India,South Africa,Himachal Pradesh Cricket Association Stadium,0.5223880597014925,0.5436893203883495,0.4,0.8,0.7,0.5,0.75,67,103,0.5,1,0
903589,2015-10-05,India,South Africa,Barabati Stadium,0.5147058823529411,0.5480769230769231,0.2,0.8,0.6,0.6,0.6666666666666666,68,104,0.5,1,0
892043,2015-10-29,West Indies,Pakistan,"National Cricket Stadium, St George's",0.5111111111111111,0.5726495726495726,0.6,1.0,0.5,0.8,0.5,90,117,0.5,1,1
915783,2015-11-09,Sri Lanka,West Indies,Pallekele International Cricket Stadium,0.5111111111111111,0.5164835164835165,0.2,0.6,0.3,0.6,0.5,90,91,0.8571428571428571,1,1
915785,2015-11-11,Sri Lanka,West Indies,R Premadasa Stadium,0.5164835164835165,0.5108695652173914,0.2,0.6,0.3,0.5,0.5333333333333333,91,92,0.13333333333333333,1,0
931396,2015-11-13,Bangladesh,Zimbabwe,Shere Bangla National Stadium,0.22916666666666666,0.18181818181818182,0.2,0.2,0.3,0.3,0.5,48,33,0.18181818181818182,1,1
931398,2015-11-15,Bangladesh,Zimbabwe,Shere Bangla National Stadium,0.24489795918367346,0.17647058823529413,0.2,0.2,0.4,0.3,0.6666666666666666,49,34,0.25,1,0
930575,2015-11-21,Hong Kong,Oman,Sheikh Zayed Stadium,0.6666666666666666,0.5,0.8,0.5,0.6666666666666666,0.5,0.5,6,0,0.5,0,0
930573,2015-11-22,United Arab Emirates,Oman,Sheikh Zayed Stadium,0.0,1.0,0.0,1.0,0.0,1.0,0.5,5,1,0.5,1,1
930577,2015-11-25,Hong Kong,Oman,Sheikh Zayed Stadium,0.5714285714285714,0.5,0.6,0.5,0.5714285714285714,0.5,0.0,7,2,0.0,1,0
930579,2015-11-26,Hong Kong,Oman,Sheikh Zayed Stadium,0.5,0.6666666666666666,0.4,0.6666666666666666,0.5,0.6666666666666666,0.0,8,3,0.0,1,1
902649,2015-11-26,England,Pakistan,Dubai International Cricket Stadium,0.5871559633027523,0.5677966101694916,0.8,0.8,0.8,0.8,0.7333333333333333,109,118,0.5,1,1
902651,2015-11-27,England,Pakistan,Dubai International Cricket Stadium,0.5909090909090909,0.5630252100840336,0.8,0.6,0.9,0.8,0.75,110,119,0.6,1,1
881755,2015-12-05,Bangladesh,Ireland,Terdthai Cricket Ground,0.24,0.425,0.2,0.0,0.4,0.1,0.6666666666666666,50,40,0.5,1,0
914217,2016-01-07,New Zealand,Sri Lanka,Bay Oval,0.5,0.5108695652173914,0.6,0.2,0.5,0.3,0.5384615384615384,92,92,0.5,1,1
914219,2016-01-10,New Zealand,Sri Lanka,Eden Park,0.5053763440860215,0.5053763440860215,0.6,0.2,0.6,0.3,0.5714285714285714,93,93,0.4444444444444444,1,1
958415,2016-01-15,Bangladesh,Zimbabwe,Sheikh Abu Naser Stadium,0.23529411764705882,0.2,0.2,0.2,0.4,0.3,0.5,51,35,0.5,1,1
914221,2016-01-15,New Zealand,Pakistan,Eden Park,0.5106382978723404,0.5583333333333333,0.8,0.4,0.6,0.7,0.4166666666666667,94,120,0.5,1,0
958417,2016-01-17,Bangladesh,Zimbabwe,Sheikh Abu Naser Stadium,0.25,0.19444444444444445,0.4,0.2,0.4,0.2,0.6,52,36,1.0,1,1
914223,2016-01-17,New Zealand,Pakistan,Seddon Park,0.5052631578947369,0.5619834710743802,0.6,0.4,0.5,0.7,0.38461538461538464,95,121,0.7142857142857143,1,1
958419,2016-01-20,Bangladesh,Zimbabwe,Sheikh Abu Naser Stadium,0.2641509433962264,0.1891891891891892,0.6,0.2,0.4,0.2,0.6666666666666666,53,37,1.0,1,0
914225,2016-01-22,New Zealand,Pakistan,Westpac Stadium,0.5104166666666666,0.5573770491803278,0.8,0.2,0.6,0.6,0.42857142857142855,96,122,0.42857142857142855,1,1
958421,2016-01-22,Bangladesh,Zimbabwe,Sheikh Abu Naser Stadium,0.25925925925925924,0.21052631578947367,0.4,0.4,0.3,0.3,0.5714285714285714,54,38,0.6666666666666666,1,0
895817,2016-01-26,Australia,India,Adelaide Oval,0.5943396226415094,0.5072463768115942,0.4,0.2,0.7,0.5,0.5454545454545454,106,69,0.0,1,0
895789,2016-01-29,Australia,India,Melbourne Cricket Ground,0.5887850467289719,0.5142857142857142,0.2,0.4,0.6,0.5,0.5,107,70,0.8,1,0
895819,2016-01-29,Australia,India,Melbourne Cricket Ground,0.5833333333333334,0.5211267605633803,0.2,0.4,0.5,0.5,0.46153846153846156,108,71,0.7272727272727273,1,0
953103,2016-01-30,Hong Kong,Scotland,"Mission Road Ground, Mong Kok",0.5555555555555556,0.4,0.4,0.6,0.5555555555555556,0.5,0.0,9,15,0.5,1,1
953105,2016-01-31,Hong Kong,Scotland,"Mission Road Ground, Mong Kok",0.6,0.375,0.4,0.6,0.6,0.5,0.5,10,16,1.0,1,0
895791,2016-01-31,Australia,India,Sydney Cricket Ground,0.5779816513761468,0.5277777777777778,0.0,0.6,0.4,0.5,0.42857142857142855,109,72,1.0,1,1
895821,2016-01-31,Australia,India,Sydney Cricket Ground,0.5818181818181818,0.5205479452054794,0.2,0.6,0.4,0.4,0.4666666666666667,110,73,1.0,1,0
967081,2016-02-03,United Arab Emirates,Netherlands,ICC Academy,0.16666666666666666,0.5769230769230769,0.2,1.0,0.16666666666666666,0.7,0.0,6,26,0.5,1,0
966373,2016-02-04,United Arab Emirates,Scotland,ICC Academy,0.14285714285714285,0.4117647058823529,0.2,0.6,0.14285714285714285,0.6,0.0,7,17,0.0,1,1
954735,2016-02-07,Ireland,Papua New Guinea,Tony Ireland Stadium,0.43902439024390244,1.0,0.2,1.0,0.2,1.0,0.0,41,2,0.5,1,1
954737,2016-02-09,Ireland,Papua New Guinea,Tony Ireland Stadium,0.4523809523809524,0.6666666666666666,0.4,0.6666666666666666,0.3,0.6666666666666666,0.5,42,3,1.0,1,0
963697,2016-02-09,India,Sri Lanka,Maharashtra Cricket Association Stadium,0.527027027027027,0.5,0.8,0.2,0.5,0.3,0.5,74,94,0.5,1,0
963699,2016-02-12,India,Sri Lanka,JSCA International Stadium Complex,0.52,0.5052631578947369,0.6,0.4,0.5,0.3,0.4444444444444444,75,95,0.5,1,1
963701,2016-02-14,India,Sri Lanka,Dr. Y.S. Rajasekhara Reddy ACA-VDCA Cricket Stadium,0.5263157894736842,0.5,0.6,0.2,0.5,0.2,0.5,76,96,0.5,1,1
954741,2016-02-14,United Arab Emirates,Ireland,Sheikh Zayed Stadium,0.25,0.4418604651162791,0.4,0.4,0.25,0.3,0.0,8,43,1.0,1,0
954743,2016-02-16,United Arab Emirates,Ireland,Sheikh Zayed Stadium,0.2222222222222222,0.45454545454545453,0.4,0.6,0.2222222222222222,0.3,0.0,9,44,0.5,1,1
907381,2016-02-18,South Africa,England,Boland Park,0.5523809523809524,0.5945945945945946,0.8,0.8,0.7,0.9,0.4166666666666667,105,111,0.5,1,0
966735,2016-02-19,Hong Kong,Oman,Khan Shaheb Osman Ali Stadium,0.5454545454545454,0.5,0.4,0.5,0.6,0.5,0.3333333333333333,11,4,0.5,1,0
800479,2016-02-19,South Africa,England,Newlands,0.5471698113207547,0.5982142857142857,0.6,1.0,0.6,0.9,0.38461538461538464,106,112,0.4,1,1
800481,2016-02-21,South Africa,England,New Wanderers Stadium,0.5514018691588785,0.5929203539823009,0.6,0.8,0.7,0.8,0.42857142857142855,107,113,0.6923076923076923,1,1
907385,2016-02-21,South Africa,England,New Wanderers Stadium,0.5555555555555556,0.5877192982456141,0.8,0.6,0.8,0.7,0.4666666666666667,108,114,0.7142857142857143,1,0
966739,2016-02-21,Hong Kong,United Arab Emirates,Khan Shaheb Osman Ali Stadium,0.5,0.3,0.4,0.6,0.5,0.3,0.5,12,10,0.0,1,0
966743,2016-02-22,Oman,United Arab Emirates,Shere Bangla National Stadium,0.6,0.36363636363636365,0.6,0.6,0.6,0.4,0.0,5,11,0.5,1,0
966745,2016-02-24,India,Bangladesh,Shere Bangla National Stadium,0.5324675324675324,0.2545454545454545,0.6,0.4,0.6,0.3,1.0,77,55,0.8333333333333334,1,1
966747,2016-02-25,Sri Lanka,United Arab Emirates,Shere Bangla National Stadium,0.4948453608247423,0.4166666666666667,0.2,0.8,0.2,0.5,0.5,97,12,1.0,1,1
966749,2016-02-26,Bangladesh,United Arab Emirates,Shere Bangla National Stadium,0.25,0.38461538461538464,0.4,0.6,0.3,0.5,0.5,56,13,0.21428571428571427,1,1
966751,2016-02-27,India,Pakistan,Shere Bangla National Stadium,0.5384615384615384,0.5528455284552846,0.8,0.2,0.7,0.5,0.7777777777777778,78,123,0.8571428571428571,1,1
966753,2016-02-28,Bangladesh,Sri Lanka,Shere Bangla National Stadium,0.2631578947368421,0.5,0.4,0.4,0.4,0.3,0.3333333333333333,57,98,0.26666666666666666,1,1
966755,2016-02-29,Pakistan,United Arab Emirates,Shere Bangla National Stadium,0.5483870967741935,0.35714285714285715,0.2,0.6,0.4,0.5,0.5,124,14,0.42857142857142855,1,1
966757,2016-03-01,India,Sri Lanka,Shere Bangla National Stadium,0.5443037974683544,0.494949494949495,0.8,0.4,0.8,0.3,0.5454545454545454,79,99,0.875,1,1
966759,2016-03-02,Bangladesh,Pakistan,Shere Bangla National Stadium,0.27586206896551724,0.552,0.4,0.4,0.5,0.4,0.09090909090909091,58,125,0.3125,1,1
966761,2016-03-03,India,United Arab Emirates,Shere Bangla National Stadium,0.55,0.3333333333333333,1.0,0.4,0.8,0.5,0.5,80,15,0.8888888888888888,1,1
884347,2016-03-04,South Africa,Australia,Kingsmead,0.5504587155963303,0.5765765765765766,0.6,0.2,0.7,0.3,0.35714285714285715,109,111,0.6666666666666666,1,1
907395,2016-03-04,South Africa,West Indies,Kingsmead,0.5545454545454546,0.5161290322580645,0.6,0.8,0.7,0.6,0.46153846153846156,110,93,0.7142857142857143,1,1
966763,2016-03-04,Pakistan,Sri Lanka,Shere Bangla National Stadium,0.5476190476190477,0.49,0.2,0.2,0.3,0.3,0.6470588235294118,126,100,0.4444444444444444,1,1
966765,2016-03-06,Bangladesh,India,Shere Bangla National Stadium,0.288135593220339,0.5555555555555556,0.6,1.0,0.5,0.8,0.0,59,81,0.35294117647058826,1,0
884349,2016-03-06,South Africa,Australia,New Wanderers Stadium,0.5585585585585585,0.5714285714285714,0.8,0.2,0.7,0.2,0.4,111,112,0.6666666666666666,1,0
951305,2016-03-08,Hong Kong,Zimbabwe,"Vidarbha Cricket Association Stadium, Jamtha",0.46153846153846156,0.23076923076923078,0.4,0.6,0.4,0.4,0.5,13,39,0.5,1,0
951311,2016-03-09,Ireland,Oman,Himachal Pradesh Cricket Association Stadium,0.4444444444444444,0.5,0.6,0.4,0.3,0.5,0.5,45,6,0.5,1,0
951309,2016-03-09,Bangladesh,Netherlands,Himachal Pradesh Cricket Association Stadium,0.2833333333333333,0.5925925925925926,0.6,1.0,0.5,0.7,0.5,60,27,0.5,1,1
884351,2016-03-09,South Africa,Australia,Newlands,0.5535714285714286,0.5752212389380531,0.6,0.4,0.6,0.3,0.375,112,113,0.5,1,0
907399,2016-03-09,South Africa,West Indies,Newlands,0.5486725663716814,0.5106382978723404,0.4,0.6,0.6,0.6,0.5,113,94,0.42857142857142855,1,1
951313,2016-03-10,Scotland,Zimbabwe,"Vidarbha Cricket Association Stadium, Jamtha",0.3888888888888889,0.25,0.4,0.6,0.5,0.4,0.5,18,40,0.5,1,0
951323,2016-03-12,Hong Kong,Scotland,"Vidarbha Cricket Association Stadium, Jamtha",0.42857142857142855,0.3684210526315789,0.2,0.4,0.3,0.5,0.3333333333333333,14,19,0.0,1,0
951325,2016-03-13,Ireland,Netherlands,Himachal Pradesh Cricket Association Stadium,0.43478260869565216,0.5714285714285714,0.4,0.8,0.3,0.7,0.5,46,28,0.0,1,0
951327,2016-03-13,Bangladesh,Oman,Himachal Pradesh Cricket Association Stadium,0.29508196721311475,0.5714285714285714,0.8,0.6,0.6,0.5714285714285714,0.5,61,7,1.0,1,1
951329,2016-03-15,India,New Zealand,"Vidarbha Cricket Association Stadium, Jamtha",0.5609756097560976,0.5154639175257731,1.0,0.8,0.8,0.7,0.0,82,97,0.0,1,0
951375,2016-03-15,India,Bangladesh,M Chinnaswamy Stadium,0.5542168674698795,0.3064516129032258,0.8,0.8,0.8,0.6,1.0,83,62,0.0,1,1
951377,2016-03-15,New Zealand,Sri Lanka,Feroz Shah Kotla,0.5204081632653061,0.48514851485148514,0.8,0.2,0.7,0.2,0.6,98,101,0.5,1,1
951331,2016-03-16,England,West Indies,Wankhede Stadium,0.591304347826087,0.5052631578947369,0.6,0.4,0.7,0.5,0.4444444444444444,115,95,1.0,1,0
951333,2016-03-16,Bangladesh,Pakistan,Eden Gardens,0.30158730158730157,0.5511811023622047,0.6,0.4,0.5,0.3,0.16666666666666666,63,127,0.5,1,0
951379,2016-03-16,Pakistan,West Indies,"MA Chidambaram Stadium, Chepauk",0.5546875,0.5104166666666666,0.6,0.4,0.4,0.5,0.4,128,96,0.5,1,0
951381,2016-03-17,Bangladesh,England,M Chinnaswamy Stadium,0.296875,0.5862068965517241,0.4,0.4,0.5,0.6,0.5,64,116,0.0,1,0
951385,2016-03-18,Australia,South Africa,"Vidarbha Cricket Association Stadium, Jamtha",0.5789473684210527,0.5526315789473685,0.6,0.6,0.3,0.6,0.6470588235294118,114,114,0.5,1,1
951337,2016-03-18,Australia,New Zealand,Himachal Pradesh Cricket Association Stadium,0.5826086956521739,0.5252525252525253,0.6,0.8,0.4,0.8,0.8571428571428571,115,99,0.5,1,0
951339,2016-03-18,England,South Africa,Wankhede Stadium,0.5897435897435898,0.5478260869565217,0.4,0.4,0.7,0.5,0.5625,117,115,0.5,1,1
951383,2016-03-18,Ireland,New Zealand,"Punjab Cricket Association IS Bindra Stadium, Mohali",0.425531914893617,0.53,0.2,1.0,0.3,0.8,0.0,47,100,0.5,1,0
951341,2016-03-19,India,Pakistan,Eden Gardens,0.5595238095238095,0.5503875968992248,0.8,0.6,0.8,0.4,0.8,84,129,0.0,1,1
951387,2016-03-19,India,Pakistan,Feroz Shah Kotla,0.5647058823529412,0.5461538461538461,0.8,0.4,0.9,0.4,0.8181818181818182,85,130,0.5,1,0
951389,2016-03-20,Bangladesh,West Indies,"MA Chidambaram Stadium, Chepauk",0.2923076923076923,0.5154639175257731,0.4,0.6,0.5,0.6,0.3333333333333333,65,97,0.5,1,0
951391,2016-03-20,Sri Lanka,Ireland,"Punjab Cricket Association IS Bindra Stadium, Mohali",0.4803921568627451,0.4166666666666667,0.2,0.2,0.2,0.3,1.0,102,48,0.5,1,1
951345,2016-03-20,Sri Lanka,West Indies,M Chinnaswamy Stadium,0.4854368932038835,0.5204081632653061,0.2,0.6,0.3,0.7,0.5,103,98,0.5,1,0
951347,2016-03-21,Australia,Bangladesh,M Chinnaswamy Stadium,0.5775862068965517,0.2878787878787879,0.6,0.2,0.4,0.5,1.0,116,66,0.5,1,1
951393,2016-03-21,Australia,New Zealand,"Vidarbha Cricket Association Stadium, Jamtha",0.5811965811965812,0.5346534653465347,0.8,1.0,0.5,0.9,0.75,117,101,1.0,1,0
951349,2016-03-22,New Zealand,Pakistan,"Punjab Cricket Association IS Bindra Stadium, Mohali",0.5392156862745098,0.549618320610687,1.0,0.6,0.9,0.4,0.4666666666666667,102,131,1.0,1,1
951395,2016-03-22,India,England,Himachal Pradesh Cricket Association Stadium,0.5581395348837209,0.5932203389830508,0.6,0.6,0.8,0.7,0.23076923076923078,86,118,0.0,1,0
951353,2016-03-23,India,Bangladesh,M Chinnaswamy Stadium,0.5517241379310345,0.2835820895522388,0.4,0.0,0.7,0.4,1.0,87,67,0.5,1,1
951397,2016-03-23,Ireland,South Africa,"MA Chidambaram Stadium, Chepauk",0.40816326530612246,0.5431034482758621,0.0,0.2,0.3,0.5,0.0,49,116,0.5,1,0
951403,2016-03-24,Bangladesh,Pakistan,Feroz Shah Kotla,0.27941176470588236,0.5454545454545454,0.0,0.4,0.3,0.4,0.15384615384615385,68,132,0.5,1,0
951399,2016-03-24,England,West Indies,Himachal Pradesh Cricket Association Stadium,0.5966386554621849,0.5252525252525253,0.8,0.8,0.7,0.7,0.42105263157894735,119,99,1.0,1,1
951401,2016-03-24,Australia,Sri Lanka,Feroz Shah Kotla,0.576271186440678,0.4807692307692308,0.6,0.2,0.5,0.3,0.25,118,104,0.5,1,1
951355,2016-03-25,Australia,Pakistan,"Punjab Cricket Association IS Bindra Stadium, Mohali",0.5798319327731093,0.5488721804511278,0.6,0.4,0.6,0.5,0.6111111111111112,119,133,0.5,1,1
951357,2016-03-25,South Africa,West Indies,"Vidarbha Cricket Association Stadium, Jamtha",0.5470085470085471,0.52,0.4,0.8,0.5,0.6,0.5333333333333333,117,100,0.0,1,0
951359,2016-03-26,Bangladesh,New Zealand,Eden Gardens,0.2753623188405797,0.5436893203883495,0.0,1.0,0.2,0.9,0.0,69,103,0.0,1,0
951361,2016-03-26,England,Sri Lanka,Feroz Shah Kotla,0.6,0.47619047619047616,0.8,0.2,0.7,0.2,0.42857142857142855,120,105,0.5,1,1
951405,2016-03-26,Australia,Ireland,Feroz Shah Kotla,0.5833333333333334,0.4,0.6,0.0,0.6,0.3,1.0,120,50,1.0,1,1
951407,2016-03-26,New Zealand,South Africa,M Chinnaswamy Stadium,0.5480769230769231,0.5423728813559322,1.0,0.4,0.9,0.4,0.3125,104,118,0.5,1,1
951409,2016-03-27,India,West Indies,"Punjab Cricket Association IS Bindra Stadium, Mohali",0.5568181818181818,0.5247524752475248,0.6,0.8,0.7,0.6,0.6,88,101,0.5,1,0
951411,2016-03-27,England,Pakistan,"MA Chidambaram Stadium, Chepauk",0.6033057851239669,0.5447761194029851,1.0,0.4,0.7,0.5,0.7647058823529411,121,134,0.5,1,1
951363,2016-03-27,India,Australia,"Punjab Cricket Association IS Bindra Stadium, Mohali",0.550561797752809,0.5867768595041323,0.4,0.8,0.6,0.7,0.5625,89,121,0.0,1,1
951413,2016-03-28,South Africa,Sri Lanka,M Chinnaswamy Stadium,0.5378151260504201,0.4716981132075472,0.2,0.2,0.4,0.2,0.6666666666666666,119,106,0.0,1,0
951367,2016-03-28,South Africa,Sri Lanka,Feroz Shah Kotla,0.5333333333333333,0.4766355140186916,0.2,0.4,0.3,0.3,0.6153846153846154,120,107,0.5,1,1
951369,2016-03-30,England,New Zealand,Feroz Shah Kotla,0.6065573770491803,0.5523809523809524,1.0,1.0,0.7,1.0,0.75,122,105,1.0,1,1
951415,2016-03-30,Australia,England,Feroz Shah Kotla,0.5819672131147541,0.6097560975609756,0.6,1.0,0.7,0.8,0.52,122,123,1.0,1,1
951371,2016-03-31,India,West Indies,Wankhede Stadium,0.5555555555555556,0.5294117647058824,0.4,0.8,0.6,0.7,0.5,90,102,0.0,1,0
951417,2016-03-31,New Zealand,West Indies,Wankhede Stadium,0.5471698113207547,0.5339805825242718,0.8,0.8,0.9,0.7,0.5555555555555556,106,103,0.5,1,0
951373,2016-04-03,England,West Indies,Eden Gardens,0.6048387096774194,0.5384615384615384,0.8,0.8,0.8,0.8,0.45,124,104,1.0,1,0
951419,2016-04-03,Australia,West Indies,Eden Gardens,0.5853658536585366,0.5428571428571428,0.8,1.0,0.7,0.9,0.6,123,105,0.5,1,0
1007655,2016-06-18,Zimbabwe,India,Harare Sports Club,0.2682926829268293,0.5494505494505495,0.8,0.4,0.5,0.5,0.25,41,91,0.07692307692307693,1,1
1007657,2016-06-20,Zimbabwe,India,Harare Sports Club,0.2857142857142857,0.5434782608695652,1.0,0.4,0.6,0.4,0.4,42,92,0.14285714285714285,1,0
1007659,2016-06-22,Zimbabwe,India,Harare Sports Club,0.27906976744186046,0.5483870967741935,0.8,0.4,0.6,0.5,0.3333333333333333,43,93,0.13333333333333333,1,0
946551,2016-07-03,England,Pakistan,County Ground,0.6,0.5407407407407407,0.6,0.4,0.7,0.4,0.7777777777777778,125,135,0.6666666666666666,1,1
946553,2016-07-05,England,Pakistan,The Rose Bowl,0.6031746031746031,0.5367647058823529,0.6,0.2,0.8,0.4,0.7894736842105263,126,136,0.5,1,1
913633,2016-07-05,England,Sri Lanka,The Rose Bowl,0.6062992125984252,0.4722222222222222,0.6,0.2,0.8,0.2,0.5,127,108,0.6,1,1
946555,2016-07-07,England,Pakistan,County Ground,0.609375,0.5328467153284672,0.6,0.2,0.8,0.3,0.8,128,137,0.6923076923076923,1,1
1041615,2016-08-27,India,West Indies,Central Broward Regional Park Stadium Turf Ground,0.5531914893617021,0.5471698113207547,0.6,1.0,0.5,0.9,0.42857142857142855,94,106,0.5,1,0
962023,2016-09-05,Ireland,Bangladesh,"Bready Cricket Club, Magheramason",0.39215686274509803,0.2714285714285714,0.0,0.0,0.2,0.2,0.5,51,70,0.0,1,1
1004729,2016-09-05,Ireland,Hong Kong,"Bready Cricket Club, Magheramason",0.40384615384615385,0.4,0.2,0.0,0.2,0.2,0.0,52,15,0.5,1,0
995467,2016-09-06,Sri Lanka,Australia,Pallekele International Cricket Stadium,0.46788990825688076,0.5806451612903226,0.2,0.6,0.2,0.6,0.6666666666666666,109,124,0.875,1,0
913663,2016-09-07,England,Pakistan,Old Trafford,0.6124031007751938,0.5289855072463768,0.8,0.0,0.8,0.2,0.8095238095238095,129,138,1.0,1,0
995469,2016-09-09,Sri Lanka,Australia,R Premadasa Stadium,0.4636363636363636,0.584,0.2,0.6,0.2,0.6,0.6,110,125,0.125,1,0
1050217,2016-09-23,Pakistan,West Indies,Dubai International Cricket Stadium,0.5323741007194245,0.5514018691588785,0.2,1.0,0.3,0.9,0.3333333333333333,139,107,0.4444444444444444,1,1
1050219,2016-09-24,Pakistan,West Indies,Dubai International Cricket Stadium,0.5357142857142857,0.5462962962962963,0.4,0.8,0.4,0.8,0.42857142857142855,140,108,0.47368421052631576,1,1
1044211,2016-09-27,Sri Lanka,Australia,Sinhalese Sports Club Ground,0.4594594594594595,0.5873015873015873,0.2,0.6,0.2,0.7,0.5454545454545454,111,126,0.5,1,0
1050221,2016-09-27,Pakistan,West Indies,Sheikh Zayed Stadium,0.5390070921985816,0.5412844036697247,0.6,0.6,0.4,0.7,0.5,141,109,0.25,1,1
1050615,2016-11-21,New Zealand,Pakistan,Saxton Oval,0.5420560747663551,0.5422535211267606,0.6,0.8,0.8,0.5,0.5,107,142,0.0,1,1
1065348,2016-12-04,India,Pakistan,Asian Institute of Technology Ground,0.5473684210526316,0.5384615384615384,0.4,0.8,0.4,0.4,0.75,95,143,0.5,1,1
1019979,2017-01-03,New Zealand,Bangladesh,McLean Park,0.5462962962962963,0.2676056338028169,0.6,0.0,0.8,0.1,1.0,108,71,0.5,1,1
1019981,2017-01-06,New Zealand,Bangladesh,Bay Oval,0.5504587155963303,0.2638888888888889,0.6,0.0,0.8,0.0,1.0,109,72,1.0,1,1
1019983,2017-01-08,New Zealand,Bangladesh,Bay Oval,0.5545454545454546,0.2602739726027397,0.6,0.0,0.8,0.0,1.0,110,73,1.0,1,1
1074957,2017-01-14,Hong Kong,Scotland,Sheikh Zayed Stadium,0.4375,0.4,0.2,0.4,0.3,0.5,0.25,16,20,0.3333333333333333,1,0
1074959,2017-01-15,Netherlands,Oman,Sheikh Zayed Stadium,0.5862068965517241,0.5,0.8,0.4,0.8,0.5,0.5,29,8,1.0,1,1
1074961,2017-01-16,Hong Kong,Oman,Sheikh Zayed Stadium,0.4117647058823529,0.4444444444444444,0.2,0.4,0.3,0.4444444444444444,0.25,17,9,0.25,1,0
1074964,2017-01-17,Netherlands,Scotland,Sheikh Zayed Stadium,0.6,0.42857142857142855,0.8,0.6,0.9,0.6,0.75,30,21,1.0,1,0
1074966,2017-01-18,Hong Kong,Netherlands,Dubai International Cricket Stadium,0.3888888888888889,0.5806451612903226,0.2,0.6,0.3,0.8,0.5,18,31,0.5,1,1
1074965,2017-01-18,United Arab Emirates,Ireland,Dubai International Cricket Stadium,0.3125,0.39622641509433965,0.2,0.2,0.4,0.2,0.3333333333333333,16,53,0.5,1,0
1074968,2017-01-19,Oman,Scotland,Dubai International Cricket Stadium,0.5,0.45454545454545453,0.4,0.6,0.5,0.6,0.5,10,22,0.5,1,0
936153,2017-01-20,South Africa,Sri Lanka,SuperSport Park,0.5371900826446281,0.45535714285714285,0.4,0.0,0.3,0.2,0.6428571428571429,121,112,0.4,1,1
1074970,2017-01-20,Ireland,Scotland,Dubai International Cricket Stadium,0.4074074074074074,0.4782608695652174,0.4,0.8,0.2,0.6,0.6666666666666666,54,23,1.0,1,1
936155,2017-01-22,South Africa,Sri Lanka,New Wanderers Stadium,0.5409836065573771,0.45132743362831856,0.4,0.0,0.4,0.1,0.6666666666666666,122,113,0.625,1,0
936157,2017-01-25,South Africa,Sri Lanka,Newlands,0.5365853658536586,0.45614035087719296,0.4,0.2,0.4,0.2,0.625,123,114,0.5,1,0
1034825,2017-01-26,India,England,Green Park,0.5520833333333334,0.6076923076923076,0.6,0.8,0.5,0.7,0.21428571428571427,96,130,0.5,1,0
1034827,2017-01-29,India,England,"Vidarbha Cricket Association Stadium, Jamtha",0.5463917525773195,0.6106870229007634,0.6,0.8,0.5,0.7,0.2,97,131,0.0,1,1
1034829,2017-02-01,India,England,M Chinnaswamy Stadium,0.5510204081632653,0.6060606060606061,0.6,0.6,0.5,0.6,0.25,98,132,0.6666666666666666,1,1
1001349,2017-02-17,Australia,Sri Lanka,Melbourne Cricket Ground,0.5905511811023622,0.4608695652173913,0.8,0.4,0.7,0.3,0.5,127,115,0.6666666666666666,1,0
1043989,2017-02-17,Australia,New Zealand,Melbourne Cricket Ground,0.5859375,0.5585585585585585,0.6,0.8,0.7,0.8,0.6666666666666666,128,111,0.6153846153846154,1,1
1020029,2017-02-17,New Zealand,South Africa,Eden Park,0.5535714285714286,0.532258064516129,0.8,0.4,0.7,0.3,0.35294117647058826,112,124,0.45454545454545453,1,0
1001351,2017-02-19,Australia,Sri Lanka,"Simonds Stadium, South Geelong",0.5891472868217055,0.46551724137931033,0.8,0.6,0.7,0.4,0.46153846153846156,129,116,0.5,1,0
1043991,2017-02-19,Australia,New Zealand,"Simonds Stadium, South Geelong",0.5846153846153846,0.5486725663716814,0.6,0.6,0.6,0.6,0.7,130,113,0.0,1,0
1043993,2017-02-22,Australia,New Zealand,Adelaide Oval,0.5801526717557252,0.5526315789473685,0.4,0.6,0.5,0.6,0.6363636363636364,131,114,0.0,1,0
1001353,2017-02-22,Australia,Sri Lanka,Adelaide Oval,0.5757575757575758,0.4700854700854701,0.2,0.8,0.5,0.4,0.42857142857142855,132,117,0.0,1,1
1077947,2017-03-26,West Indies,Pakistan,"Kensington Oval, Bridgetown",0.5363636363636364,0.5347222222222222,0.4,0.6,0.7,0.4,0.4444444444444444,110,144,0.7142857142857143,1,0
1077948,2017-03-30,West Indies,Pakistan,"Queen's Park Oval, Port of Spain",0.5315315315315315,0.5379310344827586,0.2,0.6,0.6,0.5,0.4,111,145,0.3333333333333333,1,0
1085495,2017-04-01,West Indies,Pakistan,"Queen's Park Oval, Port of Spain",0.5267857142857143,0.541095890410959,0.0,0.6,0.5,0.6,0.36363636363636365,112,146,0.25,1,1
1085496,2017-04-02,West Indies,Pakistan,"Queen's Park Oval, Port of Spain",0.5309734513274337,0.5374149659863946,0.2,0.4,0.5,0.6,0.4166666666666667,113,147,0.4,1,0
1083449,2017-04-04,Sri Lanka,Bangladesh,R Premadasa Stadium,0.4661016949152542,0.25675675675675674,0.8,0.0,0.4,0.0,0.5714285714285714,118,74,0.11764705882352941,1,1
1083450,2017-04-06,Sri Lanka,Bangladesh,R Premadasa Stadium,0.47058823529411764,0.25333333333333335,0.8,0.0,0.5,0.0,0.625,119,75,0.16666666666666666,1,0
1089202,2017-04-12,United Arab Emirates,Papua New Guinea,Sheikh Zayed Stadium,0.29411764705882354,0.75,0.0,0.75,0.4,0.75,0.5,17,4,0.6666666666666666,1,1
1089243,2017-04-14,United Arab Emirates,Papua New Guinea,Sheikh Zayed Stadium,0.3333333333333333,0.6,0.2,0.6,0.4,0.6,1.0,18,5,0.75,1,1
1089203,2017-04-14,United Arab Emirates,Papua New Guinea,Sheikh Zayed Stadium,0.3684210526315789,0.5,0.4,0.4,0.5,0.5,1.0,19,6,0.8,1,1
1031431,2017-06-21,England,South Africa,The Rose Bowl,0.6015037593984962,0.536,0.4,0.6,0.5,0.4,0.5882352941176471,133,125,0.6666666666666666,1,1
1031433,2017-06-23,England,South Africa,County Ground,0.6044776119402985,0.5317460317460317,0.4,0.4,0.6,0.4,0.6111111111111112,134,126,0.7142857142857143,1,0
1031435,2017-06-25,England,South Africa,Sophia Gardens,0.6,0.5354330708661418,0.4,0.4,0.6,0.4,0.5789473684210527,135,127,1.0,1,1
1098211,2017-07-09,West Indies,India,"Sabina Park, Kingston",0.5263157894736842,0.5555555555555556,0.2,0.6,0.4,0.6,0.625,114,99,0.5,1,1
1109610,2017-09-06,Sri Lanka,India,"R.Premadasa Stadium, Khettarama",0.4666666666666667,0.55,0.6,0.6,0.5,0.5,0.4166666666666667,120,100,0.5,1,0
1117821,2017-09-12,Pakistan,ICC World XI,Gaddafi Stadium,0.5405405405405406,0.5,0.6,0.5,0.7,0.5,0.5,148,0,1.0,0,1
1117822,2017-09-13,Pakistan,ICC World XI,Gaddafi Stadium,0.5436241610738255,0.0,0.8,0.0,0.7,0.0,1.0,149,1,1.0,1,0
1117824,2017-09-15,Pakistan,ICC World XI,Gaddafi Stadium,0.54,0.5,0.6,0.5,0.6,0.5,0.5,150,2,0.75,1,1
1031665,2017-09-16,West Indies,England,Riverside Ground,0.5304347826086957,0.6029411764705882,0.4,0.4,0.4,0.6,0.5714285714285714,115,136,0.0,1,1
1119501,2017-10-07,Australia,India,JSCA International Stadium Complex,0.5789473684210527,0.5544554455445545,0.4,0.6,0.5,0.6,0.4117647058823529,133,101,0.5,1,0
1119502,2017-10-10,India,Australia,Barsapara Cricket Stadium,0.5588235294117647,0.5746268656716418,0.8,0.2,0.7,0.5,0.6111111111111112,102,134,0.5,1,0
1122902,2017-10-21,West Indies,Sri Lanka,Coolidge Cricket Ground,0.5344827586206896,0.4628099173553719,0.6,0.4,0.4,0.5,0.5294117647058824,116,121,0.5,1,1
1075507,2017-10-26,South Africa,Bangladesh,Mangaung Oval,0.53125,0.2631578947368421,0.4,0.2,0.4,0.1,1.0,128,76,0.5,1,1
1120291,2017-10-26,Sri Lanka,Pakistan,Sheikh Zayed Stadium,0.45901639344262296,0.543046357615894,0.2,0.6,0.5,0.6,0.3333333333333333,122,151,0.0,1,0
1120292,2017-10-27,Sri Lanka,Pakistan,Sheikh Zayed Stadium,0.45528455284552843,0.5460526315789473,0.2,0.8,0.5,0.6,0.3157894736842105,123,152,0.0,1,0
1120293,2017-10-29,Pakistan,Sri Lanka,Gaddafi Stadium,0.5490196078431373,0.45161290322580644,0.8,0.0,0.7,0.4,0.7,153,124,0.8,1,1
1075508,2017-10-29,South Africa,Bangladesh,Senwes Park,0.5348837209302325,0.2597402597402597,0.6,0.2,0.5,0.1,1.0,129,77,0.8,1,1
1120093,2017-11-01,India,New Zealand,Arun Jaitley Stadium,0.5533980582524272,0.5565217391304348,0.6,0.6,0.6,0.6,0.0,103,115,0.5,1,1
1120094,2017-11-04,New Zealand,India,Saurashtra Cricket Association Stadium,0.5517241379310345,0.5576923076923077,0.4,0.6,0.6,0.6,0.8571428571428571,116,104,0.5,1,1
1120095,2017-11-07,India,New Zealand,Greenfield International Stadium,0.5523809523809524,0.5555555555555556,0.6,0.6,0.6,0.7,0.125,105,117,0.5,1,1
1122908,2017-11-09,New Zealand,Pakistan,Sharjah Cricket Stadium,0.5508474576271186,0.551948051948052,0.6,0.8,0.6,0.8,0.5294117647058824,118,154,0.5,1,1
1122909,2017-11-12,New Zealand,Pakistan,Sharjah Cricket Stadium,0.5546218487394958,0.5483870967741935,0.6,0.8,0.6,0.7,0.5555555555555556,119,155,1.0,1,1
1122910,2017-11-14,Pakistan,New Zealand,Sharjah Cricket Stadium,0.5448717948717948,0.5583333333333333,0.6,0.6,0.6,0.6,0.42105263157894735,156,120,0.42857142857142855,1,0
1086067,2017-11-17,England,Australia,North Sydney Oval,0.5985401459854015,0.5777777777777777,0.4,0.4,0.5,0.5,0.46153846153846156,137,135,0.5,1,0
1086068,2017-11-19,England,Australia,Manuka Oval,0.5942028985507246,0.5808823529411765,0.4,0.6,0.4,0.5,0.4444444444444444,138,136,0.5,1,1
1086069,2017-11-21,Australia,England,Manuka Oval,0.5766423357664233,0.5971223021582733,0.6,0.4,0.4,0.4,0.5357142857142857,137,139,0.0,1,0
1122729,2017-12-20,India,Sri Lanka,Barabati Stadium,0.5566037735849056,0.448,0.6,0.0,0.6,0.3,0.6153846153846154,106,125,0.0,1,1
1122730,2017-12-22,India,Sri Lanka,Holkar Cricket Stadium,0.5607476635514018,0.4444444444444444,0.6,0.0,0.7,0.2,0.6428571428571429,107,126,0.5,1,1
1122731,2017-12-24,Sri Lanka,India,Wankhede Stadium,0.4409448818897638,0.5648148148148148,0.0,0.8,0.1,0.7,0.3333333333333333,127,108,0.5,1,0
1115798,2017-12-29,New Zealand,West Indies,Saxton Oval,0.5619834710743802,0.5384615384615384,0.8,0.8,0.6,0.4,0.5,121,117,0.5,1,1
1115800,2018-01-03,New Zealand,West Indies,Bay Oval,0.5655737704918032,0.5338983050847458,0.8,0.6,0.7,0.4,0.5454545454545454,122,118,1.0,1,1
1115807,2018-01-22,Pakistan,New Zealand,Westpac Stadium,0.5414012738853503,0.5691056910569106,0.4,1.0,0.6,0.8,0.4,157,123,0.0,1,0
1115808,2018-01-25,Pakistan,New Zealand,Eden Park,0.5379746835443038,0.5725806451612904,0.2,1.0,0.5,0.8,0.38095238095238093,158,124,0.5,1,1
1115809,2018-01-28,Pakistan,New Zealand,Bay Oval,0.5408805031446541,0.568,0.2,0.8,0.5,0.7,0.4090909090909091,159,125,0.5,1,1
1072316,2018-02-03,New Zealand,Australia,Sydney Cricket Ground,0.5634920634920635,0.572463768115942,0.6,0.4,0.7,0.4,0.4166666666666667,126,138,0.0,1,0
1072317,2018-02-07,England,Australia,Bellerive Oval,0.6,0.5755395683453237,0.6,0.6,0.5,0.4,0.4827586206896552,140,139,0.0,1,0
1072318,2018-02-10,England,Australia,Melbourne Cricket Ground,0.5957446808510638,0.5785714285714286,0.4,0.6,0.4,0.5,0.4666666666666667,141,140,0.0,1,0
1123206,2018-02-13,South Africa,India,Senwes Park,0.5384615384615384,0.5688073394495413,0.6,0.8,0.6,0.7,0.4,130,109,0.8333333333333334,1,0
1072319,2018-02-13,New Zealand,England,Westpac Stadium,0.5590551181102362,0.5915492957746479,0.4,0.4,0.6,0.4,0.23529411764705882,127,142,0.5555555555555556,1,1
1130746,2018-02-15,Bangladesh,Sri Lanka,"Shere Bangla National Stadium, Mirpur",0.2564102564102564,0.4375,0.2,0.0,0.1,0.1,0.4444444444444444,78,128,0.5,1,0
1072320,2018-02-16,New Zealand,Australia,Eden Park,0.5625,0.5815602836879432,0.4,0.6,0.7,0.6,0.38461538461538464,128,141,0.38461538461538464,1,0
1123207,2018-02-16,South Africa,India,Buffalo Park,0.5343511450381679,0.5727272727272728,0.6,1.0,0.5,0.8,0.36363636363636365,131,110,0.0,1,0
1123208,2018-02-18,India,South Africa,The Wanderers Stadium,0.5765765765765766,0.5303030303030303,1.0,0.4,0.8,0.4,0.6666666666666666,111,132,0.5,1,0
1122285,2018-02-18,India,South Africa,The Wanderers Stadium,0.5714285714285714,0.5338345864661654,0.8,0.6,0.7,0.5,0.6153846153846154,112,133,0.0,1,1
1130747,2018-02-18,Sri Lanka,Bangladesh,Sylhet International Cricket Stadium,0.4418604651162791,0.25316455696202533,0.2,0.2,0.1,0.1,0.6,129,79,0.5,1,1
1072321,2018-02-18,England,New Zealand,Seddon Park,0.5874125874125874,0.5581395348837209,0.4,0.2,0.4,0.6,0.7222222222222222,143,129,0.5,1,1
1122286,2018-02-21,India,South Africa,SuperSport Park,0.5752212389380531,0.5298507462686567,0.8,0.4,0.8,0.5,0.6428571428571429,113,134,0.5,1,0
1072322,2018-02-21,New Zealand,Australia,Eden Park,0.5538461538461539,0.5845070422535211,0.2,0.8,0.5,0.7,0.35714285714285715,130,142,0.35714285714285715,1,0
1122287,2018-02-24,India,South Africa,Newlands,0.5701754385964912,0.5333333333333333,0.6,0.4,0.7,0.5,0.6,114,135,0.5,1,1
1123210,2018-02-24,India,South Africa,Newlands,0.5739130434782609,0.5294117647058824,0.6,0.4,0.8,0.5,0.625,115,136,1.0,1,1
1133817,2018-03-06,India,Sri Lanka,"R.Premadasa Stadium, Khettarama",0.5775862068965517,0.4461538461538462,0.6,0.4,0.8,0.2,0.6875,116,130,1.0,1,0
1133818,2018-03-08,Bangladesh,India,"R.Premadasa Stadium, Khettarama",0.25,0.5726495726495726,0.2,0.6,0.1,0.7,0.0,80,117,0.5,1,0
1133819,2018-03-10,Sri Lanka,Bangladesh,"R.Premadasa Stadium, Khettarama",0.45038167938931295,0.24691358024691357,0.6,0.0,0.3,0.1,0.6363636363636364,131,81,0.5,1,0
1133820,2018-03-12,Sri Lanka,India,"R.Premadasa Stadium, Khettarama",0.44696969696969696,0.576271186440678,0.6,0.6,0.3,0.7,0.35294117647058826,132,118,0.3333333333333333,1,0
1138194,2018-03-14,New Zealand,West Indies,Bay Oval,0.549618320610687,0.5294117647058824,0.2,0.6,0.4,0.4,0.5833333333333334,131,119,0.8,1,1
1133821,2018-03-14,India,Bangladesh,"R.Premadasa Stadium, Khettarama",0.5798319327731093,0.25609756097560976,0.8,0.2,0.7,0.2,1.0,119,82,0.75,1,1
1138195,2018-03-16,New Zealand,West Indies,Bay Oval,0.553030303030303,0.525,0.4,0.4,0.4,0.4,0.6153846153846154,132,120,0.8333333333333334,1,1
1133822,2018-03-16,Sri Lanka,Bangladesh,"R.Premadasa Stadium, Khettarama",0.44360902255639095,0.25301204819277107,0.6,0.2,0.3,0.2,0.5833333333333334,133,83,0.25,1,0
1133823,2018-03-18,Bangladesh,India,"R.Premadasa Stadium, Khettarama",0.2619047619047619,0.5833333333333334,0.4,0.8,0.3,0.7,0.0,84,120,0.5,1,0
1138196,2018-03-20,New Zealand,West Indies,Pukekura Park,0.556390977443609,0.5206611570247934,0.4,0.2,0.4,0.4,0.6428571428571429,133,121,0.5,1,1
1131235,2018-03-22,India,Australia,Brabourne Stadium,0.5867768595041323,0.5874125874125874,0.8,1.0,0.7,0.7,0.5789473684210527,121,143,1.0,1,0
1131236,2018-03-23,Australia,England,Brabourne Stadium,0.5902777777777778,0.5902777777777778,1.0,0.4,0.8,0.4,0.5483870967741935,144,144,0.5,1,0
1138198,2018-03-25,West Indies,New Zealand,Seddon Park,0.5163934426229508,0.5597014925373134,0.0,0.6,0.4,0.4,0.3333333333333333,122,134,0.0,1,0
1131237,2018-03-25,India,England,Brabourne Stadium,0.5819672131147541,0.593103448275862,0.8,0.4,0.7,0.5,0.29411764705882354,122,145,0.5,1,0
1131238,2018-03-26,Australia,India,Brabourne Stadium,0.5862068965517241,0.5772357723577236,0.8,0.6,0.7,0.6,0.45,145,123,0.3333333333333333,1,1
1138202,2018-03-28,Sri Lanka,Pakistan,Sinhalese Sports Club Ground,0.44029850746268656,0.54375,0.4,0.4,0.3,0.6,0.2857142857142857,134,160,0.0,1,0
1131239,2018-03-28,England,Australia,Brabourne Stadium,0.5958904109589042,0.589041095890411,0.6,0.8,0.5,0.7,0.46875,146,146,1.0,1,0
1131240,2018-03-29,England,India,Brabourne Stadium,0.5918367346938775,0.5725806451612904,0.6,0.4,0.5,0.6,0.7222222222222222,147,124,0.6666666666666666,1,0
1138203,2018-03-30,Pakistan,Sri Lanka,Nondescripts Cricket Club Ground,0.546583850931677,0.43703703703703706,0.6,0.2,0.6,0.3,0.7272727272727273,161,135,0.5,1,0
1131241,2018-03-31,Australia,England,Brabourne Stadium,0.5918367346938775,0.5878378378378378,0.8,0.6,0.8,0.5,0.5454545454545454,147,148,0.6,1,1
1140069,2018-04-01,Pakistan,West Indies,National Stadium,0.5432098765432098,0.5121951219512195,0.6,0.0,0.5,0.3,0.6153846153846154,162,123,1.0,1,1
1140070,2018-04-02,Pakistan,West Indies,National Stadium,0.5460122699386503,0.5080645161290323,0.8,0.0,0.5,0.3,0.6428571428571429,163,124,1.0,1,1
1140071,2018-04-03,West Indies,Pakistan,National Stadium,0.504,0.5487804878048781,0.0,0.8,0.2,0.5,0.3333333333333333,125,164,0.0,1,0
1144441,2018-05-19,South Africa,Bangladesh,Mangaung Oval,0.5255474452554745,0.25882352941176473,0.4,0.4,0.4,0.3,1.0,137,85,1.0,1,1
1144442,2018-05-20,South Africa,Bangladesh,Mangaung Oval,0.5289855072463768,0.2558139534883721,0.4,0.4,0.5,0.2,1.0,138,86,1.0,1,1
1141232,2018-05-31,West Indies,ICC World XI,Lord's,0.5,0.3333333333333333,0.0,0.3333333333333333,0.1,0.3333333333333333,0.5,126,3,1.0,1,1
1148050,2018-06-03,Thailand,Pakistan,Kinrara Academy Oval,0.5,0.5515151515151515,0.5,0.8,0.5,0.6,0.5,0,165,0.5,0,0
1148048,2018-06-03,India,Malaysia,Kinrara Academy Oval,0.576,0.5,0.4,0.5,0.6,0.5,0.5,125,0,0.5,0,1
1148051,2018-06-04,Pakistan,Bangladesh,Kinrara Academy Oval,0.5542168674698795,0.25287356321839083,0.8,0.2,0.7,0.2,0.8571428571428571,166,87,1.0,1,0
1148052,2018-06-04,India,Thailand,Royal Selangor Club,0.5793650793650794,0.0,0.4,0.0,0.6,0.0,0.5,126,1,0.5,1,1
1148053,2018-06-04,Sri Lanka,Malaysia,Royal Selangor Club,0.4411764705882353,0.0,0.2,0.0,0.4,0.0,0.5,136,1,0.5,1,1
1145890,2018-06-06,Ireland,New Zealand,YMCA Cricket Club,0.41818181818181815,0.562962962962963,0.6,0.8,0.3,0.5,0.0,55,135,0.0,1,0
1148054,2018-06-06,Pakistan,Sri Lanka,Kinrara Academy Oval,0.5508982035928144,0.44525547445255476,0.8,0.4,0.7,0.5,0.6956521739130435,167,137,0.5,1,1
1148055,2018-06-06,Malaysia,Thailand,Royal Selangor Club,0.0,0.0,0.0,0.0,0.0,0.0,0.5,2,2,0.0,1,0
1148056,2018-06-06,India,Bangladesh,Kinrara Academy Oval,0.5826771653543307,0.26136363636363635,0.6,0.4,0.7,0.3,1.0,127,88,1.0,1,0
1148057,2018-06-07,Thailand,Bangladesh,Kinrara Academy Oval,0.3333333333333333,0.2696629213483146,0.3333333333333333,0.4,0.3333333333333333,0.4,0.5,3,89,0.0,1,0
1148058,2018-06-07,Pakistan,Malaysia,Royal Selangor Club,0.5535714285714286,0.0,0.8,0.0,0.8,0.0,0.5,168,3,0.5,1,1
1148059,2018-06-07,Sri Lanka,India,Royal Selangor Club,0.4420289855072464,0.578125,0.4,0.6,0.5,0.6,0.3333333333333333,138,128,1.0,1,0
1148060,2018-06-09,Pakistan,India,Kinrara Academy Oval,0.5562130177514792,0.5813953488372093,0.8,0.8,0.8,0.6,0.23076923076923078,169,129,0.6666666666666666,1,0
1148061,2018-06-09,Sri Lanka,Thailand,Royal Selangor Club,0.43884892086330934,0.25,0.4,0.25,0.4,0.25,0.5,139,4,0.5,1,0
1148062,2018-06-09,Bangladesh,Malaysia,Kinrara Academy Oval,0.2777777777777778,0.0,0.6,0.0,0.5,0.0,0.5,90,4,1.0,1,1
1148063,2018-06-10,India,Bangladesh,Kinrara Academy Oval,0.5846153846153846,0.2857142857142857,0.8,0.8,0.6,0.6,0.9090909090909091,130,91,0.6666666666666666,1,0
1127300,2018-06-12,Pakistan,Scotland,"Grange Cricket Club, Raeburn Place",0.5529411764705883,0.4583333333333333,0.6,0.8,0.7,0.6,1.0,170,24,0.5,1,1
1142501,2018-06-12,Netherlands,Ireland,Hazelaarweg,0.5625,0.4107142857142857,0.4,0.6,0.7,0.3,0.6,32,56,1.0,1,1
1127301,2018-06-13,Pakistan,Scotland,"Grange Cricket Club, Raeburn Place",0.5555555555555556,0.44,0.6,0.6,0.7,0.5,1.0,171,25,1.0,1,1
1142502,2018-06-13,Ireland,Netherlands,Hazelaarweg,0.40350877192982454,0.5757575757575758,0.4,0.6,0.3,0.7,0.3333333333333333,57,33,0.0,1,0
1142503,2018-06-16,Ireland,Scotland,Sportpark Het Schootsveld,0.39655172413793105,0.4230769230769231,0.4,0.4,0.3,0.5,0.75,58,26,0.5,1,1
1142505,2018-06-19,Netherlands,Scotland,VRA Ground,0.5882352941176471,0.4074074074074074,0.6,0.2,0.7,0.4,0.6,34,27,1.0,1,0
1126721,2018-06-20,England,South Africa,The Cooper Associates County Ground,0.5838926174496645,0.5323741007194245,0.4,0.6,0.4,0.5,0.6,149,139,0.5,1,1
1126720,2018-06-20,New Zealand,South Africa,The Cooper Associates County Ground,0.5661764705882353,0.5285714285714286,1.0,0.4,0.6,0.4,0.3333333333333333,136,140,0.5,1,1
1142506,2018-06-20,Scotland,Netherlands,VRA Ground,0.42857142857142855,0.5714285714285714,0.2,0.4,0.5,0.6,0.5,28,35,1.0,1,1
1126723,2018-06-23,England,New Zealand,The Cooper Associates County Ground,0.5866666666666667,0.5693430656934306,0.4,1.0,0.4,0.7,0.7368421052631579,150,137,1.0,1,1
1126722,2018-06-23,England,South Africa,The Cooper Associates County Ground,0.5894039735099338,0.524822695035461,0.4,0.4,0.5,0.4,0.6190476190476191,151,141,1.0,1,0
1140992,2018-06-27,India,Ireland,"The Village, Malahide",0.5801526717557252,0.4067796610169492,0.6,0.4,0.5,0.4,1.0,131,59,0.5,1,1
1119542,2018-06-27,England,Australia,Edgbaston,0.5855263157894737,0.5945945945945946,0.4,0.8,0.5,0.9,0.4411764705882353,152,148,1.0,1,1
1126725,2018-06-28,New Zealand,England,County Ground,0.5652173913043478,0.5882352941176471,0.8,0.6,0.6,0.6,0.25,138,153,0.5,1,0
1126724,2018-06-28,South Africa,New Zealand,County Ground,0.528169014084507,0.5611510791366906,0.6,0.6,0.5,0.6,0.631578947368421,142,139,0.3333333333333333,1,0
1145894,2018-06-28,Ireland,Bangladesh,YMCA Cricket Club,0.4,0.29347826086956524,0.2,1.0,0.4,0.6,0.6,60,92,0.0,1,0
1145895,2018-06-29,Ireland,Bangladesh,"The Village, Malahide, Dublin",0.39344262295081966,0.3010752688172043,0.2,1.0,0.4,0.7,0.5,61,93,0.5,1,0
1140993,2018-06-29,India,Ireland,"The Village, Malahide",0.5833333333333334,0.3870967741935484,0.6,0.2,0.6,0.3,1.0,132,62,1.0,1,1
1126726,2018-07-01,New Zealand,England,County Ground,0.5642857142857143,0.5909090909090909,0.6,0.8,0.7,0.6,0.23809523809523808,140,154,0.5,1,0
1142913,2018-07-01,Pakistan,Zimbabwe,Harare Sports Club,0.5581395348837209,0.2727272727272727,0.8,0.6,0.8,0.6,1.0,172,44,1.0,1,1
1145896,2018-07-01,Bangladesh,Ireland,"Pembroke Cricket Club, Sandymount",0.30851063829787234,0.38095238095238093,1.0,0.2,0.7,0.3,0.5714285714285714,94,63,0.5,1,0
1142914,2018-07-02,Pakistan,Australia,Harare Sports Club,0.5606936416184971,0.5906040268456376,0.8,0.6,0.8,0.8,0.3684210526315789,173,149,1.0,1,0
1142915,2018-07-03,Australia,Zimbabwe,Harare Sports Club,0.5933333333333334,0.26666666666666666,0.8,0.4,0.8,0.5,0.0,150,45,1.0,1,1
1119543,2018-07-03,England,India,Old Trafford,0.5935483870967742,0.5864661654135338,0.8,0.8,0.6,0.7,0.6842105263157895,155,133,0.8,1,0
1142916,2018-07-04,Zimbabwe,Pakistan,Harare Sports Club,0.2608695652173913,0.5574712643678161,0.2,0.6,0.5,0.7,0.0,46,174,0.1111111111111111,1,0
1142917,2018-07-05,Pakistan,Australia,Harare Sports Club,0.56,0.5960264900662252,0.8,0.8,0.7,0.8,0.35,175,151,0.8888888888888888,1,1
1119544,2018-07-06,India,England,Sophia Gardens,0.5895522388059702,0.5897435897435898,0.8,0.6,0.8,0.5,0.35,134,156,0.5,1,0
1142918,2018-07-06,Zimbabwe,Australia,Harare Sports Club,0.2553191489361702,0.5921052631578947,0.0,0.6,0.5,0.7,0.5,47,152,0.10526315789473684,1,0
1147717,2018-07-07,Thailand,Ireland,Sportpark Maarschalkerweerd,0.4,0.390625,0.4,0.2,0.4,0.3,0.5,5,64,0.5,1,0
1147718,2018-07-07,Uganda,Scotland,VRA Ground,0.5,0.4482758620689655,0.5,0.4,0.5,0.6,0.5,0,29,0.5,0,0
1147719,2018-07-07,Netherlands,United Arab Emirates,Sportpark Maarschalkerweerd,0.5555555555555556,0.4,0.4,0.6,0.5,0.5,1.0,36,20,0.5,1,0
1147720,2018-07-07,Papua New Guinea,Bangladesh,VRA Ground,0.42857142857142855,0.30526315789473685,0.2,0.8,0.42857142857142855,0.7,0.5,7,95,0.5,1,0
1147724,2018-07-08,United Arab Emirates,Papua New Guinea,VRA Ground,0.42857142857142855,0.375,0.8,0.2,0.5,0.375,1.0,21,8,0.5,1,0
1142919,2018-07-08,Australia,Pakistan,Harare Sports Club,0.5947712418300654,0.5625,0.6,0.8,0.7,0.7,0.6190476190476191,153,176,0.75,1,0
1147722,2018-07-08,Scotland,Ireland,VRA Ground,0.4666666666666667,0.4,0.6,0.4,0.6,0.3,0.2,30,65,1.0,1,0
1147723,2018-07-08,Netherlands,Bangladesh,Sportpark Maarschalkerweerd,0.5405405405405406,0.3125,0.4,0.8,0.4,0.8,0.3333333333333333,37,96,0.0,1,0
1119545,2018-07-08,England,India,County Ground,0.5923566878980892,0.5851851851851851,0.8,0.6,0.6,0.7,0.6666666666666666,157,135,0.7058823529411765,1,0
1147725,2018-07-10,Scotland,Thailand,Sportpark Maarschalkerweerd,0.45161290322580644,0.3333333333333333,0.6,0.4,0.5,0.3333333333333333,0.5,31,6,0.5,1,1
1147726,2018-07-10,Uganda,Ireland,VRA Ground,0.0,0.4090909090909091,0.0,0.6,0.0,0.4,0.5,1,66,0.0,1,0
1147727,2018-07-10,United Arab Emirates,Bangladesh,Sportpark Maarschalkerweerd,0.4090909090909091,0.31958762886597936,0.8,0.8,0.4,0.9,0.0,22,97,1.0,1,0
1147728,2018-07-10,Papua New Guinea,Netherlands,VRA Ground,0.4444444444444444,0.5263157894736842,0.2,0.2,0.4444444444444444,0.4,0.5,9,38,0.5,1,1
1147732,2018-07-12,United Arab Emirates,Thailand,Sportpark Maarschalkerweerd,0.391304347826087,0.2857142857142857,0.6,0.4,0.4,0.2857142857142857,0.5,23,7,0.5,1,0
1147731,2018-07-12,Bangladesh,Scotland,VRA Ground,0.32653061224489793,0.46875,0.8,0.8,0.9,0.5,0.5,98,32,1.0,1,1
1147729,2018-07-12,Ireland,Papua New Guinea,VRA Ground,0.417910447761194,0.5,0.8,0.4,0.5,0.5,0.3333333333333333,67,10,1.0,1,1
1147730,2018-07-12,Netherlands,Uganda,Sportpark Maarschalkerweerd,0.5128205128205128,0.0,0.0,0.0,0.3,0.0,0.5,39,2,0.0,1,0
1147735,2018-07-14,Thailand,Uganda,VRA Ground,0.375,0.3333333333333333,0.4,0.3333333333333333,0.375,0.3333333333333333,0.5,8,3,0.5,1,1
1147734,2018-07-14,Papua New Guinea,Scotland,Sportpark Maarschalkerweerd,0.45454545454545453,0.45454545454545453,0.4,0.6,0.4,0.4,0.5,11,33,0.5,1,0
1147736,2018-07-14,Bangladesh,Ireland,Sportpark Maarschalkerweerd,0.3333333333333333,0.4264705882352941,0.8,1.0,0.9,0.6,0.5,99,68,1.0,1,1
1146723,2018-07-31,Bangladesh,West Indies,"Warner Park, Basseterre",0.34,0.5039370078740157,1.0,0.2,0.9,0.1,0.2857142857142857,100,127,0.0,1,0
1146724,2018-08-04,Bangladesh,West Indies,Central Broward Regional Park Stadium Turf Ground,0.33663366336633666,0.5078125,0.8,0.4,0.8,0.2,0.25,101,128,0.5,1,1
1146725,2018-08-05,Bangladesh,West Indies,Central Broward Regional Park Stadium Turf Ground,0.3431372549019608,0.5038759689922481,0.8,0.4,0.8,0.2,0.3333333333333333,102,129,1.0,1,1
1142589,2018-08-14,South Africa,Sri Lanka,"R.Premadasa Stadium, Khettarama",0.5244755244755245,0.4357142857142857,0.4,0.4,0.4,0.3,0.5882352941176471,143,140,0.5,1,0
1158345,2018-08-20,Malawi,Namibia,Botswana Cricket Association Oval 2,0.5,0.5,0.5,0.5,0.5,0.5,0.5,0,0,0.5,0,0
1158344,2018-08-20,Botswana,Lesotho,Botswana Cricket Association Oval 1,0.5,0.5,0.5,0.5,0.5,0.5,0.5,0,0,0.5,0,1
1158350,2018-08-21,Mozambique,Botswana,Botswana Cricket Association Oval 1,0.5,1.0,0.5,1.0,0.5,1.0,0.5,0,1,0.5,0,0
1158349,2018-08-21,Mozambique,Lesotho,Botswana Cricket Association Oval 2,0.0,0.0,0.0,0.0,0.0,0.0,0.5,1,1,0.5,1,1
1158348,2018-08-21,Sierra Leone,Namibia,Botswana Cricket Association Oval 1,0.5,1.0,0.5,1.0,0.5,1.0,0.5,0,1,0.5,0,0
1158355,2018-08-23,Sierra Leone,Malawi,Botswana Cricket Association Oval 2,0.0,0.0,0.0,0.0,0.0,0.0,0.5,1,1,0.5,1,1
1158353,2018-08-23,Mozambique,Namibia,Botswana Cricket Association Oval 2,0.5,1.0,0.5,1.0,0.5,1.0,0.5,2,2,1.0,1,0
1158352,2018-08-23,Botswana,Sierra Leone,Botswana Cricket Association Oval 1,1.0,0.5,1.0,0.5,1.0,0.5,0.5,2,2,1.0,1,0
1158354,2018-08-23,Namibia,Lesotho,"Botswana Cricket Association Oval 1, Gaborone",1.0,0.0,1.0,0.0,1.0,0.0,0.5,3,2,0.5,1,1
1158358,2018-08-24,Botswana,Namibia,Botswana Cricket Association Oval 1,0.6666666666666666,1.0,0.6666666666666666,1.0,0.6666666666666666,1.0,0.5,3,4,0.6666666666666666,1,0
1158356,2018-08-24,Sierra Leone,Lesotho,Botswana Cricket Association Oval 1,0.6666666666666666,0.0,0.6666666666666666,0.0,0.6666666666666666,0.0,0.5,3,3,0.5,1,1
1158359,2018-08-25,Lesotho,Malawi,Botswana Cricket Association Oval 1,0.0,0.0,0.0,0.0,0.0,0.0,0.5,4,2,0.0,1,0
1158361,2018-08-25,Sierra Leone,Namibia,Botswana Cricket Association Oval 1,0.75,1.0,0.75,1.0,0.75,1.0,0.0,4,5,0.6666666666666666,1,0
1157711,2018-09-22,Sri Lanka,India,Colombo Cricket Club Ground,0.4397163120567376,0.5882352941176471,0.4,0.8,0.3,0.7,0.3157894736842105,141,136,0.5,1,0
1157712,2018-09-24,Sri Lanka,India,Colombo Cricket Club Ground,0.43661971830985913,0.5912408759124088,0.2,0.8,0.3,0.7,0.3,142,137,0.0,1,0
1157713,2018-09-25,India,Sri Lanka,Chilaw Marians Cricket Club Ground,0.5942028985507246,0.43356643356643354,0.8,0.2,0.8,0.3,0.7142857142857143,138,143,0.5,1,1
1156216,2018-09-28,South Africa,West Indies,"Brian Lara Stadium, Tarouba",0.5208333333333334,0.5,0.2,0.4,0.4,0.2,0.5,144,130,0.5,1,0
1144978,2018-09-29,New Zealand,Australia,North Sydney Oval,0.5602836879432624,0.5909090909090909,0.4,0.6,0.7,0.6,0.3333333333333333,141,154,0.5,1,0
1144979,2018-10-01,New Zealand,Australia,Allan Border Field,0.5563380281690141,0.5935483870967742,0.2,0.6,0.6,0.7,0.3125,142,155,0.5,1,0
1156218,2018-10-04,West Indies,South Africa,"Brian Lara Stadium, Tarouba",0.5038167938931297,0.5172413793103449,0.6,0.2,0.3,0.3,0.5294117647058824,131,145,1.0,1,0
1144980,2018-10-05,New Zealand,Australia,Manuka Oval,0.5524475524475524,0.5961538461538461,0.2,0.6,0.5,0.7,0.29411764705882354,143,156,0.5,1,0
1156219,2018-10-06,West Indies,South Africa,"Brian Lara Stadium, Tarouba",0.5,0.5205479452054794,0.4,0.4,0.3,0.4,0.5,132,146,0.5,1,0
1144149,2018-10-09,South Africa,Zimbabwe,Buffalo Park,0.5238095238095238,0.25,0.4,0.0,0.5,0.4,1.0,147,48,0.0,1,1
1144150,2018-10-12,Zimbabwe,South Africa,Senwes Park,0.24489795918367346,0.527027027027027,0.0,0.6,0.3,0.5,0.0,49,148,0.5,1,0
1162727,2018-10-22,United Arab Emirates,Australia,Tolerance Oval,0.375,0.5987261146496815,0.4,0.8,0.4,0.7,0.5,24,157,0.5,1,0
1157372,2018-10-24,Pakistan,Australia,Sheikh Zayed Stadium,0.5649717514124294,0.6012658227848101,0.8,0.8,0.8,0.7,0.4090909090909091,177,158,0.5714285714285714,1,1
1161231,2018-10-25,Australia,Pakistan,Kinrara Academy Oval,0.5974842767295597,0.5674157303370787,0.8,0.8,0.7,0.8,0.5652173913043478,159,178,0.5,1,1
1157373,2018-10-26,Pakistan,Australia,Dubai International Cricket Stadium,0.5642458100558659,0.6,0.8,0.8,0.7,0.7,0.4166666666666667,179,160,0.5,1,1
1140384,2018-10-27,England,Sri Lanka,"R.Premadasa Stadium, Khettarama",0.5886075949367089,0.4305555555555556,0.6,0.2,0.6,0.3,0.5555555555555556,158,144,0.5,1,1
1161232,2018-10-27,Pakistan,Australia,Kinrara Academy Oval,0.5666666666666667,0.5962732919254659,0.8,0.6,0.8,0.6,0.44,180,161,0.4,1,0
1157374,2018-10-28,Pakistan,Australia,Dubai International Cricket Stadium,0.56353591160221,0.5987654320987654,0.6,0.6,0.7,0.7,0.4230769230769231,181,162,0.5238095238095238,1,1
1161233,2018-10-29,Pakistan,Australia,Kinrara Academy Oval,0.5659340659340659,0.5950920245398773,0.6,0.4,0.7,0.6,0.4444444444444444,182,163,0.3333333333333333,1,0
1157375,2018-10-31,Pakistan,New Zealand,Sheikh Zayed Stadium,0.5628415300546448,0.5486111111111112,0.4,0.2,0.6,0.4,0.43478260869565216,183,144,0.625,1,1
1157376,2018-11-02,New Zealand,Pakistan,Dubai International Cricket Stadium,0.5448275862068965,0.5652173913043478,0.0,0.6,0.3,0.7,0.5416666666666666,145,184,0.25,1,0
1157377,2018-11-04,Pakistan,New Zealand,Dubai International Cricket Stadium,0.5675675675675675,0.541095890410959,0.6,0.0,0.7,0.2,0.48,185,146,0.5652173913043478,1,1
1157759,2018-11-04,West Indies,India,Eden Gardens,0.49624060150375937,0.5971223021582733,0.2,0.8,0.3,0.8,0.6666666666666666,133,139,1.0,1,0
1157760,2018-11-06,India,West Indies,Bharat Ratna Shri Atal Bihari Vajpayee Ekana Cricket Stadium,0.6,0.4925373134328358,1.0,0.2,0.8,0.3,0.4,140,134,0.5,1,1
1150533,2018-11-09,India,New Zealand,Providence Stadium,0.6028368794326241,0.5374149659863946,1.0,0.0,0.9,0.1,0.2222222222222222,141,147,0.5,1,1
1150534,2018-11-09,Australia,Pakistan,Providence Stadium,0.5975609756097561,0.5698924731182796,0.6,0.8,0.7,0.7,0.5714285714285714,164,186,0.5,1,1
1150535,2018-11-09,West Indies,Bangladesh,Providence Stadium,0.4888888888888889,0.34951456310679613,0.2,0.8,0.3,0.8,0.6,135,103,1.0,1,1
1150537,2018-11-11,Pakistan,India,Providence Stadium,0.5668449197860963,0.6056338028169014,0.6,1.0,0.6,0.9,0.21428571428571427,187,142,0.0,1,0
1150538,2018-11-11,Ireland,Australia,Providence Stadium,0.42028985507246375,0.6,0.8,0.6,0.5,0.7,0.0,69,165,0.0,1,0
1157761,2018-11-11,West Indies,India,"MA Chidambaram Stadium, Chepauk",0.49264705882352944,0.6083916083916084,0.2,1.0,0.4,0.9,0.5454545454545454,136,143,1.0,1,0
1150539,2018-11-12,Bangladesh,England,"Daren Sammy National Cricket Stadium, Gros Islet",0.34615384615384615,0.5911949685534591,0.6,0.6,0.7,0.7,0.0,104,159,0.5,1,0
1150540,2018-11-12,Sri Lanka,South Africa,"Daren Sammy National Cricket Stadium, Gros Islet",0.42758620689655175,0.5302013422818792,0.2,0.8,0.3,0.5,0.4444444444444444,145,149,0.5,1,0
1150541,2018-11-13,Pakistan,Ireland,Providence Stadium,0.5638297872340425,0.4142857142857143,0.6,0.6,0.5,0.5,0.8,188,70,0.0,1,1
1150542,2018-11-13,Australia,New Zealand,Providence Stadium,0.6024096385542169,0.5337837837837838,0.8,0.0,0.7,0.1,0.7222222222222222,166,148,1.0,1,1
1150544,2018-11-14,West Indies,South Africa,"Daren Sammy National Cricket Stadium, Gros Islet",0.48905109489051096,0.5333333333333333,0.2,1.0,0.3,0.6,0.47368421052631576,137,150,0.5,1,1
1150543,2018-11-14,Sri Lanka,Bangladesh,"Daren Sammy National Cricket Stadium, Gros Islet",0.4246575342465753,0.34285714285714286,0.0,0.4,0.2,0.7,0.5384615384615384,146,105,0.0,1,1
1150546,2018-11-15,New Zealand,Pakistan,Providence Stadium,0.5302013422818792,0.5661375661375662,0.0,0.6,0.1,0.6,0.5,149,189,0.5,1,1
1150545,2018-11-15,India,Ireland,Providence Stadium,0.6111111111111112,0.4084507042253521,1.0,0.4,0.9,0.5,1.0,144,71,1.0,1,1
1150548,2018-11-16,West Indies,Sri Lanka,"Daren Sammy National Cricket Stadium, Gros Islet",0.4927536231884058,0.42857142857142855,0.4,0.2,0.3,0.2,0.5555555555555556,138,147,1.0,1,1
1150547,2018-11-16,South Africa,England,"Daren Sammy National Cricket Stadium, Gros Islet",0.5298013245033113,0.59375,0.8,0.6,0.6,0.7,0.4090909090909091,151,160,0.5,1,0
1144989,2018-11-17,South Africa,Australia,Carrara Oval,0.5263157894736842,0.6047904191616766,0.6,0.8,0.5,0.7,0.3333333333333333,152,167,0.5,1,1
1150549,2018-11-17,India,Australia,Providence Stadium,0.6137931034482759,0.6011904761904762,1.0,0.8,1.0,0.6,0.5238095238095238,145,168,1.0,1,1
1150550,2018-11-17,Ireland,New Zealand,Providence Stadium,0.4027777777777778,0.5333333333333333,0.2,0.2,0.5,0.1,0.0,72,150,0.0,1,0
1150551,2018-11-18,England,West Indies,"Daren Sammy National Cricket Stadium, Gros Islet",0.5962732919254659,0.49640287769784175,0.8,0.6,0.7,0.4,0.4090909090909091,161,139,1.0,1,0
1150552,2018-11-18,South Africa,Bangladesh,"Daren Sammy National Cricket Stadium, Gros Islet",0.5294117647058824,0.33962264150943394,0.6,0.4,0.6,0.6,1.0,153,106,0.3333333333333333,1,1
1144990,2018-11-21,Australia,India,"Brisbane Cricket Ground, Woolloongabba",0.5976331360946746,0.6164383561643836,0.6,1.0,0.6,1.0,0.45454545454545453,169,146,0.6666666666666666,1,1
1150553,2018-11-22,Australia,West Indies,"Sir Vivian Richards Stadium, North Sound",0.6,0.5,0.6,0.8,0.6,0.5,0.5625,170,140,0.5,1,1
1150554,2018-11-22,India,England,"Sir Vivian Richards Stadium, North Sound",0.6122448979591837,0.5925925925925926,0.8,0.6,0.9,0.7,0.36363636363636365,147,162,0.5,1,0
1150555,2018-11-24,England,Australia,"Sir Vivian Richards Stadium, North Sound",0.5950920245398773,0.6023391812865497,0.8,0.6,0.7,0.7,0.45714285714285713,163,171,1.0,1,0
1144992,2018-11-25,Australia,India,Sydney Cricket Ground,0.6046511627906976,0.6081081081081081,0.6,0.6,0.7,0.8,0.4782608695652174,172,148,0.8333333333333334,1,0
1153317,2018-12-17,Bangladesh,West Indies,Sylhet International Cricket Stadium,0.3364485981308411,0.49645390070921985,0.2,0.6,0.5,0.4,0.36363636363636365,107,141,0.0,1,0
1153318,2018-12-20,Bangladesh,West Indies,"Shere Bangla National Stadium, Mirpur",0.3333333333333333,0.5,0.0,0.8,0.4,0.5,0.3333333333333333,108,142,0.0,1,1
1153319,2018-12-22,Bangladesh,West Indies,"Shere Bangla National Stadium, Mirpur",0.3394495412844037,0.4965034965034965,0.2,0.6,0.4,0.5,0.38461538461538464,109,143,0.5,1,0
1153843,2019-01-11,New Zealand,Sri Lanka,Eden Park,0.5364238410596026,0.42567567567567566,0.4,0.2,0.2,0.2,0.625,151,148,0.3333333333333333,1,1
1172469,2019-01-31,Pakistan,West Indies,Southend Club Cricket Stadium,0.5631578947368421,0.5,0.4,0.6,0.5,0.6,0.6875,190,144,1.0,1,0
1170457,2019-01-31,United Arab Emirates,Nepal,ICC Academy,0.36,0.125,0.2,0.0,0.4,0.125,0.5,25,8,0.5,1,1
1168160,2019-02-01,South Africa,Sri Lanka,Newlands,0.5324675324675324,0.4228187919463087,0.6,0.2,0.7,0.2,0.5789473684210527,154,149,0.36363636363636365,1,1
1144161,2019-02-01,South Africa,Pakistan,Newlands,0.535483870967742,0.5602094240837696,0.6,0.2,0.8,0.5,0.4,155,191,0.4166666666666667,1,1
1170458,2019-02-01,United Arab Emirates,Nepal,ICC Academy,0.38461538461538464,0.1111111111111111,0.2,0.0,0.5,0.1111111111111111,1.0,26,9,0.6666666666666666,1,0
1144162,2019-02-03,South Africa,Pakistan,The Wanderers Stadium,0.5384615384615384,0.5572916666666666,0.8,0.2,0.8,0.4,0.4375,156,192,0.5,1,1
1170459,2019-02-03,United Arab Emirates,Nepal,ICC Academy,0.37037037037037035,0.2,0.2,0.2,0.5,0.2,0.5,27,10,0.5,1,0
1172471,2019-02-03,Pakistan,West Indies,Southend Club Cricket Stadium,0.5544041450777202,0.503448275862069,0.2,0.6,0.4,0.7,0.6470588235294118,193,145,0.6666666666666666,1,1
1144163,2019-02-06,South Africa,Pakistan,SuperSport Park,0.5414012738853503,0.5567010309278351,1.0,0.2,0.8,0.4,0.47058823529411764,157,194,0.5714285714285714,1,0
1153696,2019-02-06,New Zealand,India,Westpac Stadium,0.5394736842105263,0.610738255033557,0.6,0.6,0.3,0.8,0.7,152,149,0.6,1,1
1153858,2019-02-06,New Zealand,India,Westpac Stadium,0.5424836601307189,0.6066666666666667,0.8,0.4,0.4,0.7,0.7272727272727273,153,150,0.6363636363636364,1,1
1168162,2019-02-06,South Africa,Sri Lanka,SuperSport Park,0.5379746835443038,0.42,0.8,0.2,0.7,0.2,0.6,158,150,0.5,1,1
1153697,2019-02-08,New Zealand,India,Eden Park,0.5454545454545454,0.6026490066225165,1.0,0.2,0.5,0.6,0.75,154,151,0.375,1,0
1153859,2019-02-08,New Zealand,India,Eden Park,0.5419354838709678,0.6052631578947368,0.8,0.4,0.5,0.6,0.6923076923076923,155,152,0.35294117647058826,1,1
1153698,2019-02-10,New Zealand,India,Seddon Park,0.5448717948717948,0.6013071895424836,0.8,0.4,0.6,0.5,0.7142857142857143,156,153,0.7,1,1
1153860,2019-02-10,New Zealand,India,Seddon Park,0.5477707006369427,0.5974025974025974,0.8,0.2,0.7,0.4,0.7333333333333333,157,154,0.7272727272727273,1,1
1172505,2019-02-13,Netherlands,Scotland,Al Amerat Cricket Ground Oman Cricket (Ministry Turf 1),0.5,0.47058823529411764,0.0,0.6,0.2,0.5,0.42857142857142855,40,34,0.5,1,1
1172506,2019-02-13,Oman,Ireland,Al Amerat Cricket Ground Oman Cricket (Ministry Turf 1),0.45454545454545453,0.3972602739726027,0.4,0.0,0.4,0.5,1.0,11,73,0.5,1,0
1172508,2019-02-15,Ireland,Scotland,Al Amerat Cricket Ground Oman Cricket (Ministry Turf 1),0.40540540540540543,0.45714285714285713,0.2,0.4,0.5,0.5,0.8333333333333334,74,35,1.0,1,0
1172507,2019-02-15,Oman,Netherlands,Al Amerat Cricket Ground Oman Cricket (Ministry Turf 1),0.4166666666666667,0.5121951219512195,0.2,0.2,0.4,0.3,0.0,12,41,0.0,1,0
1172509,2019-02-17,Ireland,Netherlands,Al Amerat Cricket Ground Oman Cricket (Ministry Turf 1),0.4,0.5238095238095238,0.2,0.4,0.4,0.4,0.2857142857142857,75,42,0.5,1,1
1172510,2019-02-17,Oman,Scotland,Al Amerat Cricket Ground Oman Cricket (Ministry Turf 1),0.38461538461538464,0.4722222222222222,0.2,0.6,0.3,0.6,0.0,13,36,0.0,1,0
1172912,2019-02-18,Hong Kong,United Arab Emirates,Asian Institute of Technology Ground,0.42105263157894735,0.35714285714285715,0.4,0.2,0.3,0.4,0.0,19,28,0.5,1,0
1172911,2019-02-18,Kuwait,Malaysia,Asian Institute of Technology Ground,0.5,0.0,0.5,0.0,0.5,0.0,0.5,0,5,0.5,0,0
1172910,2019-02-18,Thailand,China,Terdthai Cricket Ground,0.4444444444444444,0.5,0.6,0.5,0.4444444444444444,0.5,0.5,9,0,0.5,0,1
1172915,2019-02-19,Kuwait,United Arab Emirates,Asian Institute of Technology Ground,0.0,0.3793103448275862,0.0,0.4,0.0,0.4,0.5,1,29,0.0,1,0
1172914,2019-02-19,China,Hong Kong,Terdthai Cricket Ground,0.0,0.4,0.0,0.4,0.0,0.2,0.5,1,20,0.0,1,1
1172913,2019-02-19,Malaysia,Nepal,Terdthai Cricket Ground,0.16666666666666666,0.2727272727272727,0.2,0.4,0.16666666666666666,0.2,0.5,6,11,0.5,1,0
1172917,2019-02-21,Thailand,Nepal,Asian Institute of Technology Ground,0.5,0.3333333333333333,0.6,0.6,0.5,0.3,0.5,10,12,0.5,1,1
1172916,2019-02-21,Malaysia,United Arab Emirates,Terdthai Cricket Ground,0.14285714285714285,0.4,0.2,0.6,0.14285714285714285,0.4,0.5,7,30,0.0,1,0
1172918,2019-02-21,China,Kuwait,Asian Institute of Technology Ground,0.5,0.0,0.5,0.0,0.5,0.0,0.5,2,2,0.5,1,1
1172919,2019-02-22,Nepal,United Arab Emirates,Terdthai Cricket Ground,0.3076923076923077,0.41935483870967744,0.6,0.6,0.3,0.4,0.6666666666666666,13,31,1.0,1,1
1172921,2019-02-22,China,Malaysia,Terdthai Cricket Ground,0.6666666666666666,0.125,0.6666666666666666,0.2,0.6666666666666666,0.125,0.5,3,8,0.5,1,1
1172920,2019-02-22,Thailand,Hong Kong,Asian Institute of Technology Ground,0.5454545454545454,0.38095238095238093,0.8,0.2,0.6,0.2,0.5,11,21,1.0,1,1
1172923,2019-02-24,Thailand,Kuwait,Asian Institute of Technology Ground,0.5833333333333334,0.0,1.0,0.0,0.7,0.0,0.5,12,3,1.0,1,1
1172922,2019-02-24,China,United Arab Emirates,Terdthai Cricket Ground,0.75,0.40625,0.75,0.6,0.75,0.4,0.5,4,32,0.6666666666666666,1,0
1172924,2019-02-24,Hong Kong,Nepal,Asian Institute of Technology Ground,0.36363636363636365,0.35714285714285715,0.2,0.8,0.2,0.4,0.6666666666666666,22,14,0.0,1,0
1168247,2019-02-24,India,Australia,Dr. Y.S. Rajasekhara Reddy ACA-VDCA Cricket Stadium,0.5935483870967742,0.6011560693641619,0.2,0.6,0.3,0.7,0.5416666666666666,155,173,1.0,1,0
1172925,2019-02-25,Thailand,Malaysia,Terdthai Cricket Ground,0.6153846153846154,0.1111111111111111,1.0,0.2,0.7,0.1111111111111111,1.0,13,9,1.0,1,1
1172927,2019-02-25,Hong Kong,Kuwait,Asian Institute of Technology Ground,0.34782608695652173,0.0,0.2,0.0,0.2,0.0,0.5,23,4,0.0,1,1
1172926,2019-02-25,China,Nepal,Terdthai Cricket Ground,0.6,0.4,0.6,0.8,0.6,0.5,0.5,5,15,0.5,1,0
1168248,2019-02-27,India,Australia,M.Chinnaswamy Stadium,0.5897435897435898,0.603448275862069,0.2,0.8,0.2,0.7,0.52,156,174,0.5,1,0
1172930,2019-02-27,Thailand,United Arab Emirates,Asian Institute of Technology Ground,0.6428571428571429,0.42424242424242425,1.0,0.8,0.8,0.5,1.0,14,33,1.0,1,1
1172929,2019-02-27,Kuwait,Nepal,Asian Institute of Technology Ground,0.0,0.4375,0.0,0.8,0.0,0.6,0.5,5,16,0.0,1,0
1172163,2019-03-04,India,England,Barsapara Cricket Stadium,0.5859872611464968,0.5914634146341463,0.0,0.6,0.2,0.6,0.34782608695652173,157,164,0.0,1,0
1158071,2019-03-05,West Indies,England,"Darren Sammy National Cricket Stadium, St Lucia",0.5,0.593939393939394,0.6,0.6,0.6,0.6,0.6086956521739131,146,165,0.5,1,0
1172164,2019-03-07,India,England,Barsapara Cricket Stadium,0.5822784810126582,0.5963855421686747,0.0,0.6,0.2,0.7,0.3333333333333333,158,166,0.0,1,0
1158072,2019-03-08,West Indies,England,"Warner Park, St Kitts",0.4965986394557823,0.5988023952095808,0.4,0.8,0.6,0.7,0.5833333333333334,147,167,0.5,1,0
1172165,2019-03-09,India,England,Barsapara Cricket Stadium,0.5786163522012578,0.6011904761904762,0.0,0.8,0.1,0.8,0.32,159,168,0.0,1,0
1158073,2019-03-10,West Indies,England,"Warner Park, St Kitts",0.49324324324324326,0.6035502958579881,0.4,1.0,0.5,0.8,0.56,148,169,0.0,1,0
1177485,2019-03-16,United Arab Emirates,United States of America,ICC Academy,0.4117647058823529,0.5,0.6,0.5,0.5,0.5,0.5,34,0,0.4,0,1
1176793,2019-03-22,Papua New Guinea,Vanuatu,Amini Park,0.4166666666666667,0.5,0.4,0.5,0.3,0.5,0.5,12,0,0.5,0,1
1144173,2019-03-22,South Africa,Sri Lanka,SuperSport Park,0.5408805031446541,0.41721854304635764,0.8,0.2,0.7,0.1,0.6190476190476191,159,151,0.5555555555555556,1,1
1176792,2019-03-22,Papua New Guinea,Philippines,Amini Park,0.46153846153846156,0.5,0.6,0.5,0.4,0.5,0.5,13,0,1.0,0,1
1176794,2019-03-23,Philippines,Vanuatu,Amini Park,0.0,0.0,0.0,0.0,0.0,0.0,0.5,1,1,0.0,1,0
1176435,2019-03-24,Sri Lanka,England,P Sara Oval,0.4144736842105263,0.6058823529411764,0.0,1.0,0.1,0.8,0.4,152,170,0.5,1,0
1176797,2019-03-24,Papua New Guinea,Vanuatu,Amini Park,0.5,0.5,0.6,0.5,0.4,0.5,1.0,14,2,1.0,1,1
1144174,2019-03-24,South Africa,Sri Lanka,The Wanderers Stadium,0.54375,0.4117647058823529,0.8,0.0,0.7,0.1,0.6363636363636364,160,153,0.6666666666666666,1,1
1176796,2019-03-24,Philippines,Vanuatu,Amini Park,0.0,0.3333333333333333,0.0,0.3333333333333333,0.0,0.3333333333333333,0.0,2,3,0.0,1,1
1176436,2019-03-26,Sri Lanka,England,P Sara Oval,0.4090909090909091,0.6081871345029239,0.0,1.0,0.1,0.8,0.36363636363636365,154,171,0.0,1,0
1176437,2019-03-28,Sri Lanka,England,P Sara Oval,0.4064516129032258,0.6104651162790697,0.0,1.0,0.1,0.9,0.3333333333333333,155,172,0.0,1,0
1179016,2019-04-01,Namibia,Botswana,United Cricket Club Ground,1.0,0.5,1.0,0.5,1.0,0.5,1.0,6,4,0.5,1,1
1179611,2019-04-02,Namibia,Botswana,United Cricket Club Ground,1.0,0.4,1.0,0.4,1.0,0.4,1.0,7,5,1.0,1,1
1179610,2019-04-02,Namibia,Botswana,United Cricket Club Ground,1.0,0.3333333333333333,1.0,0.2,1.0,0.3333333333333333,1.0,8,6,1.0,1,1
1179017,2019-04-03,Namibia,Botswana,United Cricket Club Ground,1.0,0.2857142857142857,1.0,0.0,1.0,0.2857142857142857,1.0,9,7,1.0,1,1
1179018,2019-04-03,Namibia,Botswana,United Cricket Club Ground,1.0,0.25,1.0,0.0,1.0,0.25,1.0,10,8,1.0,1,1
1182642,2019-05-05,Zimbabwe,Mozambique,Old Hararians,0.24,0.3333333333333333,0.0,0.3333333333333333,0.2,0.3333333333333333,0.5,50,3,0.5,1,1
1182644,2019-05-05,Sierra Leone,Uganda,Old Hararians,0.6,0.25,0.6,0.25,0.6,0.25,0.5,5,4,0.5,1,0
1152840,2019-05-05,England,Pakistan,Sophia Gardens,0.6127167630057804,0.558974358974359,1.0,0.4,0.9,0.4,0.7727272727272727,173,195,1.0,1,1
1182648,2019-05-06,Namibia,Uganda,Old Hararians,1.0,0.4,1.0,0.4,1.0,0.4,0.5,11,5,0.5,1,1
1182906,2019-05-06,Indonesia,Papua New Guinea,"Ground 1, Independence Park",0.5,0.5333333333333333,0.5,0.6,0.5,0.5,0.5,0,15,0.5,0,0
1182905,2019-05-06,Indonesia,Japan,"Ground 2, Independence Park",0.0,0.5,0.0,0.5,0.0,0.5,0.5,1,0,0.5,0,1
1182904,2019-05-06,Vanuatu,Papua New Guinea,"Ground 1, Independence Park",0.25,0.5625,0.25,0.8,0.25,0.6,0.0,4,16,0.5,1,0
1182646,2019-05-06,Mozambique,Nigeria,Old Hararians,0.25,0.5,0.25,0.5,0.25,0.5,0.5,4,0,0.0,0,0
1182649,2019-05-06,Zimbabwe,Tanzania,Takashinga Sports Club,0.2549019607843137,0.5,0.2,0.5,0.2,0.5,0.5,51,0,0.5,0,1
1182909,2019-05-07,Fiji,Papua New Guinea,"Ground 2, Independence Park",0.5,0.5882352941176471,0.5,1.0,0.5,0.7,0.5,0,17,0.5,0,0
1182652,2019-05-08,Kenya,Uganda,Old Hararians,0.35294117647058826,0.3333333333333333,0.8,0.4,0.5,0.3333333333333333,0.5,17,6,0.5,1,0
1182653,2019-05-08,Namibia,Sierra Leone,Takashinga Sports Club,1.0,0.5,1.0,0.6,1.0,0.5,1.0,12,6,0.5,1,1
1182650,2019-05-08,Mozambique,Rwanda,Old Hararians,0.2,0.5,0.2,0.5,0.2,0.5,0.5,5,0,0.0,0,0
1182912,2019-05-09,Vanuatu,Samoa,"Ground 1, Independence Park",0.2,0.5,0.2,0.5,0.2,0.5,0.5,5,0,0.0,0,0
1182913,2019-05-09,Fiji,Japan,"Ground 2, Independence Park",0.0,0.0,0.0,0.0,0.0,0.0,0.5,1,1,0.0,1,0
1182914,2019-05-09,Japan,Papua New Guinea,"Ground 1, Independence Park",0.5,0.6111111111111112,0.5,1.0,0.5,0.8,0.5,2,18,0.5,1,0
1182654,2019-05-09,Zimbabwe,Rwanda,Old Hararians,0.2692307692307692,1.0,0.4,1.0,0.2,1.0,0.5,52,1,1.0,1,1
1182916,2019-05-10,Fiji,Indonesia,"Ground 1, Independence Park",0.0,0.5,0.0,0.5,0.0,0.5,0.5,2,2,0.5,1,0
1182917,2019-05-10,Vanuatu,Japan,"Ground 2, Independence Park",0.16666666666666666,0.3333333333333333,0.2,0.3333333333333333,0.16666666666666666,0.3333333333333333,0.5,6,3,0.5,1,1
1182918,2019-05-10,Papua New Guinea,Samoa,"Ground 1, Independence Park",0.631578947368421,1.0,1.0,1.0,0.8,1.0,0.5,19,1,1.0,1,1
1182656,2019-05-11,Zimbabwe,Nigeria,Old Hararians,0.2830188679245283,1.0,0.6,1.0,0.3,1.0,0.5,53,1,1.0,1,1
1182657,2019-05-11,Rwanda,Tanzania,Takashinga Sports Club,0.5,0.0,0.5,0.0,0.5,0.0,0.5,2,1,0.5,1,0
1182658,2019-05-12,Zimbabwe,Namibia,Harare Sports Club,0.2962962962962963,1.0,0.8,1.0,0.4,1.0,0.5,54,13,0.1,1,1
1177018,2019-05-15,South Africa,Pakistan,LC de Villiers Oval,0.546583850931677,0.5561224489795918,0.8,0.4,0.8,0.3,0.4444444444444444,161,196,0.5,1,0
1177019,2019-05-18,South Africa,Pakistan,City Oval,0.5432098765432098,0.5583756345177665,0.6,0.6,0.8,0.4,0.42105263157894735,162,197,0.5,1,1
1183856,2019-05-18,United States of America,Canada,Central Broward Regional Park Stadium Turf Ground,0.0,0.1111111111111111,0.0,0.2,0.0,0.1111111111111111,0.5,1,9,0.5,1,1
1183857,2019-05-19,United States of America,Canada,Central Broward Regional Park Stadium Turf Ground,0.5,0.1,0.5,0.2,0.5,0.1,1.0,2,10,1.0,1,1
1177020,2019-05-19,South Africa,Pakistan,City Oval,0.5460122699386503,0.5555555555555556,0.8,0.6,0.8,0.4,0.45,163,198,1.0,1,0
1184260,2019-05-20,Uganda,Botswana,Lugogo Cricket Oval,0.42857142857142855,0.2222222222222222,0.6,0.0,0.42857142857142855,0.2222222222222222,0.5,7,9,0.5,1,1
1184258,2019-05-20,Ghana,Namibia,Kyambogo Cricket Oval,0.5,0.9285714285714286,0.5,0.8,0.5,0.9,0.5,0,14,0.5,0,0
1184262,2019-05-21,Uganda,Namibia,Kyambogo Cricket Oval,0.5,0.9333333333333333,0.6,0.8,0.5,0.9,0.0,8,15,0.5,1,0
1184261,2019-05-21,Ghana,Kenya,Kyambogo Cricket Oval,0.0,0.3333333333333333,0.0,0.6,0.0,0.5,0.5,1,18,0.0,1,0
1184263,2019-05-21,Botswana,Nigeria,Lugogo Cricket Oval,0.2,0.5,0.0,0.5,0.2,0.5,0.5,10,2,0.0,1,0
1177021,2019-05-22,South Africa,Pakistan,Willowmoore Park,0.5426829268292683,0.5577889447236181,0.6,0.6,0.7,0.4,0.42857142857142855,164,199,0.5,1,1
1184901,2019-05-22,Botswana,Namibia,Kyambogo Cricket Oval,0.18181818181818182,0.9375,0.0,0.8,0.1,0.9,0.0,11,16,0.5,1,0
1184902,2019-05-22,Uganda,Kenya,Lugogo Cricket Oval,0.4444444444444444,0.3684210526315789,0.6,0.6,0.4444444444444444,0.6,1.0,9,19,1.0,1,0
1184900,2019-05-22,Ghana,Nigeria,Kyambogo Cricket Oval,0.0,0.6666666666666666,0.0,0.6666666666666666,0.0,0.6666666666666666,0.5,2,3,0.0,1,0
1177022,2019-05-23,South Africa,Pakistan,Willowmoore Park,0.5454545454545454,0.555,0.6,0.4,0.7,0.4,0.45454545454545453,165,200,1.0,1,1
1184266,2019-05-23,Uganda,Ghana,Kyambogo Cricket Oval,0.4,0.0,0.4,0.0,0.4,0.0,0.5,10,3,0.0,1,1
1178996,2019-05-25,Germany,Italy,Sportpark Maarschalkerweerd,0.5,0.5,0.5,0.5,0.5,0.5,0.5,0,0,0.5,0,0
1185154,2019-05-26,Ireland,West Indies,YMCA Cricket Club,0.40789473684210525,0.4899328859060403,0.4,0.2,0.4,0.4,0.3333333333333333,76,149,0.0,1,0
1185155,2019-05-28,Ireland,West Indies,Sydney Parade,0.4025974025974026,0.49333333333333335,0.4,0.2,0.3,0.4,0.25,77,150,0.5,1,0
1185156,2019-05-29,Ireland,West Indies,Sydney Parade,0.3974358974358974,0.4966887417218543,0.4,0.4,0.2,0.5,0.2,78,151,0.0,1,0
1185181,2019-06-15,Guernsey,Germany,King George V Sports Ground,0.5,0.0,0.5,0.0,0.5,0.0,0.5,0,1,0.5,0,0
1185184,2019-06-16,Denmark,Jersey,King George V Sports Ground,0.5,0.5,0.5,0.5,0.5,0.5,0.5,0,0,0.5,0,0
1185185,2019-06-16,Guernsey,Italy,College Field,0.0,1.0,0.0,1.0,0.0,1.0,0.5,1,1,0.5,1,0
1185186,2019-06-16,Jersey,Norway,King George V Sports Ground,1.0,0.5,1.0,0.5,1.0,0.5,0.5,1,0,1.0,0,1
1185182,2019-06-17,Denmark,Norway,King George V Sports Ground,0.0,0.0,0.0,0.0,0.0,0.0,0.5,1,1,0.0,1,1
1188785,2019-06-18,Rwanda,Mali,Gahanga International Cricket Stadium. Rwanda,0.3333333333333333,0.5,0.3333333333333333,0.5,0.3333333333333333,0.5,0.5,3,0,0.5,0,1
1188786,2019-06-18,Tanzania,Uganda,Gahanga International Cricket Stadium. Rwanda,0.5,0.45454545454545453,0.5,0.6,0.5,0.5,0.5,2,11,0.5,1,1
1185193,2019-06-19,Denmark,Germany,King George V Sports Ground,0.5,0.5,0.5,0.5,0.5,0.5,0.5,2,2,0.5,1,0
1188784,2019-06-19,Rwanda,Uganda,Gahanga International Cricket Stadium. Rwanda,0.5,0.4166666666666667,0.5,0.4,0.5,0.5,0.5,4,12,1.0,1,0
1185191,2019-06-19,Guernsey,Norway,King George V Sports Ground,0.0,0.0,0.0,0.0,0.0,0.0,0.5,2,2,0.0,1,1
1185192,2019-06-19,Italy,Jersey,College Field,1.0,1.0,1.0,1.0,1.0,1.0,0.5,2,2,1.0,1,0
1189743,2019-06-20,Guernsey,Denmark,King George V Sports Ground,0.3333333333333333,0.3333333333333333,0.3333333333333333,0.3333333333333333,0.3333333333333333,0.3333333333333333,0.5,3,3,0.5,1,1
1185188,2019-06-20,Germany,Norway,College Field,0.6666666666666666,0.0,0.6666666666666666,0.0,0.6666666666666666,0.0,0.5,3,3,0.5,1,1
1185190,2019-06-20,Germany,Jersey,College Field,0.75,1.0,0.75,1.0,0.75,1.0,0.5,4,3,1.0,1,1
1189744,2019-06-20,Denmark,Italy,King George V Sports Ground,0.25,0.6666666666666666,0.25,0.6666666666666666,0.25,0.6666666666666666,0.5,4,3,0.25,1,1
1168020,2019-06-21,England,West Indies,County Ground,0.6149425287356322,0.5,1.0,0.6,1.0,0.5,0.46153846153846156,174,152,0.6666666666666666,1,1
1188379,2019-06-23,Netherlands,Zimbabwe,Hazelaarweg,0.5116279069767442,0.3090909090909091,0.4,1.0,0.3,0.5,0.0,43,55,1.0,1,1
1186488,2019-06-24,Malaysia,Thailand,Kinrara Academy Oval,0.1,0.6666666666666666,0.2,1.0,0.1,0.8,0.0,10,15,0.0,1,1
1186490,2019-06-26,Maldives,Thailand,Kinrara Academy Oval,0.5,0.625,0.5,0.8,0.5,0.8,0.5,0,16,0.5,0,1
1190605,2019-06-26,Netherlands,Scotland,La Manga Club Top Ground,0.5227272727272727,0.4864864864864865,0.6,0.6,0.3,0.7,0.5,44,37,0.5,1,1
1186491,2019-06-27,Malaysia,Thailand,Kinrara Academy Oval,0.18181818181818182,0.5882352941176471,0.2,0.6,0.2,0.8,0.3333333333333333,11,17,0.3333333333333333,1,1
1190606,2019-06-27,Germany,Netherlands,La Manga Club Top Ground,0.8,0.5333333333333333,0.8,0.8,0.8,0.4,0.5,5,45,0.5,1,0
1186493,2019-06-29,Maldives,Thailand,Kinrara Academy Oval,1.0,0.5555555555555556,1.0,0.4,1.0,0.7,1.0,1,18,1.0,1,0
1190608,2019-06-29,Germany,Scotland,La Manga Club Top Ground,0.6666666666666666,0.47368421052631576,0.8,0.6,0.6666666666666666,0.6,0.5,6,38,0.0,1,0
1168521,2019-07-12,Ireland,Zimbabwe,"Bready Cricket Club, Magheramason",0.3924050632911392,0.30357142857142855,0.2,0.8,0.2,0.5,1.0,79,56,0.3333333333333333,1,1
1192223,2019-07-13,Malaysia,Nepal,Kinrara Academy Oval,0.25,0.47058823529411764,0.4,0.8,0.3,0.7,0.0,12,17,0.5,1,0
1192224,2019-07-14,Malaysia,Nepal,Kinrara Academy Oval,0.23076923076923078,0.5,0.4,1.0,0.3,0.8,0.0,13,18,0.4,1,0
1168522,2019-07-14,Ireland,Zimbabwe,Bready,0.4,0.2982456140350877,0.4,0.6,0.3,0.5,1.0,80,57,0.5,1,0
1190768,2019-07-22,Kuwait,Malaysia,Indian Association Ground,0.0,0.21428571428571427,0.0,0.4,0.0,0.3,0.0,6,14,0.5,1,0
1190767,2019-07-22,Singapore,Qatar,Indian Association Ground,0.5,0.5,0.5,0.5,0.5,0.5,0.5,0,0,0.5,0,1
1190769,2019-07-23,Nepal,Qatar,Indian Association Ground,0.5263157894736842,0.0,1.0,0.0,0.9,0.0,0.5,19,1,0.5,1,0
1190771,2019-07-24,Malaysia,Nepal,Indian Association Ground,0.26666666666666666,0.5,0.6,0.8,0.4,0.8,0.0,15,20,1.0,1,0
1190773,2019-07-26,Singapore,Malaysia,Indian Association Ground,1.0,0.25,1.0,0.4,1.0,0.3,0.5,1,16,1.0,1,1
1168026,2019-07-26,England,Australia,County Ground,0.6171428571428571,0.6057142857142858,1.0,0.8,1.0,0.7,0.4444444444444444,175,175,0.6842105263157895,1,0
1190772,2019-07-26,Kuwait,Qatar,Indian Association Ground,0.0,0.5,0.0,0.5,0.0,0.5,0.5,7,2,0.0,1,1
1190774,2019-07-27,Kuwait,Nepal,Indian Association Ground,0.125,0.5238095238095238,0.2,0.8,0.125,0.8,0.0,8,21,0.5,1,0
1190775,2019-07-27,Malaysia,Qatar,Indian Association Ground,0.23529411764705882,0.3333333333333333,0.2,0.3333333333333333,0.3,0.3333333333333333,0.5,17,3,0.3333333333333333,1,0
1190776,2019-07-28,Singapore,Nepal,Indian Association Ground,1.0,0.5454545454545454,1.0,0.8,1.0,0.8,0.5,2,22,1.0,1,1
1168027,2019-07-28,England,Australia,"County Ground, Hove",0.6136363636363636,0.6079545454545454,0.8,0.8,0.9,0.7,0.43243243243243246,176,176,0.5,1,0
1168028,2019-07-31,England,Australia,County Ground,0.6101694915254238,0.6101694915254238,0.6,0.8,0.8,0.7,0.42105263157894735,177,177,0.65,1,1
1188621,2019-08-03,India,West Indies,Central Broward Regional Park Stadium Turf Ground,0.575,0.49673202614379086,0.0,0.6,0.1,0.5,0.5,160,153,0.0,1,1
1188622,2019-08-04,India,West Indies,Central Broward Regional Park Stadium Turf Ground,0.577639751552795,0.4935064935064935,0.2,0.6,0.2,0.4,0.5384615384615384,161,154,0.5,1,1
1191006,2019-08-05,Netherlands,United Arab Emirates,VRA Ground,0.5434782608695652,0.42857142857142855,0.8,0.6,0.5,0.6,0.75,46,35,0.25,1,0
1188623,2019-08-06,West Indies,India,"Providence Stadium, Guyana",0.49032258064516127,0.5802469135802469,0.4,0.4,0.3,0.2,0.42857142857142855,155,162,0.5,1,0
1191008,2019-08-08,Netherlands,United Arab Emirates,Sportpark Westvliet,0.5319148936170213,0.4444444444444444,0.6,0.6,0.5,0.6,0.6,47,36,0.5,1,0
1190744,2019-08-08,Netherlands,Ireland,Sportpark Het Schootsveld,0.5208333333333334,0.3950617283950617,0.6,0.2,0.5,0.3,0.625,48,81,0.5,1,0
1190747,2019-08-09,Ireland,Thailand,Sportpark Het Schootsveld,0.4024390243902439,0.5789473684210527,0.4,0.4,0.4,0.7,1.0,82,19,1.0,1,0
1190746,2019-08-09,Netherlands,Scotland,Sportpark Het Schootsveld,0.5102040816326531,0.48717948717948717,0.4,0.6,0.5,0.6,0.5555555555555556,49,39,0.0,1,0
1190749,2019-08-10,Ireland,Scotland,Sportpark Het Schootsveld,0.39759036144578314,0.5,0.4,0.8,0.4,0.6,0.7142857142857143,83,40,0.6666666666666666,1,0
1190750,2019-08-12,Scotland,Thailand,Sportpark Het Schootsveld,0.5121951219512195,0.6,0.8,0.4,0.7,0.7,1.0,41,20,0.6666666666666666,1,1
1190752,2019-08-13,Ireland,Thailand,Sportpark Het Schootsveld,0.39285714285714285,0.5714285714285714,0.4,0.4,0.3,0.6,0.5,84,21,0.5,1,0
1190753,2019-08-13,Netherlands,Scotland,Sportpark Het Schootsveld,0.5,0.5238095238095238,0.2,0.8,0.5,0.7,0.5,50,42,0.0,1,0
1190754,2019-08-14,Ireland,Scotland,Sportpark Het Schootsveld,0.38823529411764707,0.5348837209302325,0.2,1.0,0.3,0.8,0.625,85,43,0.4,1,1
1190755,2019-08-14,Netherlands,Thailand,Sportpark Het Schootsveld,0.49019607843137253,0.5909090909090909,0.0,0.6,0.4,0.6,0.5,51,22,0.0,1,0
1197397,2019-08-18,Canada,Cayman Islands,"White Hill Field, Sandys Parish",0.09090909090909091,0.5,0.0,0.5,0.1,0.5,0.5,11,0,0.5,0,1
1197396,2019-08-18,Bermuda,United States of America,"White Hill Field, Sandys Parish",0.0,0.6666666666666666,0.0,0.6666666666666666,0.0,0.6666666666666666,0.5,1,3,0.5,1,1
1197399,2019-08-19,Cayman Islands,United States of America,National Stadium,0.0,0.5,0.0,0.5,0.0,0.5,0.5,1,4,0.5,1,0
1197507,2019-08-19,Namibia,Botswana,United Cricket Club Ground,0.9411764705882353,0.16666666666666666,0.8,0.0,0.9,0.0,1.0,17,12,1.0,1,1
1197508,2019-08-20,Namibia,Botswana,United Cricket Club Ground,0.9444444444444444,0.15384615384615385,0.8,0.0,0.9,0.0,1.0,18,13,1.0,1,1
1197401,2019-08-21,Canada,United States of America,"White Hill Field, Sandys Parish",0.16666666666666666,0.6,0.2,0.6,0.2,0.6,0.0,12,5,1.0,1,1
1197400,2019-08-21,Bermuda,Cayman Islands,"White Hill Field, Sandys Parish",0.5,0.0,0.5,0.0,0.5,0.0,0.5,2,2,1.0,1,1
1197509,2019-08-22,Namibia,Botswana,United Cricket Club Ground,0.9473684210526315,0.14285714285714285,1.0,0.0,0.9,0.0,1.0,19,14,1.0,1,1
1197403,2019-08-22,United States of America,Bermuda,Bermuda National Stadium,0.5,0.6666666666666666,0.6,0.6666666666666666,0.5,0.6666666666666666,0.0,6,3,0.5,1,0
1197402,2019-08-22,Canada,Cayman Islands,"White Hill Field, Sandys Parish",0.23076923076923078,0.0,0.4,0.0,0.3,0.0,1.0,13,3,1.0,1,1
1197510,2019-08-23,Namibia,Botswana,United Cricket Club Ground,0.95,0.13333333333333333,1.0,0.0,0.9,0.0,1.0,20,15,1.0,1,1
1197404,2019-08-24,Cayman Islands,United States of America,"White Hill Field, Sandys Parish",0.0,0.42857142857142855,0.0,0.4,0.0,0.42857142857142855,0.0,4,7,0.0,1,0
1197407,2019-08-25,Bermuda,Cayman Islands,"White Hill Field, Sandys Parish",0.75,0.0,0.75,0.0,0.75,0.0,1.0,4,5,1.0,1,1
1197406,2019-08-25,Canada,United States of America,"White Hill Field, Sandys Parish",0.2857142857142857,0.5,0.6,0.4,0.4,0.5,0.3333333333333333,14,8,1.0,1,1
1198217,2019-08-28,Singapore,Malaysia,Indian Association Ground,1.0,0.2222222222222222,1.0,0.2,1.0,0.3,1.0,3,18,1.0,1,0
1198218,2019-08-29,Singapore,Malaysia,Indian Association Ground,0.75,0.2631578947368421,0.75,0.4,0.75,0.4,0.5,4,19,0.75,1,0
1198219,2019-08-30,Singapore,Malaysia,Indian Association Ground,0.6,0.3,0.6,0.4,0.6,0.5,0.3333333333333333,5,20,0.6,1,0
1197049,2019-08-31,Scotland,United States of America,Forthill,0.5227272727272727,0.4444444444444444,0.8,0.4,0.7,0.4444444444444444,0.5,44,9,0.5,1,1
1197054,2019-09-01,Bangladesh,United States of America,Lochlands,0.33636363636363636,0.4,0.2,0.2,0.3,0.4,0.5,110,10,0.5,1,1
1197053,2019-09-01,Ireland,Netherlands,Forthill,0.3953488372093023,0.4807692307692308,0.4,0.0,0.3,0.3,0.4444444444444444,86,52,0.5,1,1
1192875,2019-09-01,Sri Lanka,New Zealand,Pallekele International Cricket Stadium,0.40384615384615385,0.5506329113924051,0.0,0.8,0.1,0.8,0.35294117647058826,156,158,0.7777777777777778,1,0
1197052,2019-09-01,Scotland,Papua New Guinea,Lochlands,0.5333333333333333,0.65,0.8,1.0,0.8,0.8,1.0,45,20,0.5,1,0
1197051,2019-09-01,Namibia,Thailand,Forthill,0.9523809523809523,0.6086956521739131,1.0,0.8,0.9,0.6,0.5,21,23,0.5,1,0
1197047,2019-09-02,Bangladesh,Papua New Guinea,Forthill,0.34234234234234234,0.6666666666666666,0.4,1.0,0.4,0.9,1.0,111,21,0.5,1,1
1192876,2019-09-03,Sri Lanka,New Zealand,Pallekele International Cricket Stadium,0.4012738853503185,0.5534591194968553,0.0,0.8,0.0,0.9,0.3333333333333333,157,159,0.7,1,0
1197055,2019-09-03,Ireland,Thailand,Forthill,0.40229885057471265,0.625,0.4,0.8,0.4,0.6,0.3333333333333333,87,24,1.0,1,0
1197056,2019-09-03,Namibia,Netherlands,Lochlands,0.9090909090909091,0.4716981132075472,0.8,0.0,0.8,0.3,0.5,22,53,0.5,1,0
1197057,2019-09-03,Scotland,Bangladesh,Forthill,0.5217391304347826,0.3482142857142857,0.6,0.6,0.7,0.4,0.0,46,112,1.0,1,0
1197058,2019-09-03,Papua New Guinea,United States of America,Lochlands,0.6363636363636364,0.36363636363636365,0.8,0.2,0.9,0.4,0.5,22,11,1.0,1,1
1197059,2019-09-05,Bangladesh,Ireland,Forthill,0.35398230088495575,0.3977272727272727,0.8,0.4,0.4,0.4,0.5555555555555556,113,88,1.0,1,1
1197061,2019-09-05,Papua New Guinea,Thailand,Forthill,0.6521739130434783,0.64,0.8,0.8,0.9,0.6,0.5,23,25,0.0,1,0
1197062,2019-09-05,Scotland,Namibia,Lochlands,0.5106382978723404,0.8695652173913043,0.4,0.6,0.6,0.7,0.5,47,23,0.0,1,1
1192877,2019-09-06,Sri Lanka,New Zealand,Pallekele International Cricket Stadium,0.3987341772151899,0.55625,0.0,1.0,0.0,0.9,0.3157894736842105,158,160,0.6363636363636364,1,1
1197065,2019-09-07,Bangladesh,Thailand,Forthill,0.35964912280701755,0.6538461538461539,0.8,1.0,0.5,0.7,1.0,114,26,1.0,1,1
1197066,2019-09-07,Scotland,Netherlands,Lochlands,0.5208333333333334,0.48148148148148145,0.4,0.2,0.7,0.3,0.5454545454545454,48,54,0.5,1,1
1197064,2019-09-07,Namibia,United States of America,Lochlands,0.8333333333333334,0.3333333333333333,0.4,0.2,0.7,0.3,0.5,24,12,0.0,1,0
1196033,2019-09-07,Rwanda,Nigeria,Gahanga International Cricket Stadium. Rwanda,0.4,0.75,0.4,0.75,0.4,0.75,0.5,5,4,0.5,1,1
1197063,2019-09-07,Ireland,Papua New Guinea,Forthill,0.39325842696629215,0.625,0.4,0.6,0.4,0.8,0.5,89,24,0.3333333333333333,1,1
1197140,2019-09-13,Bangladesh,Zimbabwe,"Shere Bangla National Stadium, Mirpur",0.3652173913043478,0.3103448275862069,1.0,0.6,0.6,0.6,0.5,115,58,0.3333333333333333,1,1
1198475,2019-09-14,West Indies,Australia,"Kensington Oval, Barbados",0.48717948717948717,0.6067415730337079,0.2,0.8,0.3,0.7,0.4117647058823529,156,178,0.5,1,0
1198476,2019-09-16,West Indies,Australia,"Kensington Oval, Barbados",0.4840764331210191,0.6089385474860335,0.0,0.8,0.3,0.8,0.3888888888888889,157,179,0.0,1,0
1200425,2019-09-16,Netherlands,Scotland,"The Village, Malahide",0.4727272727272727,0.5306122448979592,0.2,0.6,0.2,0.7,0.4166666666666667,55,49,1.0,1,0
1200426,2019-09-17,Ireland,Scotland,"The Village, Malahide",0.4,0.54,0.6,0.6,0.4,0.7,0.6666666666666666,90,50,0.0,1,1
1200427,2019-09-18,Ireland,Netherlands,"The Village, Malahide",0.4065934065934066,0.4642857142857143,0.6,0.2,0.5,0.1,0.5,91,56,0.2,1,0
1187005,2019-09-18,India,South Africa,"Punjab Cricket Association IS Bindra Stadium, Mohali",0.5828220858895705,0.5481927710843374,0.6,0.6,0.3,0.7,0.6470588235294118,163,166,0.5,1,1
1198477,2019-09-18,West Indies,Australia,"Kensington Oval, Barbados",0.4810126582278481,0.6111111111111112,0.0,0.8,0.3,0.8,0.3684210526315789,158,180,0.0,1,0
1197143,2019-09-18,Bangladesh,Zimbabwe,Zahur Ahmed Chowdhury Stadium,0.3706896551724138,0.3050847457627119,1.0,0.4,0.7,0.6,0.5555555555555556,116,59,0.25,1,1
1197247,2019-09-19,China,Hong Kong,Yeonhui Cricket Ground,0.5,0.375,0.6,0.2,0.5,0.3,1.0,6,24,0.5,1,0
1197246,2019-09-19,South Korea,Japan,Yeonhui Cricket Ground,0.5,0.25,0.5,0.25,0.5,0.25,0.5,0,4,0.5,0,0
1200428,2019-09-19,Netherlands,Scotland,"The Village, Malahide",0.47368421052631576,0.5294117647058824,0.4,0.6,0.2,0.6,0.38461538461538464,57,51,0.6666666666666666,1,0
1197249,2019-09-20,South Korea,China,Yeonhui Cricket Ground,0.0,0.42857142857142855,0.0,0.4,0.0,0.42857142857142855,0.5,1,7,0.0,1,0
1197248,2019-09-20,Hong Kong,Japan,Yeonhui Cricket Ground,0.4,0.4,0.4,0.4,0.4,0.4,0.5,25,5,1.0,1,0
1187006,2019-09-22,India,South Africa,M.Chinnaswamy Stadium,0.5853658536585366,0.5449101796407185,0.8,0.6,0.4,0.6,0.6666666666666666,164,167,0.0,1,0
1197253,2019-09-22,China,Hong Kong,Yeonhui Cricket Ground,0.5,0.38461538461538464,0.4,0.4,0.5,0.3,0.5,8,26,0.5,1,1
1198478,2019-09-24,India,South Africa,Lalabhai Contractor Stadium,0.5818181818181818,0.5476190476190477,0.8,0.6,0.4,0.7,0.631578947368421,165,168,0.5,1,1
1201680,2019-09-27,Nepal,Zimbabwe,Indian Association Ground,0.5217391304347826,0.3,0.6,0.2,0.8,0.6,0.5,23,60,0.5,1,0
1201681,2019-09-28,Singapore,Nepal,Indian Association Ground,0.5,0.5,0.4,0.4,0.5,0.7,1.0,6,24,0.5,1,0
1183510,2019-09-29,Australia,Sri Lanka,North Sydney Oval,0.6132596685082873,0.4025157232704403,0.8,0.2,0.8,0.1,0.4666666666666667,181,159,1.0,1,1
1202007,2019-09-29,Malaysia,Vanuatu,Kinrara Academy Oval,0.3333333333333333,0.2857142857142857,0.6,0.2,0.5,0.2857142857142857,0.5,21,7,0.3333333333333333,1,0
1201682,2019-09-29,Singapore,Zimbabwe,Indian Association Ground,0.42857142857142855,0.3114754098360656,0.2,0.4,0.42857142857142855,0.6,0.5,7,61,0.42857142857142855,1,1
1183511,2019-09-30,Australia,Sri Lanka,North Sydney Oval,0.6153846153846154,0.4,0.8,0.2,0.8,0.1,0.5,182,160,1.0,1,1
1198481,2019-10-01,India,South Africa,Lalabhai Contractor Stadium,0.5843373493975904,0.5443786982248521,0.8,0.6,0.5,0.6,0.65,166,169,1.0,1,1
1201683,2019-10-01,Nepal,Zimbabwe,Indian Association Ground,0.52,0.3064516129032258,0.6,0.4,0.7,0.5,0.0,25,62,0.5,1,0
1202008,2019-10-01,Malaysia,Vanuatu,Kinrara Academy Oval,0.3181818181818182,0.375,0.6,0.4,0.4,0.375,0.0,22,8,0.2857142857142857,1,0
1183512,2019-10-02,Australia,Sri Lanka,North Sydney Oval,0.6174863387978142,0.39751552795031053,1.0,0.2,0.9,0.1,0.5294117647058824,183,161,1.0,1,1
1202009,2019-10-02,Malaysia,Vanuatu,Kinrara Academy Oval,0.30434782608695654,0.4444444444444444,0.6,0.6,0.4,0.4444444444444444,0.0,23,9,0.25,1,1
1202366,2019-10-03,India,South Africa,Lalabhai Contractor Stadium,0.5868263473053892,0.5411764705882353,0.8,0.4,0.6,0.5,0.6666666666666666,167,170,1.0,1,1
1201685,2019-10-03,Singapore,Zimbabwe,Indian Association Ground,0.5,0.31746031746031744,0.2,0.4,0.5,0.5,1.0,8,63,0.5,1,0
1202010,2019-10-03,Malaysia,Vanuatu,Kinrara Academy Oval,0.3333333333333333,0.4,0.6,0.6,0.5,0.4,0.3333333333333333,24,10,0.3333333333333333,1,0
1202011,2019-10-04,Malaysia,Vanuatu,Kinrara Academy Oval,0.32,0.45454545454545453,0.4,0.8,0.4,0.5,0.25,25,11,0.3,1,1
1198482,2019-10-04,India,South Africa,Lalabhai Contractor Stadium,0.5892857142857143,0.5380116959064327,0.8,0.2,0.7,0.4,0.6818181818181818,168,171,1.0,1,0
1198489,2019-10-05,Pakistan,Sri Lanka,Gaddafi Stadium,0.5522388059701493,0.3950617283950617,0.4,0.2,0.4,0.1,0.7083333333333334,201,162,0.8333333333333334,1,0
1197521,2019-10-05,Ireland,Netherlands,Al Amerat Cricket Ground Oman Cricket (Ministry Turf 1),0.40217391304347827,0.46551724137931033,0.4,0.4,0.4,0.2,0.45454545454545453,92,58,0.6666666666666666,1,1
1197523,2019-10-06,Hong Kong,Nepal,Al Amerat Cricket Ground Oman Cricket (Ministry Turf 1),0.37037037037037035,0.5,0.4,0.4,0.3,0.6,0.5,27,26,0.5,1,0
1197522,2019-10-06,Oman,Ireland,Al Amerat Cricket Ground Oman Cricket (Ministry Turf 1),0.35714285714285715,0.40860215053763443,0.2,0.6,0.3,0.5,0.5,14,93,0.0,1,1
1198490,2019-10-07,Pakistan,Sri Lanka,Gaddafi Stadium,0.5495049504950495,0.3987730061349693,0.2,0.4,0.4,0.2,0.68,202,163,0.7142857142857143,1,0
1197524,2019-10-07,Nepal,Netherlands,Al Amerat Cricket Ground Oman Cricket (Ministry Turf 1),0.5185185185185185,0.4576271186440678,0.4,0.2,0.6,0.2,0.0,27,59,1.0,1,1
1197525,2019-10-07,Hong Kong,Ireland,Al Amerat Cricket Ground Oman Cricket (Ministry Turf 1),0.35714285714285715,0.40425531914893614,0.4,0.6,0.3,0.5,1.0,28,94,0.0,1,0
1198491,2019-10-09,Pakistan,Sri Lanka,Gaddafi Stadium,0.5467980295566502,0.4024390243902439,0.2,0.4,0.4,0.3,0.6538461538461539,203,164,0.625,1,0
1197526,2019-10-09,Ireland,Nepal,Al Amerat Cricket Ground Oman Cricket (Ministry Turf 1),0.4105263157894737,0.5357142857142857,0.6,0.6,0.6,0.6,1.0,95,28,0.6666666666666666,1,1
1197527,2019-10-09,Oman,Netherlands,Al Amerat Cricket Ground Oman Cricket (Ministry Turf 1),0.4,0.45,0.2,0.2,0.3,0.2,0.0,15,60,0.25,1,1
1197528,2019-10-10,Hong Kong,Netherlands,Al Amerat Cricket Ground Oman Cricket (Ministry Turf 1),0.3448275862068966,0.4426229508196721,0.2,0.2,0.2,0.2,1.0,29,61,0.0,1,0
1197529,2019-10-10,Oman,Nepal,Al Amerat Cricket Ground Oman Cricket (Ministry Turf 1),0.4375,0.5172413793103449,0.4,0.6,0.4,0.5,0.5,16,29,0.4,1,1
1199499,2019-10-18,Scotland,Singapore,ICC Academy,0.5384615384615384,0.4444444444444444,0.8,0.2,0.6,0.4444444444444444,0.5,52,9,0.3333333333333333,1,0
1199500,2019-10-18,Hong Kong,Ireland,Sheikh Zayed Stadium,0.3333333333333333,0.4166666666666667,0.0,0.6,0.2,0.6,0.6666666666666666,30,96,0.2,1,0
1199501,2019-10-18,Kenya,Netherlands,ICC Academy,0.4,0.45161290322580644,0.6,0.2,0.7,0.3,0.6666666666666666,20,62,0.5,1,0
1199502,2019-10-18,United Arab Emirates,Oman,Sheikh Zayed Stadium,0.4594594594594595,0.47058823529411764,0.8,0.6,0.7,0.4,1.0,37,17,0.8333333333333334,1,0
1199503,2019-10-19,Bermuda,Papua New Guinea,ICC Academy,0.8,0.6,0.8,0.4,0.8,0.7,0.5,5,25,0.5,1,0
1199504,2019-10-19,Jersey,Nigeria,Sheikh Zayed Stadium,0.75,0.6,0.75,0.6,0.75,0.6,0.5,4,5,0.5,1,1
1199505,2019-10-19,Namibia,Netherlands,ICC Academy,0.8,0.4603174603174603,0.2,0.4,0.6,0.4,0.0,25,63,0.5,1,0
1199506,2019-10-19,Kenya,Scotland,ICC Academy Ground No 2,0.38095238095238093,0.5283018867924528,0.6,0.6,0.7,0.5,1.0,21,53,0.5,1,0
1199507,2019-10-19,United Arab Emirates,Ireland,Sheikh Zayed Stadium,0.4473684210526316,0.422680412371134,0.6,0.8,0.7,0.6,0.25,38,97,0.7142857142857143,1,1
1199511,2019-10-20,Hong Kong,Oman,Sheikh Zayed Stadium,0.3225806451612903,0.5,0.0,0.8,0.2,0.5,0.2,31,18,0.16666666666666666,1,0
1199510,2019-10-20,Bermuda,Singapore,ICC Academy Ground No 2,0.6666666666666666,0.5,0.8,0.4,0.6666666666666666,0.5,0.5,6,10,0.5,1,0
1199509,2019-10-20,Canada,Jersey,Tolerance Oval,0.3333333333333333,0.8,0.8,0.8,0.5,0.8,0.5,15,5,0.5,1,1
1199508,2019-10-20,Namibia,Papua New Guinea,ICC Academy Ground No 2,0.7692307692307693,0.6153846153846154,0.0,0.4,0.5,0.7,0.5,26,26,0.5,1,0
1199516,2019-10-21,Canada,Nigeria,Sheikh Zayed Stadium,0.375,0.5,1.0,0.4,0.5,0.5,0.5,16,6,0.0,1,1
1199512,2019-10-21,Papua New Guinea,Scotland,ICC Academy,0.6296296296296297,0.5370370370370371,0.6,0.6,0.7,0.6,0.5,27,54,1.0,1,0
1199514,2019-10-21,Ireland,Oman,Tolerance Oval,0.41836734693877553,0.5263157894736842,0.6,1.0,0.6,0.6,0.3333333333333333,98,19,0.5,1,1
1199515,2019-10-21,Bermuda,Kenya,ICC Academy,0.5714285714285714,0.36363636363636365,0.6,0.4,0.5714285714285714,0.6,0.5,7,22,0.0,1,0
1199513,2019-10-21,United Arab Emirates,Hong Kong,Sheikh Zayed Stadium,0.46153846153846156,0.3125,0.8,0.0,0.7,0.2,1.0,39,32,0.75,1,1
1199517,2019-10-22,Namibia,Scotland,ICC Academy,0.7407407407407407,0.5454545454545454,0.0,0.6,0.4,0.6,0.0,27,55,0.0,1,1
1199518,2019-10-22,Netherlands,Singapore,ICC Academy,0.46875,0.5454545454545454,0.6,0.6,0.4,0.5,0.5,64,11,0.8,1,1
1199519,2019-10-22,United Arab Emirates,Jersey,Tolerance Oval,0.475,0.6666666666666666,0.8,0.6,0.7,0.6666666666666666,0.5,40,6,0.0,1,0
1199520,2019-10-23,Bermuda,Namibia,ICC Academy Ground No 2,0.5,0.75,0.4,0.2,0.5,0.4,0.5,8,28,0.0,1,0
1199521,2019-10-23,Nigeria,Oman,Tolerance Oval,0.42857142857142855,0.5,0.4,0.8,0.42857142857142855,0.5,0.5,7,20,0.5,1,0
1199522,2019-10-23,Kenya,Singapore,ICC Academy Ground No 2,0.391304347826087,0.5,0.6,0.6,0.6,0.4,0.5,23,12,0.0,1,1
1199523,2019-10-23,Canada,Ireland,Sheikh Zayed Stadium,0.4117647058823529,0.42424242424242425,1.0,0.8,0.6,0.7,0.0,17,99,0.5,1,1
1199524,2019-10-23,Hong Kong,Jersey,Sheikh Zayed Stadium,0.30303030303030304,0.7142857142857143,0.0,0.6,0.2,0.7142857142857143,0.5,33,7,0.125,1,1
1199528,2019-10-24,Bermuda,Scotland,Dubai International Cricket Stadium,0.4444444444444444,0.5357142857142857,0.2,0.6,0.4444444444444444,0.6,0.0,9,56,0.5,1,0
1199527,2019-10-24,Canada,Hong Kong,Tolerance Oval,0.4444444444444444,0.3235294117647059,1.0,0.2,0.7,0.2,0.5,18,34,1.0,1,0
1199525,2019-10-24,Netherlands,Papua New Guinea,ICC Academy,0.47692307692307695,0.6071428571428571,0.8,0.4,0.5,0.6,0.0,65,28,0.8333333333333334,1,0
1199526,2019-10-24,United Arab Emirates,Nigeria,Tolerance Oval,0.4634146341463415,0.375,0.6,0.2,0.6,0.375,0.5,41,8,0.0,1,1
1199530,2019-10-25,Ireland,Jersey,Tolerance Oval,0.42,0.625,0.6,0.4,0.6,0.625,0.5,100,8,1.0,1,1
1199531,2019-10-25,Kenya,Namibia,Dubai International Cricket Stadium,0.4166666666666667,0.7586206896551724,0.6,0.4,0.6,0.4,0.5,24,29,0.5,1,0
1199532,2019-10-25,Canada,Oman,Sheikh Zayed Stadium,0.42105263157894735,0.5238095238095238,0.8,0.8,0.7,0.6,0.5,19,21,0.6666666666666666,1,0
1201668,2019-10-25,Spain,Portugal,La Manga Club Bottom Ground,0.5,0.5,0.5,0.5,0.5,0.5,0.5,0,0,0.5,0,1
1199529,2019-10-25,Papua New Guinea,Singapore,Dubai International Cricket Stadium,0.6206896551724138,0.46153846153846156,0.6,0.4,0.6,0.3,0.5,29,13,0.5,1,1
1199533,2019-10-26,Ireland,Nigeria,Sheikh Zayed Stadium,0.42574257425742573,0.3333333333333333,0.6,0.0,0.6,0.3333333333333333,0.5,101,9,0.5,1,1
1199534,2019-10-26,Bermuda,Netherlands,Dubai International Cricket Stadium,0.4,0.4696969696969697,0.0,0.8,0.4,0.5,0.5,10,66,0.0,1,0
1199535,2019-10-26,Namibia,Singapore,Dubai International Cricket Stadium,0.7666666666666667,0.42857142857142855,0.6,0.4,0.4,0.3,0.5,30,14,1.0,1,1
1204726,2019-10-26,Pakistan,Bangladesh,Gaddafi Stadium,0.5441176470588235,0.37606837606837606,0.0,1.0,0.3,0.8,0.8,204,117,0.5555555555555556,1,1
1201671,2019-10-26,Spain,Portugal,La Manga Club Bottom Ground,1.0,0.0,1.0,0.0,1.0,0.0,1.0,1,1,1.0,1,1
1201670,2019-10-26,Spain,Gibraltar,La Manga Club Bottom Ground,1.0,0.5,1.0,0.5,1.0,0.5,0.5,2,0,1.0,0,1
1201669,2019-10-26,Gibraltar,Portugal,La Manga Club Bottom Ground,0.0,0.0,0.0,0.0,0.0,0.0,0.5,1,2,0.0,1,0
1201673,2019-10-27,Spain,Gibraltar,La Manga Club Bottom Ground,1.0,0.0,1.0,0.0,1.0,0.0,1.0,3,2,1.0,1,1
1183524,2019-10-27,Australia,Sri Lanka,Adelaide Oval,0.6195652173913043,0.40606060606060607,1.0,0.6,0.9,0.4,0.5555555555555556,184,165,0.2,1,1
1199536,2019-10-27,Kenya,Papua New Guinea,Dubai International Cricket Stadium,0.4,0.6333333333333333,0.4,0.8,0.5,0.6,0.5,25,30,0.3333333333333333,1,0
1199537,2019-10-27,Hong Kong,Nigeria,Tolerance Oval,0.34285714285714286,0.3,0.4,0.0,0.2,0.3,0.5,35,10,1.0,1,1
1199538,2019-10-27,Jersey,Oman,Sheikh Zayed Stadium,0.5555555555555556,0.5454545454545454,0.4,0.8,0.5555555555555556,0.7,0.5,9,22,0.5,1,1
1199540,2019-10-27,United Arab Emirates,Canada,Sheikh Zayed Stadium,0.47619047619047616,0.4,0.6,0.6,0.7,0.7,0.5,42,20,0.7777777777777778,1,1
1199539,2019-10-27,Netherlands,Scotland,Dubai International Cricket Stadium,0.47761194029850745,0.543859649122807,0.8,0.6,0.5,0.7,0.35714285714285715,67,57,0.5,1,1
1199542,2019-10-29,Namibia,Oman,Dubai International Cricket Stadium,0.7741935483870968,0.5217391304347826,0.8,0.6,0.4,0.7,0.5,31,23,1.0,1,1
1199541,2019-10-29,United Arab Emirates,Netherlands,Dubai International Cricket Stadium,0.4883720930232558,0.4852941176470588,0.8,0.8,0.7,0.6,0.5,43,68,0.0,1,0
1199544,2019-10-30,Hong Kong,Oman,Dubai International Cricket Stadium,0.3611111111111111,0.5,0.6,0.4,0.3,0.7,0.16666666666666666,36,24,1.0,1,0
1199543,2019-10-30,United Arab Emirates,Scotland,Dubai International Cricket Stadium,0.4772727272727273,0.5344827586206896,0.6,0.6,0.7,0.6,0.5,44,58,0.0,1,0
1183525,2019-10-30,Australia,Sri Lanka,"Brisbane Cricket Ground, Woolloongabba",0.6216216216216216,0.4036144578313253,1.0,0.6,0.9,0.4,0.5789473684210527,185,166,0.75,1,1
1199545,2019-10-31,Oman,Scotland,ICC Academy,0.52,0.5423728813559322,0.6,0.6,0.7,0.6,0.0,25,59,0.5,1,0
1183526,2019-11-01,Australia,Sri Lanka,Melbourne Cricket Ground,0.6236559139784946,0.40119760479041916,1.0,0.6,0.9,0.4,0.6,186,167,0.6666666666666666,1,1
1187665,2019-11-01,New Zealand,England,Hagley Oval,0.5527950310559007,0.6123595505617978,0.8,0.6,0.8,0.8,0.22727272727272727,161,178,0.5,1,0
1199546,2019-11-01,Ireland,Netherlands,Dubai International Cricket Stadium,0.43137254901960786,0.4927536231884058,0.6,0.8,0.7,0.7,0.5,102,69,1.0,1,0
1199547,2019-11-01,Namibia,Papua New Guinea,Dubai International Cricket Stadium,0.78125,0.6451612903225806,1.0,0.8,0.5,0.6,0.0,32,31,1.0,1,0
1199549,2019-11-02,Netherlands,Papua New Guinea,Dubai International Cricket Stadium,0.5,0.65625,0.8,0.8,0.8,0.7,0.0,70,32,0.6666666666666666,1,1
1199548,2019-11-02,Ireland,Namibia,Dubai International Cricket Stadium,0.42718446601941745,0.7575757575757576,0.6,0.8,0.6,0.5,0.5,103,33,0.8888888888888888,1,1
1187666,2019-11-03,New Zealand,England,Westpac Stadium,0.5493827160493827,0.6145251396648045,0.6,0.6,0.7,0.8,0.21739130434782608,162,179,0.6666666666666666,1,1
1187013,2019-11-03,India,Bangladesh,Arun Jaitley Stadium,0.5857988165680473,0.3728813559322034,0.6,0.8,0.7,0.8,0.8333333333333334,169,118,1.0,1,0
1187667,2019-11-05,New Zealand,England,Saxton Oval,0.5521472392638037,0.6111111111111112,0.6,0.4,0.7,0.7,0.25,163,180,0.6666666666666666,1,1
1183528,2019-11-05,Australia,Pakistan,Manuka Oval,0.6256684491978609,0.5463414634146342,1.0,0.2,0.9,0.3,0.5862068965517241,187,205,0.3333333333333333,1,1
1187014,2019-11-07,India,Bangladesh,Saurashtra Cricket Association Stadium,0.5823529411764706,0.37815126050420167,0.6,0.8,0.7,0.8,0.7692307692307693,170,119,0.5,1,1
1187668,2019-11-08,New Zealand,England,McLean Park,0.5548780487804879,0.6077348066298343,0.6,0.4,0.7,0.6,0.28,164,181,1.0,1,0
1183529,2019-11-08,Australia,Pakistan,Perth Stadium,0.6276595744680851,0.5436893203883495,1.0,0.2,1.0,0.3,0.6,188,206,0.5,1,1
1202252,2019-11-09,West Indies,India,"Darren Sammy National Cricket Stadium, St Lucia",0.4779874213836478,0.5847953216374269,0.0,0.6,0.3,0.7,0.4,159,171,0.0,1,0
1202253,2019-11-10,West Indies,India,"Darren Sammy National Cricket Stadium, St Lucia",0.475,0.5872093023255814,0.0,0.6,0.2,0.7,0.375,160,172,0.0,1,0
1187015,2019-11-10,India,Bangladesh,"Vidarbha Cricket Association Stadium, Jamtha",0.5895953757225434,0.375,0.6,0.6,0.7,0.8,0.7857142857142857,173,120,0.3333333333333333,1,1
1202254,2019-11-14,West Indies,India,"Providence Stadium, Guyana",0.4720496894409938,0.5919540229885057,0.0,0.8,0.1,0.7,0.35294117647058826,161,174,0.0,1,0
1202255,2019-11-17,West Indies,India,"Providence Stadium, Guyana",0.4691358024691358,0.5942857142857143,0.0,1.0,0.0,0.8,0.3333333333333333,162,175,0.0,1,0
1202256,2019-11-20,West Indies,India,"Providence Stadium, Guyana",0.4662576687116564,0.5965909090909091,0.0,1.0,0.0,0.8,0.3157894736842105,163,176,0.0,1,0
1208804,2019-12-02,Nepal,Maldives,Pokhara Rangasala,0.5,0.5,0.4,0.5,0.5,0.5,0.5,30,2,0.5,1,1
1208806,2019-12-04,Nepal,Bangladesh,Pokhara Rangasala,0.5161290322580645,0.371900826446281,0.6,0.4,0.5,0.7,0.0,31,121,1.0,1,0
1208808,2019-12-05,Bangladesh,Maldives,Pokhara Rangasala,0.3770491803278688,0.3333333333333333,0.4,0.3333333333333333,0.7,0.3333333333333333,0.5,122,3,1.0,1,1
1208606,2019-12-05,Nepal,Bhutan,Tribhuvan University International Cricket Ground,0.5,0.5,0.4,0.5,0.4,0.5,0.5,32,0,0.5,0,1
1208609,2019-12-06,Nepal,Maldives,Tribhuvan University International Cricket Ground,0.5151515151515151,0.25,0.4,0.25,0.5,0.25,1.0,33,4,1.0,1,1
1187018,2019-12-06,India,West Indies,"Rajiv Gandhi International Stadium, Uppal",0.5988700564971752,0.4634146341463415,1.0,0.0,0.8,0.0,0.7,177,164,0.5,1,1
1208612,2019-12-07,Bhutan,Maldives,Tribhuvan University International Cricket Ground,0.0,0.2,0.0,0.2,0.0,0.2,0.5,1,5,0.0,1,0
1208810,2019-12-07,Nepal,Maldives,Pokhara Rangasala,0.5294117647058824,0.3333333333333333,0.6,0.2,0.6,0.3333333333333333,1.0,34,6,0.5,1,1
1187019,2019-12-08,India,West Indies,Greenfield International Stadium,0.601123595505618,0.46060606060606063,1.0,0.0,0.8,0.0,0.7142857142857143,178,165,1.0,1,0
1208613,2019-12-09,Nepal,Maldives,Tribhuvan University International Cricket Ground,0.5428571428571428,0.2857142857142857,0.8,0.2,0.6,0.2857142857142857,1.0,35,7,1.0,1,1
1187020,2019-12-11,India,West Indies,Wankhede Stadium,0.5977653631284916,0.463855421686747,0.8,0.2,0.8,0.1,0.6818181818181818,179,166,0.3333333333333333,1,1
1208347,2019-12-17,England,Pakistan,Kinrara Academy Oval,0.6098901098901099,0.5410628019323671,0.6,0.2,0.6,0.2,0.782608695652174,182,207,0.5,1,1
1208348,2019-12-19,England,Pakistan,Kinrara Academy Oval,0.6120218579234973,0.5384615384615384,0.6,0.2,0.6,0.2,0.7916666666666666,183,208,1.0,1,1
1208349,2019-12-20,England,Pakistan,Kinrara Academy Oval,0.6141304347826086,0.5358851674641149,0.6,0.2,0.6,0.1,0.8,184,209,1.0,1,1
1202243,2020-01-07,India,Sri Lanka,Holkar Cricket Stadium,0.6,0.39880952380952384,0.8,0.4,0.9,0.4,0.7272727272727273,180,168,1.0,1,1
1202244,2020-01-10,India,Sri Lanka,Maharashtra Cricket Association Stadium,0.6022099447513812,0.39644970414201186,0.8,0.2,0.9,0.3,0.7391304347826086,181,169,0.0,1,1
1203676,2020-01-15,West Indies,Ireland,"National Cricket Stadium, Grenada",0.46107784431137727,0.4326923076923077,0.2,0.6,0.1,0.7,0.8333333333333334,167,104,0.5,1,0
1203678,2020-01-19,West Indies,Ireland,"Warner Park, St Kitts",0.4583333333333333,0.4380952380952381,0.2,0.8,0.1,0.7,0.7142857142857143,168,105,0.0,1,1
1213058,2020-01-24,Pakistan,Bangladesh,Gaddafi Stadium,0.5333333333333333,0.3821138211382114,0.0,0.6,0.1,0.7,0.8125,210,123,0.6,1,1
1187677,2020-01-24,New Zealand,India,Eden Park,0.5515151515151515,0.6043956043956044,0.4,0.8,0.7,0.9,0.75,165,182,0.3888888888888889,1,0
1213059,2020-01-25,Pakistan,Bangladesh,Gaddafi Stadium,0.5355450236966824,0.3790322580645161,0.2,0.4,0.2,0.6,0.8235294117647058,211,124,0.6363636363636364,1,1
1187678,2020-01-26,New Zealand,India,Eden Park,0.5481927710843374,0.6065573770491803,0.4,0.8,0.6,0.9,0.7058823529411765,166,183,0.3684210526315789,1,0
1183543,2020-01-31,England,India,Manuka Oval,0.6162162162162163,0.6086956521739131,0.8,1.0,0.6,0.9,0.6923076923076923,185,184,1.0,1,0
1187717,2020-02-02,New Zealand,South Africa,Bay Oval,0.5449101796407185,0.5406976744186046,0.4,0.4,0.5,0.5,0.4,167,172,0.8571428571428571,1,1
1183545,2020-02-02,Australia,India,Manuka Oval,0.6296296296296297,0.6108108108108108,1.0,1.0,1.0,0.9,0.5,189,185,0.5,1,1
1187681,2020-02-02,New Zealand,India,Bay Oval,0.5476190476190477,0.6075268817204301,0.4,0.8,0.5,0.8,0.6666666666666666,168,186,0.875,1,0
1214763,2020-02-04,Oman,Germany,Al Amerat Cricket Ground Oman Cricket (Ministry Turf 1),0.5,0.5714285714285714,0.4,0.6,0.6,0.5714285714285714,0.5,26,7,0.5,1,0
1214764,2020-02-05,Oman,Germany,Al Amerat Cricket Ground Oman Cricket (Ministry Turf 1),0.48148148148148145,0.625,0.2,0.6,0.5,0.625,0.0,27,8,0.42857142857142855,1,0
1187718,2020-02-06,New Zealand,South Africa,Seddon Park,0.5443786982248521,0.5375722543352601,0.2,0.2,0.4,0.4,0.42857142857142855,169,173,0.75,1,1
1214765,2020-02-07,Oman,Germany,Al Amerat Cricket Ground Oman Cricket (Ministry Turf 1),0.4642857142857143,0.6666666666666666,0.2,0.6,0.4,0.6666666666666666,0.0,28,9,0.375,1,0
1183546,2020-02-07,England,India,Junction Oval,0.6129032258064516,0.6096256684491979,0.8,0.8,0.6,0.8,0.6666666666666666,186,187,0.5,1,1
1214766,2020-02-08,Oman,Germany,Al Amerat Cricket Ground Oman Cricket (Ministry Turf 1),0.4482758620689655,0.7,0.2,0.6,0.3,0.7,0.0,29,10,0.3333333333333333,1,0
1183547,2020-02-08,Australia,India,Junction Oval,0.631578947368421,0.6063829787234043,1.0,0.6,1.0,0.7,0.5185185185185185,190,188,0.5,1,0
1183548,2020-02-09,Australia,England,Junction Oval,0.6282722513089005,0.6149732620320856,0.8,0.8,0.9,0.7,0.5641025641025641,191,187,0.0,1,1
1187719,2020-02-09,New Zealand,South Africa,Basin Reserve,0.5470588235294118,0.5344827586206896,0.4,0.2,0.4,0.4,0.45454545454545453,170,174,0.5,1,0
1187720,2020-02-10,New Zealand,South Africa,Basin Reserve,0.543859649122807,0.5371428571428571,0.4,0.4,0.4,0.4,0.43478260869565216,171,175,0.0,1,1
1185313,2020-02-12,South Africa,England,Buffalo Park,0.5340909090909091,0.6117021276595744,0.4,0.6,0.3,0.6,0.391304347826087,176,188,0.3333333333333333,1,1
1183549,2020-02-12,Australia,India,Junction Oval,0.6302083333333334,0.6084656084656085,0.8,0.6,0.9,0.8,0.5,192,189,0.5,1,1
1185314,2020-02-14,South Africa,England,Kingsmead,0.536723163841808,0.6084656084656085,0.4,0.4,0.4,0.5,0.4166666666666667,177,189,0.75,1,0
1185315,2020-02-16,South Africa,England,SuperSport Park,0.5337078651685393,0.6105263157894737,0.4,0.4,0.3,0.6,0.4,178,190,0.6,1,0
1215136,2020-02-20,Malaysia,Hong Kong,Kinrara Academy Oval,0.34615384615384615,0.35135135135135137,0.4,0.6,0.5,0.3,0.5,26,37,0.36363636363636365,1,1
1185316,2020-02-21,South Africa,Australia,The Wanderers Stadium,0.5307262569832403,0.6321243523316062,0.4,0.8,0.3,0.9,0.3684210526315789,179,193,0.75,1,0
1215137,2020-02-21,Malaysia,Hong Kong,Kinrara Academy Oval,0.37037037037037035,0.34210526315789475,0.6,0.6,0.6,0.3,1.0,27,38,0.4166666666666667,1,1
1173048,2020-02-21,Australia,India,Sydney Showground Stadium,0.634020618556701,0.6052631578947368,0.8,0.4,0.9,0.7,0.5172413793103449,194,190,0.5,1,0
1173049,2020-02-22,Thailand,West Indies,W.A.C.A. Ground,0.6296296296296297,0.46153846153846156,0.8,0.4,0.7,0.2,0.5,27,169,0.5,1,0
1173050,2020-02-22,New Zealand,Sri Lanka,W.A.C.A. Ground,0.5465116279069767,0.3941176470588235,0.6,0.0,0.5,0.3,0.65,172,170,0.5,1,1
1173051,2020-02-23,England,South Africa,W.A.C.A. Ground,0.612565445026178,0.5277777777777778,0.6,0.2,0.7,0.3,0.6153846153846154,191,180,0.5,1,0
1215138,2020-02-23,Malaysia,Hong Kong,Kinrara Academy Oval,0.39285714285714285,0.3333333333333333,0.8,0.4,0.7,0.3,1.0,28,39,0.46153846153846156,1,1
1185317,2020-02-23,South Africa,Australia,St George's Park,0.5303867403314917,0.6307692307692307,0.4,0.6,0.4,0.8,0.35,181,195,0.5,1,1
1215139,2020-02-24,Malaysia,Hong Kong,Kinrara Academy Oval,0.41379310344827586,0.325,0.8,0.2,0.7,0.3,1.0,29,40,0.5,1,1
1173052,2020-02-24,Australia,Sri Lanka,W.A.C.A. Ground,0.6275510204081632,0.391812865497076,0.6,0.0,0.7,0.3,0.6190476190476191,196,171,0.5,1,1
1173053,2020-02-24,Bangladesh,India,W.A.C.A. Ground,0.376,0.6073298429319371,0.4,0.6,0.5,0.7,0.2,125,191,0.5,1,0
1215161,2020-02-25,Bahrain,Qatar,Al Amerat Cricket Ground Oman Cricket (Ministry Turf 1),0.5,0.5,0.5,0.5,0.5,0.5,0.5,0,4,0.5,0,1
1215162,2020-02-25,Iran,Kuwait,Al Amerat Cricket Ground Oman Cricket (Ministry Turf 2),0.5,0.1111111111111111,0.5,0.2,0.5,0.1111111111111111,0.5,0,9,0.5,0,0
1215160,2020-02-25,Saudi Arabia,United Arab Emirates,Al Amerat Cricket Ground Oman Cricket (Ministry Turf 2),0.5,0.4666666666666667,0.5,0.4,0.5,0.6,0.5,0,45,0.5,0,0
1215159,2020-02-25,Oman,Maldives,Al Amerat Cricket Ground Oman Cricket (Ministry Turf 1),0.43333333333333335,0.25,0.0,0.2,0.3,0.25,0.5,30,8,0.3,1,1
1215140,2020-02-26,Malaysia,Hong Kong,Kinrara Academy Oval,0.43333333333333335,0.3170731707317073,1.0,0.0,0.7,0.3,1.0,30,41,0.5333333333333333,1,1
1215163,2020-02-26,Kuwait,Bahrain,Al Amerat Cricket Ground Oman Cricket (Ministry Turf 1),0.2,1.0,0.4,1.0,0.2,1.0,0.5,10,1,0.5,1,1
1215164,2020-02-26,Qatar,United Arab Emirates,Al Amerat Cricket Ground Oman Cricket (Ministry Turf 2),0.4,0.4782608695652174,0.4,0.6,0.4,0.6,0.5,5,46,0.5,1,0
1173055,2020-02-26,Pakistan,West Indies,Manuka Oval,0.5377358490566038,0.4647058823529412,0.4,0.6,0.3,0.3,0.6666666666666666,212,170,0.0,1,1
1173054,2020-02-26,England,Thailand,Manuka Oval,0.609375,0.6071428571428571,0.4,0.6,0.6,0.7,0.5,192,28,0.6666666666666666,1,1
1185318,2020-02-26,South Africa,Australia,Newlands,0.532967032967033,0.6294416243654822,0.4,0.6,0.4,0.7,0.38095238095238093,182,197,0.46153846153846156,1,0
1173056,2020-02-27,India,New Zealand,Junction Oval,0.609375,0.5491329479768786,0.6,0.6,0.7,0.5,0.3684210526315789,192,173,0.3333333333333333,1,1
1173057,2020-02-27,Australia,Bangladesh,Manuka Oval,0.6313131313131313,0.373015873015873,0.6,0.4,0.7,0.4,1.0,198,126,0.6,1,1
1215165,2020-02-27,Kuwait,United Arab Emirates,Al Amerat Cricket Ground Oman Cricket (Ministry Turf 1),0.2727272727272727,0.48936170212765956,0.6,0.6,0.3,0.6,0.0,11,47,1.0,1,0
1173058,2020-02-28,South Africa,Thailand,Manuka Oval,0.5300546448087432,0.5862068965517241,0.4,0.4,0.4,0.6,0.5,183,29,0.5,1,1
1173059,2020-02-28,England,Pakistan,Manuka Oval,0.6113989637305699,0.539906103286385,0.6,0.6,0.6,0.4,0.8076923076923077,193,213,0.75,1,1
1173060,2020-02-29,Bangladesh,New Zealand,Junction Oval,0.3700787401574803,0.5459770114942529,0.2,0.6,0.3,0.4,0.0,127,174,0.5,1,0
1217738,2020-02-29,Thailand,Singapore,Terdthai Cricket Ground,0.5666666666666667,0.4,0.2,0.2,0.5,0.3,0.5,30,15,1.0,1,0
1173061,2020-02-29,India,Sri Lanka,Junction Oval,0.6113989637305699,0.38953488372093026,0.8,0.0,0.7,0.3,0.75,193,172,0.5,1,1
1173062,2020-03-01,Pakistan,South Africa,Sydney Showground Stadium,0.5373831775700935,0.532608695652174,0.6,0.6,0.4,0.5,0.5217391304347826,214,184,0.5,1,0
1173063,2020-03-01,England,West Indies,Sydney Showground Stadium,0.6134020618556701,0.4619883040935672,0.8,0.4,0.6,0.3,0.48148148148148145,194,171,0.5,1,1
1217741,2020-03-01,Thailand,Malaysia,Terdthai Cricket Ground,0.5483870967741935,0.45161290322580644,0.0,1.0,0.5,0.7,0.5,31,31,0.6666666666666666,1,0
1217740,2020-03-01,Hong Kong,Nepal,Terdthai Cricket Ground,0.30952380952380953,0.5555555555555556,0.0,0.8,0.3,0.7,0.4,42,36,0.0,1,1
1173064,2020-03-02,Bangladesh,Sri Lanka,Junction Oval,0.3671875,0.3872832369942196,0.0,0.0,0.3,0.2,0.42857142857142855,128,173,0.0,1,0
1173065,2020-03-02,Australia,New Zealand,Junction Oval,0.6331658291457286,0.5485714285714286,0.6,0.6,0.7,0.5,0.7368421052631579,199,175,0.6666666666666666,1,1
1217742,2020-03-03,Malaysia,Singapore,Terdthai Cricket Ground,0.46875,0.4375,1.0,0.2,0.8,0.4,0.75,32,16,0.2,1,0
1217743,2020-03-03,Thailand,Hong Kong,Terdthai Cricket Ground,0.53125,0.32558139534883723,0.0,0.2,0.4,0.4,1.0,32,43,0.5,1,0
1217744,2020-03-04,Thailand,Nepal,Terdthai Cricket Ground,0.5151515151515151,0.5405405405405406,0.0,0.8,0.3,0.6,1.0,33,37,0.4,1,0
1217745,2020-03-04,Hong Kong,Singapore,Terdthai Cricket Ground,0.3409090909090909,0.47058823529411764,0.4,0.4,0.4,0.5,0.5,44,17,0.6666666666666666,1,0
1213874,2020-03-04,Sri Lanka,West Indies,Pallekele International Cricket Stadium,0.39080459770114945,0.45930232558139533,0.2,0.4,0.2,0.3,0.42105263157894735,174,172,0.6666666666666666,1,0
1173069,2020-03-05,Australia,South Africa,Sydney Cricket Ground,0.635,0.5351351351351351,0.8,0.8,0.7,0.5,0.6363636363636364,200,185,0.7142857142857143,1,1
1217747,2020-03-06,Hong Kong,Malaysia,Terdthai Cricket Ground,0.3333333333333333,0.45454545454545453,0.4,0.8,0.3,0.8,0.0,45,33,0.5,1,1
1213875,2020-03-06,Sri Lanka,West Indies,Pallekele International Cricket Stadium,0.38857142857142857,0.4624277456647399,0.2,0.6,0.1,0.4,0.4,175,173,0.6153846153846154,1,0
1207082,2020-03-08,Spain,Germany,Desert Springs Cricket Ground,1.0,0.7272727272727273,1.0,0.8,1.0,0.8,0.5,4,11,0.5,1,0
1207081,2020-03-08,Spain,Germany,Desert Springs Cricket Ground,0.8,0.75,0.8,1.0,0.8,0.8,0.0,5,12,0.0,1,1
1173070,2020-03-08,Australia,India,Melbourne Cricket Ground,0.6368159203980099,0.6134020618556701,1.0,0.8,0.8,0.7,0.5,201,194,0.6875,1,1
1214670,2020-03-09,Bangladesh,Zimbabwe,"Shere Bangla National Stadium, Mirpur",0.3643410852713178,0.328125,0.0,0.6,0.2,0.5,0.6,129,64,0.5,1,1
1214671,2020-03-11,Bangladesh,Zimbabwe,"Shere Bangla National Stadium, Mirpur",0.36923076923076925,0.3230769230769231,0.2,0.6,0.3,0.4,0.6363636363636364,130,65,0.6,1,1
1229204,2020-08-12,Germany,Austria,"Seebarn Cricket Centre, Lower Austria",0.6923076923076923,0.5,0.8,0.5,0.7,0.5,0.5,13,0,0.5,0,1
1229205,2020-08-13,Germany,Austria,Seebarn Cricket Centre,0.7142857142857143,0.0,0.8,0.0,0.7,0.0,1.0,14,1,0.5,1,1
1229206,2020-08-13,Austria,Germany,Seebarn Cricket Centre,0.0,0.7333333333333333,0.0,0.8,0.0,0.7,0.0,2,15,0.0,1,0
1229207,2020-08-14,Germany,Austria,Seebarn Cricket Centre,0.75,0.0,0.8,0.0,0.8,0.0,1.0,16,3,1.0,1,1
1229208,2020-08-15,Germany,Austria,Seebarn Cricket Centre,0.7647058823529411,0.0,0.8,0.0,0.9,0.0,1.0,17,4,1.0,1,1
1229824,2020-08-21,Isle of Man,Guernsey,College Field,0.5,0.5,0.5,0.5,0.5,0.5,0.5,0,4,0.5,0,0
1229820,2020-08-29,Belgium,Luxembourg,Pierre Werner Cricket Ground,0.5,0.5,0.5,0.5,0.5,0.5,0.5,0,0,0.5,0,1
1229822,2020-08-30,Belgium,Czech Republic,Pierre Werner Cricket Ground,1.0,0.5,1.0,0.5,1.0,0.5,0.5,1,0,1.0,0,1
1229823,2020-08-30,Belgium,Luxembourg,Pierre Werner Cricket Ground,1.0,0.0,1.0,0.0,1.0,0.0,1.0,2,1,1.0,1,1
1198245,2020-08-30,Pakistan,England,Old Trafford,0.5348837209302325,0.6153846153846154,0.6,0.8,0.3,0.6,0.18518518518518517,215,195,1.0,1,0
1198246,2020-09-01,Pakistan,England,Old Trafford,0.5324074074074074,0.6173469387755102,0.4,0.8,0.3,0.7,0.17857142857142858,216,196,0.5,1,1
1198235,2020-09-04,England,Australia,The Rose Bowl,0.6142131979695431,0.6386138613861386,0.8,1.0,0.6,0.8,0.425,197,202,0.7142857142857143,1,1
1198236,2020-09-06,Australia,England,The Rose Bowl,0.6354679802955665,0.6161616161616161,0.8,0.8,0.7,0.7,0.5609756097560976,203,198,0.25,1,0
1198237,2020-09-08,England,Australia,The Rose Bowl,0.6180904522613065,0.6323529411764706,0.8,0.6,0.8,0.6,0.4523809523809524,199,204,0.7777777777777778,1,0
1230855,2020-09-21,England,West Indies,County Ground,0.615,0.46551724137931033,0.6,0.6,0.7,0.5,0.5,200,174,0.6666666666666666,1,1
1230856,2020-09-23,England,West Indies,County Ground,0.6169154228855721,0.46285714285714286,0.6,0.4,0.7,0.5,0.5172413793103449,201,175,0.6818181818181818,1,1
1223941,2020-09-26,Australia,New Zealand,Allan Border Field,0.6341463414634146,0.5454545454545454,0.6,0.6,0.7,0.5,0.75,205,176,1.0,1,1
1230857,2020-09-26,England,West Indies,County Ground,0.6188118811881188,0.4602272727272727,0.8,0.4,0.8,0.4,0.5333333333333333,202,176,0.6956521739130435,1,1
1223942,2020-09-27,New Zealand,Australia,Allan Border Field,0.5423728813559322,0.6359223300970874,0.4,0.6,0.5,0.8,0.23809523809523808,177,206,0.0,1,0
1230858,2020-09-28,England,West Indies,County Ground,0.6206896551724138,0.4576271186440678,0.8,0.4,0.8,0.4,0.5483870967741935,203,177,0.7083333333333334,1,1
1230859,2020-09-30,West Indies,England,County Ground,0.4550561797752809,0.6225490196078431,0.2,0.8,0.4,0.8,0.4375,178,204,0.0,1,0
1223943,2020-09-30,Australia,New Zealand,Allan Border Field,0.6376811594202898,0.5393258426966292,0.6,0.2,0.8,0.4,0.7727272727272727,207,178,1.0,1,0
1235829,2020-10-16,Bulgaria,Romania,Moara Vlasiei Cricket Ground,0.5,0.5,0.5,0.5,0.5,0.5,0.5,0,0,0.5,0,1
1235830,2020-10-17,Romania,Bulgaria,Moara Vlasiei Cricket Ground,0.0,1.0,0.0,1.0,0.0,1.0,0.0,1,1,0.0,1,1
1235832,2020-10-18,Bulgaria,Romania,Moara Vlasiei Cricket Ground,0.5,0.5,0.5,0.5,0.5,0.5,0.5,2,2,0.5,1,0
1233464,2020-11-07,Zimbabwe,Pakistan,Rawalpindi Cricket Stadium,0.3181818181818182,0.5345622119815668,0.4,0.4,0.4,0.4,0.0,66,217,0.5,1,0
1233465,2020-11-08,Zimbabwe,Pakistan,Rawalpindi Cricket Stadium,0.31343283582089554,0.536697247706422,0.4,0.4,0.4,0.5,0.0,67,218,0.0,1,0
1233466,2020-11-10,Zimbabwe,Pakistan,Rawalpindi Cricket Stadium,0.3088235294117647,0.5388127853881278,0.2,0.6,0.3,0.6,0.0,68,219,0.0,1,0
1233954,2020-11-27,West Indies,New Zealand,Eden Park,0.45251396648044695,0.5418994413407822,0.0,0.4,0.3,0.5,0.3125,179,179,0.0,1,0
1237122,2020-11-27,South Africa,England,Newlands,0.532258064516129,0.624390243902439,0.6,1.0,0.5,0.8,0.4074074074074074,186,205,0.42857142857142855,1,0
1233955,2020-11-29,New Zealand,West Indies,Bay Oval,0.5444444444444444,0.45,0.4,0.0,0.5,0.2,0.7058823529411765,180,180,0.7777777777777778,1,1
1237123,2020-11-29,South Africa,England,Boland Park,0.5294117647058824,0.6262135922330098,0.4,1.0,0.4,0.8,0.39285714285714285,187,206,0.0,1,0
1237124,2020-12-01,South Africa,England,Newlands,0.526595744680851,0.6280193236714976,0.4,1.0,0.4,0.9,0.3793103448275862,188,207,0.4,1,0
1223952,2020-12-04,India,Australia,Manuka Oval,0.6102564102564103,0.6346153846153846,0.8,0.6,0.6,0.7,0.4838709677419355,195,208,0.5,1,1
1223953,2020-12-06,Australia,India,Sydney Cricket Ground,0.631578947368421,0.6122448979591837,0.6,0.8,0.6,0.7,0.5,209,196,0.75,1,0
1223954,2020-12-08,Australia,India,Sydney Cricket Ground,0.6285714285714286,0.6142131979695431,0.4,0.8,0.5,0.7,0.48484848484848486,210,197,0.6666666666666666,1,1
1233959,2020-12-18,Pakistan,New Zealand,Eden Park,0.5409090909090909,0.5469613259668509,0.8,0.6,0.7,0.6,0.48148148148148145,220,181,0.6666666666666666,1,0
1233960,2020-12-20,Pakistan,New Zealand,Seddon Park,0.5384615384615384,0.5494505494505495,0.8,0.8,0.6,0.6,0.4642857142857143,221,182,0.0,1,0
1233961,2020-12-22,New Zealand,Pakistan,McLean Park,0.5519125683060109,0.536036036036036,1.0,0.6,0.6,0.5,0.5517241379310345,183,222,0.5,1,0
1244846,2021-01-29,Pakistan,South Africa,Kingsmead,0.5381165919282511,0.5238095238095238,0.6,0.2,0.5,0.4,0.5,223,189,1.0,1,0
1244847,2021-01-31,South Africa,Pakistan,Kingsmead,0.5263157894736842,0.5357142857142857,0.2,0.4,0.5,0.5,0.52,190,224,0.7,1,1
1244848,2021-02-03,Pakistan,South Africa,Kingsmead,0.5333333333333333,0.5287958115183246,0.2,0.4,0.5,0.5,0.46153846153846156,225,191,0.3333333333333333,1,1
1243019,2021-02-11,Pakistan,South Africa,Gaddafi Stadium,0.5353982300884956,0.5260416666666666,0.4,0.4,0.6,0.4,0.48148148148148145,226,192,0.6666666666666666,1,1
1243020,2021-02-13,Pakistan,South Africa,Gaddafi Stadium,0.5374449339207048,0.5233160621761658,0.6,0.4,0.6,0.4,0.5,227,193,0.6923076923076923,1,0
1243021,2021-02-14,South Africa,Pakistan,Gaddafi Stadium,0.5257731958762887,0.5350877192982456,0.6,0.4,0.4,0.5,0.5172413793103449,194,228,0.5,1,0
1233971,2021-02-22,New Zealand,Australia,Hagley Oval,0.5489130434782609,0.6303317535545023,0.8,0.4,0.6,0.5,0.2608695652173913,184,211,0.0,1,1
1233972,2021-02-25,New Zealand,Australia,University Oval,0.5513513513513514,0.6273584905660378,0.8,0.2,0.6,0.4,0.2916666666666667,185,212,0.5,1,1
1252066,2021-03-03,Sri Lanka,West Indies,"Coolidge Cricket Ground, Antigua",0.38636363636363635,0.44751381215469616,0.2,0.0,0.1,0.2,0.38095238095238093,176,181,0.5,1,0
1249235,2021-03-03,New Zealand,England,Westpac Stadium,0.553763440860215,0.6298076923076923,0.8,1.0,0.7,0.9,0.2692307692307692,186,208,0.6923076923076923,1,0
1233973,2021-03-03,Australia,New Zealand,Westpac Stadium,0.6244131455399061,0.5508021390374331,0.2,0.6,0.4,0.7,0.68,213,187,1.0,1,1
1252067,2021-03-05,Sri Lanka,West Indies,"Coolidge Cricket Ground, Antigua",0.384180790960452,0.45054945054945056,0.2,0.2,0.1,0.3,0.36363636363636365,177,182,0.0,1,1
1233974,2021-03-05,Australia,New Zealand,Westpac Stadium,0.6261682242990654,0.5478723404255319,0.4,0.4,0.5,0.7,0.6923076923076923,214,188,1.0,1,1
1249236,2021-03-05,New Zealand,England,Westpac Stadium,0.544973544973545,0.631578947368421,0.4,1.0,0.6,0.9,0.25925925925925924,189,209,0.5625,1,0
1233975,2021-03-07,Australia,New Zealand,Sky Stadium,0.627906976744186,0.5421052631578948,0.6,0.2,0.5,0.5,0.7037037037037037,215,190,0.5,1,0
1249237,2021-03-07,England,New Zealand,Sky Stadium,0.6333333333333333,0.5445026178010471,1.0,0.2,1.0,0.5,0.75,210,191,0.5,1,1
1252068,2021-03-07,Sri Lanka,West Indies,"Coolidge Cricket Ground, Antigua",0.38764044943820225,0.44808743169398907,0.4,0.2,0.2,0.2,0.391304347826087,178,183,0.5,1,0
1243388,2021-03-12,India,England,Narendra Modi Stadium,0.6111111111111112,0.6350710900473934,0.6,1.0,0.7,1.0,0.32142857142857145,198,211,0.5,1,0
1243389,2021-03-14,England,India,Narendra Modi Stadium,0.6367924528301887,0.6080402010050251,1.0,0.4,1.0,0.6,0.6896551724137931,212,199,1.0,1,0
1243390,2021-03-16,India,England,Narendra Modi Stadium,0.61,0.6338028169014085,0.6,0.8,0.7,0.9,0.3333333333333333,200,213,0.5,1,0
1243391,2021-03-18,India,England,Narendra Modi Stadium,0.6069651741293532,0.6355140186915887,0.4,0.8,0.6,0.9,0.3225806451612903,201,214,0.3333333333333333,1,1
1253272,2021-03-20,India,South Africa,Bharat Ratna Shri Atal Bihari Vajpayee Ekana Cricket Stadium,0.6089108910891089,0.5230769230769231,0.4,0.4,0.6,0.3,0.6521739130434783,202,195,1.0,1,0
1243392,2021-03-20,India,England,Narendra Modi Stadium,0.6059113300492611,0.6325581395348837,0.4,0.6,0.5,0.8,0.34375,203,215,0.5,1,1
1253273,2021-03-21,India,South Africa,Bharat Ratna Shri Atal Bihari Vajpayee Ekana Cricket Stadium,0.6078431372549019,0.5255102040816326,0.6,0.4,0.5,0.4,0.625,204,196,0.5,1,0
1253274,2021-03-23,South Africa,India,Bharat Ratna Shri Atal Bihari Vajpayee Ekana Cricket Stadium,0.5279187817258884,0.6048780487804878,0.6,0.4,0.5,0.5,0.4,197,205,1.0,1,0
1249238,2021-03-28,New Zealand,Australia,Seddon Park,0.5416666666666666,0.625,0.2,0.4,0.4,0.4,0.32142857142857145,192,216,0.7857142857142857,1,0
1233979,2021-03-28,New Zealand,Bangladesh,Seddon Park,0.538860103626943,0.37404580152671757,0.2,0.4,0.3,0.4,1.0,193,131,0.7333333333333333,1,1
1233980,2021-03-30,New Zealand,Bangladesh,McLean Park,0.5412371134020618,0.3712121212121212,0.4,0.4,0.4,0.3,1.0,194,132,0.3333333333333333,1,1
1249239,2021-03-30,Australia,New Zealand,McLean Park,0.6267281105990783,0.5435897435897435,0.6,0.6,0.4,0.4,0.6896551724137931,217,195,0.5,1,0
1233981,2021-04-01,New Zealand,Bangladesh,Eden Park,0.5459183673469388,0.3684210526315789,0.6,0.4,0.4,0.2,1.0,196,133,0.4090909090909091,1,1
1257404,2021-04-03,Uganda,Namibia,Wanderers,0.46153846153846156,0.7352941176470589,0.4,0.6,0.5,0.5,0.0,13,34,0.5,1,0
1257405,2021-04-05,Namibia,Uganda,"Wanderers Cricket Ground, Windhoek",0.7428571428571429,0.42857142857142855,0.6,0.4,0.6,0.5,1.0,35,14,0.5,1,1
1257406,2021-04-05,Namibia,Uganda,"Wanderers Cricket Ground, Windhoek",0.75,0.4,0.6,0.4,0.7,0.4,1.0,36,15,1.0,1,1
1251575,2021-04-10,South Africa,Pakistan,"The Wanderers Stadium, Johannesburg",0.5252525252525253,0.537117903930131,0.6,0.6,0.5,0.5,0.5,198,229,0.5,1,0
1251576,2021-04-12,Pakistan,South Africa,"The Wanderers Stadium, Johannesburg",0.5391304347826087,0.5226130653266332,0.8,0.4,0.5,0.5,0.5161290322580645,230,199,1.0,1,0
1251577,2021-04-14,South Africa,Pakistan,"SuperSport Park, Centurion",0.525,0.5367965367965368,0.6,0.6,0.5,0.5,0.5,200,231,0.5,1,0
1251578,2021-04-16,South Africa,Pakistan,"SuperSport Park, Centurion",0.5223880597014925,0.5387931034482759,0.4,0.6,0.4,0.6,0.48484848484848486,201,232,0.0,1,0
1257945,2021-04-17,Netherlands,Nepal,"Tribhuvan University International Cricket Ground, Kirtipur",0.5070422535211268,0.5526315789473685,1.0,0.8,0.9,0.6,0.6666666666666666,71,38,0.5,1,0
1257946,2021-04-18,Netherlands,Malaysia,"Tribhuvan University International Cricket Ground, Kirtipur",0.5,0.4411764705882353,0.8,0.6,0.8,0.7,0.5,72,34,0.0,1,1
1257947,2021-04-19,Malaysia,Nepal,"Tribhuvan University International Cricket Ground, Kirtipur",0.42857142857142855,0.5641025641025641,0.4,0.8,0.7,0.7,0.0,35,39,0.0,1,0
1257948,2021-04-20,Nepal,Netherlands,"Tribhuvan University International Cricket Ground, Kirtipur",0.575,0.5068493150684932,0.8,0.8,0.8,0.8,0.5,40,73,1.0,1,0
1257183,2021-04-21,Pakistan,Zimbabwe,Harare Sports Club,0.5407725321888412,0.30434782608695654,0.8,0.0,0.6,0.3,1.0,233,69,0.9090909090909091,1,1
1257950,2021-04-22,Nepal,Malaysia,"Tribhuvan University International Cricket Ground, Kirtipur",0.5609756097560976,0.4166666666666667,0.6,0.2,0.7,0.6,1.0,41,36,0.6666666666666666,1,1
1257184,2021-04-23,Zimbabwe,Pakistan,Harare Sports Club,0.3,0.5427350427350427,0.0,0.8,0.3,0.7,0.0,70,234,0.13636363636363635,1,1
1257951,2021-04-24,Nepal,Netherlands,"Tribhuvan University International Cricket Ground, Kirtipur",0.5714285714285714,0.5135135135135135,0.8,0.8,0.8,0.8,0.4,42,74,0.75,1,1
1257185,2021-04-25,Pakistan,Zimbabwe,Harare Sports Club,0.5404255319148936,0.30985915492957744,0.6,0.2,0.7,0.3,0.9333333333333333,235,71,0.8461538461538461,1,1
1263708,2021-05-21,Luxembourg,Czech Republic,"Scott Page Field, Vinor",0.0,0.0,0.0,0.0,0.0,0.0,0.5,2,1,0.5,1,0
1263711,2021-05-22,Czech Republic,Luxembourg,"Scott Page Field, Vinor",0.5,0.0,0.5,0.0,0.5,0.0,1.0,2,3,1.0,1,0
1263710,2021-05-22,Austria,Czech Republic,"Scott Page Field, Vinor",0.0,0.3333333333333333,0.0,0.3333333333333333,0.0,0.3333333333333333,0.5,5,3,0.5,1,1
1263712,2021-05-23,Austria,Luxembourg,"Scott Page Field, Vinor",0.16666666666666666,0.25,0.2,0.25,0.16666666666666666,0.25,0.5,6,4,1.0,1,0
1263713,2021-05-23,Czech Republic,Austria,"Scott Page Field, Vinor",0.25,0.14285714285714285,0.25,0.2,0.25,0.14285714285714285,0.0,4,7,0.3333333333333333,1,0
1262918,2021-05-24,Scotland,Ireland,"Civil Service Cricket Club, Stormont, Belfast",0.55,0.4339622641509434,0.6,0.6,0.6,0.6,0.3,60,106,0.5,1,1
1262917,2021-05-25,Ireland,Scotland,"Civil Service Cricket Club, Stormont, Belfast",0.42990654205607476,0.5573770491803278,0.4,0.8,0.5,0.7,0.6363636363636364,107,61,0.0,1,1
1262919,2021-05-26,Ireland,Scotland,"Civil Service Cricket Club, Stormont, Belfast",0.4351851851851852,0.5483870967741935,0.6,0.6,0.6,0.6,0.6666666666666666,108,62,0.5,1,1
1262920,2021-05-27,Scotland,Ireland,"Civil Service Cricket Club, Stormont, Belfast",0.5396825396825397,0.44036697247706424,0.6,0.6,0.6,0.6,0.3076923076923077,63,109,0.3333333333333333,1,0
1265214,2021-06-06,Nigeria,Namibia,Gahanga International Cricket Stadium. Rwanda,0.2727272727272727,0.7567567567567568,0.0,0.6,0.2,0.8,0.5,11,37,0.0,1,0
1265215,2021-06-07,Botswana,Kenya,Gahanga International Cricket Stadium. Rwanda,0.125,0.38461538461538464,0.0,0.4,0.0,0.5,0.5,16,26,0.5,1,0
1265216,2021-06-07,Namibia,Rwanda,Gahanga International Cricket Stadium. Rwanda,0.7631578947368421,0.5,0.8,0.4,0.8,0.5,0.5,38,6,1.0,1,1
1265218,2021-06-08,Namibia,Botswana,Gahanga International Cricket Stadium. Rwanda,0.7692307692307693,0.11764705882352941,1.0,0.0,0.8,0.0,1.0,39,17,1.0,1,1
1265220,2021-06-09,Rwanda,Nigeria,Gahanga International Cricket Stadium. Rwanda,0.42857142857142855,0.25,0.4,0.0,0.42857142857142855,0.2,1.0,7,12,0.5,1,1
1265221,2021-06-10,Kenya,Rwanda,Gahanga International Cricket Stadium. Rwanda,0.4074074074074074,0.5,0.6,0.6,0.5,0.5,0.5,27,8,1.0,1,1
1265222,2021-06-10,Botswana,Nigeria,Gahanga International Cricket Stadium. Rwanda,0.1111111111111111,0.23076923076923078,0.0,0.0,0.0,0.1,0.0,18,13,0.0,1,0
1265223,2021-06-11,Namibia,Nigeria,Gahanga International Cricket Stadium. Rwanda,0.775,0.2857142857142857,1.0,0.2,0.8,0.1,1.0,40,14,1.0,1,1
1265224,2021-06-11,Kenya,Rwanda,Gahanga International Cricket Stadium. Rwanda,0.42857142857142855,0.4444444444444444,0.6,0.4,0.6,0.4444444444444444,1.0,28,9,1.0,1,1
1265225,2021-06-12,Rwanda,Nigeria,Gahanga International Cricket Stadium. Rwanda,0.4,0.26666666666666666,0.4,0.2,0.4,0.1,1.0,10,15,0.42857142857142855,1,1
1265226,2021-06-12,Namibia,Kenya,Gahanga International Cricket Stadium. Rwanda,0.7804878048780488,0.4482758620689655,1.0,0.6,0.8,0.6,1.0,41,29,1.0,1,0
1249206,2021-06-23,Sri Lanka,England,"Sophia Gardens, Cardiff",0.3854748603351955,0.6296296296296297,0.2,0.4,0.2,0.7,0.3076923076923077,179,216,0.5,1,0
1249207,2021-06-24,Sri Lanka,England,"Sophia Gardens, Cardiff",0.38333333333333336,0.631336405529954,0.2,0.4,0.2,0.7,0.2857142857142857,180,217,0.0,1,0
1267304,2021-06-24,Greece,Romania,"National Sports Academy, Sofia",0.5,0.6666666666666666,0.5,0.6666666666666666,0.5,0.6666666666666666,0.5,0,3,0.5,0,0
1267307,2021-06-25,Bulgaria,Romania,"National Sports Academy, Sofia",0.3333333333333333,0.75,0.3333333333333333,0.75,0.3333333333333333,0.75,0.3333333333333333,3,4,0.5,1,0
1267308,2021-06-25,Romania,Serbia,"National Sports Academy, Sofia",0.8,0.5,0.8,0.5,0.8,0.5,0.5,5,0,1.0,0,1
1267306,2021-06-25,Serbia,Greece,"National Sports Academy, Sofia",0.0,0.0,0.0,0.0,0.0,0.0,0.5,1,1,0.0,1,0
1267310,2021-06-26,Serbia,Romania,"National Sports Academy, Sofia",0.0,0.8333333333333334,0.0,1.0,0.0,0.8333333333333334,0.0,2,6,0.0,1,0
1249208,2021-06-26,England,Sri Lanka,"The Rose Bowl, Southampton",0.6330275229357798,0.3812154696132597,0.6,0.2,0.7,0.2,0.7333333333333333,218,181,0.5,1,1
1263151,2021-06-26,South Africa,West Indies,"National Cricket Stadium, St George's, Grenada",0.5198019801980198,0.45108695652173914,0.2,0.4,0.4,0.2,0.5,202,184,0.5,1,0
1263152,2021-06-27,South Africa,West Indies,"National Cricket Stadium, St George's, Grenada",0.5172413793103449,0.4540540540540541,0.2,0.6,0.4,0.3,0.47619047619047616,203,185,0.0,1,1
1263153,2021-06-29,South Africa,West Indies,"National Cricket Stadium, St George's, Grenada",0.5196078431372549,0.45161290322580644,0.4,0.6,0.4,0.3,0.5,204,186,0.5,1,1
1267322,2021-06-30,West Indies,Pakistan,"Sir Vivian Richards Stadium, North Sound, Antigua",0.44919786096256686,0.5423728813559322,0.4,0.8,0.3,0.7,0.3157894736842105,187,236,0.5,1,1
1263154,2021-07-01,West Indies,South Africa,"National Cricket Stadium, St George's, Grenada",0.4521276595744681,0.5219512195121951,0.6,0.4,0.4,0.5,0.4782608695652174,188,205,0.3333333333333333,1,1
1267323,2021-07-02,West Indies,Pakistan,"Coolidge Cricket Ground, Antigua",0.455026455026455,0.540084388185654,0.6,0.6,0.5,0.6,0.35,189,237,0.6666666666666666,1,1
1263155,2021-07-03,South Africa,West Indies,"National Cricket Stadium, St George's, Grenada",0.5194174757281553,0.45789473684210524,0.4,0.6,0.4,0.6,0.5,206,190,0.5,1,1
1267324,2021-07-04,Pakistan,West Indies,"Sir Vivian Richards Stadium, North Sound, Antigua",0.5378151260504201,0.45549738219895286,0.4,0.6,0.6,0.6,0.6190476190476191,238,191,0.0,1,0
1268188,2021-07-08,Belgium,Malta,Marsa Sports Club,1.0,0.5,1.0,0.5,1.0,0.5,0.5,3,0,0.5,0,0
1268189,2021-07-08,Malta,Belgium,Marsa Sports Club,1.0,0.75,1.0,0.75,1.0,0.75,1.0,1,4,1.0,1,0
1268747,2021-07-08,France,Germany,Bayer Uerdingen Cricket Ground,0.5,0.7777777777777778,0.5,1.0,0.5,0.9,0.5,0,18,0.5,0,0
1268748,2021-07-08,France,Germany,Bayer Uerdingen Cricket Ground,0.0,0.7894736842105263,0.0,1.0,0.0,0.9,0.0,1,19,0.0,1,0
1263156,2021-07-09,West Indies,Australia,"Daren Sammy National Cricket Stadium, Gros Islet, St Lucia",0.4583333333333333,0.6238532110091743,0.8,0.6,0.6,0.4,0.35,192,218,0.5,1,1
1268190,2021-07-09,Malta,Belgium,Marsa Sports Club,0.5,0.8,0.5,0.8,0.5,0.8,0.5,2,5,0.5,1,0
1268749,2021-07-09,Germany,France,Bayer Uerdingen Cricket Ground,0.8,0.0,1.0,0.0,0.9,0.0,1.0,20,2,1.0,1,1
1260097,2021-07-09,England,India,"County Ground, Northampton",0.634703196347032,0.6067961165048543,0.6,0.6,0.7,0.5,0.6363636363636364,219,206,0.5,1,1
1268191,2021-07-10,Belgium,Malta,Marsa Sports Club,0.8333333333333334,0.3333333333333333,0.8,0.3333333333333333,0.8333333333333334,0.3333333333333333,0.6666666666666666,6,3,0.6666666666666666,1,0
1268192,2021-07-10,Belgium,Malta,Marsa Sports Club,0.7142857142857143,0.5,0.6,0.5,0.7142857142857143,0.5,0.5,7,4,0.5,1,1
1263157,2021-07-10,West Indies,Australia,"Daren Sammy National Cricket Stadium, Gros Islet, St Lucia",0.46113989637305697,0.6210045662100456,0.8,0.4,0.7,0.4,0.38095238095238093,193,219,1.0,1,1
1260098,2021-07-11,India,England,"County Ground, Hove",0.6038647342995169,0.6363636363636364,0.4,0.8,0.4,0.7,0.35294117647058826,207,220,0.5,1,1
1263158,2021-07-12,Australia,West Indies,"Daren Sammy National Cricket Stadium, Gros Islet, St Lucia",0.6181818181818182,0.4639175257731959,0.2,0.8,0.4,0.7,0.5909090909090909,220,194,0.0,1,0
1263159,2021-07-14,Australia,West Indies,"Daren Sammy National Cricket Stadium, Gros Islet, St Lucia",0.6153846153846154,0.4666666666666667,0.2,0.8,0.3,0.7,0.5652173913043478,221,195,0.0,1,1
1260099,2021-07-14,India,England,"County Ground, Chelmsford",0.6057692307692307,0.6334841628959276,0.6,0.8,0.5,0.6,0.37142857142857144,208,221,0.5,1,0
1263160,2021-07-16,West Indies,Australia,"Daren Sammy National Cricket Stadium, Gros Islet, St Lucia",0.4642857142857143,0.6171171171171171,0.8,0.2,0.7,0.4,0.4166666666666667,196,222,0.75,1,1
1239540,2021-07-16,Pakistan,England,"Trent Bridge, Nottingham",0.5355648535564853,0.6351351351351351,0.2,0.8,0.5,0.6,0.20689655172413793,239,222,0.5,1,1
1239541,2021-07-18,England,Pakistan,"Headingley, Leeds",0.6322869955156951,0.5375,0.6,0.4,0.6,0.5,0.7666666666666667,223,240,0.5,1,1
1251953,2021-07-19,South Africa,Ireland,"The Village, Malahide, Dublin",0.5217391304347826,0.44545454545454544,0.6,0.6,0.4,0.7,1.0,207,110,0.5,1,1
1239542,2021-07-20,Pakistan,England,"Old Trafford, Manchester",0.5352697095435685,0.6339285714285714,0.2,0.6,0.5,0.6,0.22580645161290322,241,224,0.5,1,0
1251954,2021-07-22,South Africa,Ireland,"Civil Service Cricket Club, Stormont, Belfast",0.5240384615384616,0.44144144144144143,0.8,0.6,0.5,0.6,1.0,208,111,0.5,1,1
1267680,2021-07-22,Zimbabwe,Bangladesh,Harare Sports Club,0.3055555555555556,0.3656716417910448,0.2,0.4,0.3,0.2,0.3333333333333333,72,134,0.16666666666666666,1,0
1267681,2021-07-23,Zimbabwe,Bangladesh,Harare Sports Club,0.3013698630136986,0.37037037037037035,0.2,0.4,0.2,0.3,0.3076923076923077,73,135,0.16,1,1
1251955,2021-07-24,South Africa,Ireland,"Civil Service Cricket Club, Stormont, Belfast",0.5263157894736842,0.4375,0.8,0.6,0.6,0.5,1.0,209,112,1.0,1,1
1267682,2021-07-25,Zimbabwe,Bangladesh,Harare Sports Club,0.3108108108108108,0.36764705882352944,0.4,0.2,0.2,0.3,0.35714285714285715,74,136,0.19230769230769232,1,0
1262758,2021-07-25,India,Sri Lanka,"R Premadasa Stadium, Colombo",0.6028708133971292,0.3791208791208791,0.4,0.2,0.5,0.2,0.76,209,182,0.5,1,1
1268757,2021-07-26,Ireland,Netherlands,"The Village, Malahide, Dublin",0.4336283185840708,0.5066666666666667,0.4,0.6,0.5,0.7,0.46153846153846156,113,75,0.0,1,1
1262759,2021-07-28,India,Sri Lanka,"R Premadasa Stadium, Colombo",0.6047619047619047,0.3770491803278688,0.6,0.0,0.5,0.2,0.7692307692307693,210,183,1.0,1,0
1268759,2021-07-29,Netherlands,Ireland,"The Village, Malahide, Dublin",0.5,0.43859649122807015,0.4,0.4,0.7,0.5,0.5,76,114,0.0,1,0
1262760,2021-07-29,India,Sri Lanka,"R Premadasa Stadium, Colombo",0.6018957345971564,0.3804347826086957,0.4,0.2,0.5,0.2,0.7407407407407407,211,184,0.5,1,0
1268760,2021-07-30,Ireland,Netherlands,"The Village, Malahide, Dublin",0.4434782608695652,0.4935064935064935,0.4,0.4,0.5,0.6,0.5333333333333333,115,77,0.5,1,0
1263165,2021-07-31,Pakistan,West Indies,"Providence Stadium, Guyana",0.5330578512396694,0.467005076142132,0.2,0.8,0.4,0.8,0.5909090909090909,242,197,0.5,1,1
1270834,2021-08-03,Bangladesh,Australia,"Shere Bangla National Stadium, Mirpur",0.3722627737226277,0.6143497757847534,0.4,0.2,0.4,0.4,0.0,137,223,0.6666666666666666,1,1
1270835,2021-08-04,Australia,Bangladesh,"Shere Bangla National Stadium, Mirpur",0.6116071428571429,0.37681159420289856,0.2,0.6,0.3,0.5,0.8333333333333334,224,138,0.0,1,0
1271446,2021-08-05,Norway,France,Bayer Uerdingen Cricket Ground,0.0,0.0,0.0,0.0,0.0,0.0,0.5,4,3,0.5,1,0
1271445,2021-08-05,Norway,Germany,Bayer Uerdingen Cricket Ground,0.0,0.8095238095238095,0.0,1.0,0.0,0.9,0.0,5,21,0.0,1,0
1271447,2021-08-06,France,Germany,Bayer Uerdingen Cricket Ground,0.25,0.8181818181818182,0.25,1.0,0.25,0.9,0.0,4,22,0.25,1,0
1270836,2021-08-06,Bangladesh,Australia,"Shere Bangla National Stadium, Mirpur",0.381294964028777,0.6088888888888889,0.8,0.2,0.6,0.2,0.2857142857142857,139,225,0.75,1,1
1270837,2021-08-07,Bangladesh,Australia,"Shere Bangla National Stadium, Mirpur",0.38571428571428573,0.6061946902654868,0.8,0.2,0.6,0.2,0.375,140,226,0.7777777777777778,1,0
1271449,2021-08-07,Norway,France,Bayer Uerdingen Cricket Ground,0.0,0.2,0.0,0.2,0.0,0.2,0.0,6,5,0.0,1,1
1271448,2021-08-07,Germany,France,Bayer Uerdingen Cricket Ground,0.8260869565217391,0.16666666666666666,1.0,0.2,1.0,0.16666666666666666,1.0,23,6,1.0,1,1
1271450,2021-08-08,Norway,Germany,Bayer Uerdingen Cricket Ground,0.14285714285714285,0.8333333333333334,0.2,1.0,0.14285714285714285,1.0,0.0,7,24,0.3333333333333333,1,1
1271451,2021-08-08,Norway,Germany,Bayer Uerdingen Cricket Ground,0.25,0.8,0.4,0.8,0.25,0.9,0.3333333333333333,8,25,0.5,1,0
1270838,2021-08-09,Bangladesh,Australia,"Shere Bangla National Stadium, Mirpur",0.3829787234042553,0.6079295154185022,0.8,0.2,0.5,0.2,0.3333333333333333,141,227,0.7,1,1
1273133,2021-08-14,Denmark,Sweden,"Svanholm Park, Brondby",0.4,0.5,0.4,0.5,0.4,0.5,0.5,5,0,0.5,0,0
1273134,2021-08-15,Sweden,Denmark,"Svanholm Park, Brondby",1.0,0.3333333333333333,1.0,0.4,1.0,0.3333333333333333,1.0,1,6,1.0,1,0
1273141,2021-08-18,Ghana,Rwanda,Gahanga International Cricket Stadium. Rwanda,0.0,0.45454545454545453,0.0,0.4,0.0,0.4,0.5,4,11,0.5,1,0
1273136,2021-08-20,Gibraltar,Malta,Gucherre Cricket Ground,0.0,0.4,0.0,0.4,0.0,0.4,0.5,3,5,0.5,1,0
1273144,2021-08-20,Ghana,Rwanda,Gahanga International Cricket Stadium. Rwanda,0.0,0.5,0.0,0.6,0.0,0.5,0.0,5,12,0.0,1,1
1273143,2021-08-20,Rwanda,Ghana,Gahanga International Cricket Stadium. Rwanda,0.46153846153846156,0.16666666666666666,0.4,0.2,0.5,0.16666666666666666,0.5,13,6,0.5,1,1
1273138,2021-08-21,Malta,Gibraltar,Gucherre Cricket Ground,0.5,0.0,0.4,0.0,0.5,0.0,1.0,6,4,1.0,1,1
1273146,2021-08-21,Sweden,Finland,Kerava National Cricket Ground,0.5,0.5,0.5,0.5,0.5,0.5,0.5,2,0,0.5,0,0
1273147,2021-08-21,Sweden,Finland,Kerava National Cricket Ground,0.3333333333333333,1.0,0.3333333333333333,1.0,0.3333333333333333,1.0,0.0,3,1,0.0,1,0
1273145,2021-08-21,Rwanda,Ghana,Gahanga International Cricket Stadium. Rwanda,0.5,0.14285714285714285,0.6,0.2,0.5,0.14285714285714285,0.6666666666666666,14,7,0.5454545454545454,1,0
1273139,2021-08-22,Portugal,Gibraltar,Gucherre Cricket Ground,0.3333333333333333,0.0,0.3333333333333333,0.0,0.3333333333333333,0.0,1.0,3,5,0.5,1,1
1273149,2021-08-22,Finland,Sweden,Kerava National Cricket Ground,1.0,0.25,1.0,0.25,1.0,0.25,1.0,2,4,1.0,1,0
1273148,2021-08-22,Finland,Sweden,Kerava National Cricket Ground,0.6666666666666666,0.4,0.6666666666666666,0.4,0.6666666666666666,0.4,0.6666666666666666,3,5,0.6666666666666666,1,0
1274596,2021-08-26,Ireland,Germany,La Manga Club Bottom Ground,0.4396551724137931,0.8076923076923077,0.4,0.8,0.5,0.9,0.5,116,26,0.5,1,1
1274597,2021-08-26,France,Netherlands,La Manga Club Top Ground,0.14285714285714285,0.5,0.2,0.4,0.14285714285714285,0.6,0.5,7,78,0.5,1,0
1274595,2021-08-26,Netherlands,Scotland,La Manga Club Top Ground,0.5063291139240507,0.53125,0.4,0.4,0.6,0.5,0.4,79,64,1.0,1,0
1274602,2021-08-27,Germany,Netherlands,La Manga Club Bottom Ground,0.7777777777777778,0.5,0.6,0.4,0.8,0.5,0.0,27,80,0.0,1,0
1274600,2021-08-27,France,Germany,La Manga Club Bottom Ground,0.125,0.75,0.2,0.4,0.125,0.7,0.0,8,28,0.5,1,0
1272900,2021-08-27,Thailand,Zimbabwe,"Takashinga Sports Club, Highfield, Harare",0.5,0.30666666666666664,0.0,0.4,0.2,0.2,0.5,34,75,0.5,1,0
1274601,2021-08-27,Ireland,Scotland,La Manga Club Top Ground,0.4444444444444444,0.5384615384615384,0.6,0.4,0.6,0.5,0.7142857142857143,117,65,0.5,1,0
1272373,2021-08-27,Zimbabwe,Ireland,"Castle Avenue, Dublin",0.3157894736842105,0.4406779661016949,0.4,0.6,0.3,0.5,0.3333333333333333,76,118,0.5,1,1
1272901,2021-08-28,Thailand,Zimbabwe,"Takashinga Sports Club, Highfield, Harare",0.4857142857142857,0.3246753246753247,0.0,0.6,0.1,0.4,0.0,35,77,0.0,1,1
1274608,2021-08-29,Germany,Scotland,La Manga Club Top Ground,0.7586206896551724,0.5454545454545454,0.4,0.4,0.7,0.6,0.0,29,66,0.0,1,0
1272374,2021-08-29,Zimbabwe,Ireland,"Castle Avenue, Dublin",0.32051282051282054,0.4369747899159664,0.6,0.4,0.4,0.4,0.5,78,119,1.0,1,0
1275074,2021-08-29,Norway,Sweden,Guttsta Wicked Cricket Club,0.2222222222222222,0.5,0.4,0.4,0.2222222222222222,0.5,0.5,9,6,0.5,1,0
1274604,2021-08-29,France,Ireland,La Manga Club Bottom Ground,0.1111111111111111,0.44166666666666665,0.0,0.4,0.1111111111111111,0.4,0.5,9,120,0.0,1,0
1274606,2021-08-30,France,Scotland,La Manga Club Bottom Ground,0.1,0.5522388059701493,0.0,0.6,0.1,0.6,0.5,10,67,0.0,1,0
1274609,2021-08-30,Ireland,Netherlands,La Manga Club Top Ground,0.4462809917355372,0.5061728395061729,0.6,0.6,0.5,0.5,0.5,121,81,0.0,1,1
1272902,2021-08-30,Thailand,Zimbabwe,"Takashinga Sports Club, Highfield, Harare",0.5,0.31645569620253167,0.2,0.4,0.1,0.4,0.5,36,79,0.5,1,1
1272375,2021-09-01,Ireland,Zimbabwe,"Bready Cricket Club, Magheramason, Bready",0.45081967213114754,0.3125,0.6,0.4,0.6,0.4,0.6,122,80,0.5,1,1
1272093,2021-09-01,New Zealand,Bangladesh,"Shere Bangla National Stadium, Mirpur",0.5482233502538071,0.3873239436619718,0.8,0.8,0.5,0.6,1.0,197,142,0.5,1,0
1260100,2021-09-01,England,New Zealand,"County Ground, Chelmsford",0.6355555555555555,0.5454545454545454,0.6,0.8,0.7,0.5,0.7586206896551724,225,198,1.0,1,1
1275269,2021-09-02,Luxembourg,Bulgaria,"Moara Vlasiei Cricket Ground, Ilfov County",0.4,0.25,0.4,0.25,0.4,0.25,0.5,5,4,0.5,1,1
1275270,2021-09-02,Hungary,Czech Republic,"Moara Vlasiei Cricket Ground, Ilfov County",0.5,0.2,0.5,0.2,0.5,0.2,0.5,0,5,0.5,0,1
1272376,2021-09-02,Ireland,Zimbabwe,"Bready Cricket Club, Magheramason, Bready",0.45528455284552843,0.30864197530864196,0.8,0.2,0.7,0.3,0.6666666666666666,123,81,1.0,1,1
1273416,2021-09-02,South Africa,West Indies,"Sir Vivian Richards Stadium, North Sound, Antigua",0.5285714285714286,0.46464646464646464,0.8,0.6,0.6,0.7,0.52,210,198,0.5,1,1
1275268,2021-09-03,Romania,Czech Republic,"Moara Vlasiei Cricket Ground, Ilfov County",0.8571428571428571,0.16666666666666666,1.0,0.2,0.8571428571428571,0.16666666666666666,0.5,7,6,0.5,1,1
1275271,2021-09-03,Bulgaria,Malta,"Moara Vlasiei Cricket Ground, Ilfov County",0.2,0.5714285714285714,0.2,0.6,0.2,0.5714285714285714,0.5,5,7,0.0,1,0
1272094,2021-09-03,Bangladesh,New Zealand,"Shere Bangla National Stadium, Mirpur",0.3916083916083916,0.542713567839196,0.8,0.6,0.7,0.5,0.08333333333333333,143,199,0.75,1,1
1275272,2021-09-03,Romania,Hungary,"Moara Vlasiei Cricket Ground, Ilfov County",0.875,1.0,1.0,1.0,0.875,1.0,0.5,8,1,1.0,1,1
1275274,2021-09-04,Luxembourg,Hungary,"Moara Vlasiei Cricket Ground, Ilfov County",0.5,0.5,0.6,0.5,0.5,0.5,0.5,6,2,1.0,1,1
1272377,2021-09-04,Zimbabwe,Ireland,"Bready Cricket Club, Magheramason, Bready",0.3048780487804878,0.4596774193548387,0.0,1.0,0.3,0.7,0.2857142857142857,82,124,0.0,1,1
1260101,2021-09-04,England,New Zealand,"County Ground, Hove",0.6371681415929203,0.54,0.8,0.4,0.8,0.5,0.7666666666666667,226,200,0.0,1,0
1275275,2021-09-04,Romania,Malta,"Moara Vlasiei Cricket Ground, Ilfov County",0.8888888888888888,0.625,1.0,0.8,0.8888888888888888,0.625,0.5,9,8,1.0,1,1
1273417,2021-09-04,South Africa,West Indies,"Sir Vivian Richards Stadium, North Sound, Antigua",0.5308056872037915,0.4623115577889447,1.0,0.4,0.7,0.6,0.5384615384615384,211,199,1.0,1,0
1272095,2021-09-05,New Zealand,Bangladesh,"Shere Bangla National Stadium, Mirpur",0.5422885572139303,0.3958333333333333,0.4,0.8,0.5,0.8,0.8461538461538461,201,144,0.0,1,1
1275277,2021-09-05,Romania,Luxembourg,"Moara Vlasiei Cricket Ground, Ilfov County",0.9,0.5714285714285714,1.0,0.8,0.9,0.5714285714285714,0.5,10,7,1.0,1,1
1275276,2021-09-05,Malta,Hungary,"Moara Vlasiei Cricket Ground, Ilfov County",0.5555555555555556,0.3333333333333333,0.6,0.3333333333333333,0.5555555555555556,0.3333333333333333,0.5,9,3,0.5,1,0
1272096,2021-09-08,New Zealand,Bangladesh,"Shere Bangla National Stadium, Mirpur",0.5445544554455446,0.3931034482758621,0.4,0.6,0.6,0.7,0.8571428571428571,202,145,0.3333333333333333,1,0
1260102,2021-09-09,New Zealand,England,"The Cooper Associates County Ground, Taunton",0.541871921182266,0.6343612334801763,0.4,0.6,0.6,0.7,0.25806451612903225,203,227,0.5,1,0
1275107,2021-09-09,Sierra Leone,Nigeria,"Botswana Cricket Association Oval 2, Gaborone",0.42857142857142855,0.25,0.4,0.2,0.42857142857142855,0.1,0.5,7,16,0.5,1,0
1275106,2021-09-09,Botswana,Eswatini,"Botswana Cricket Association Oval 1, Gaborone",0.10526315789473684,0.5,0.0,0.5,0.0,0.5,0.5,19,0,0.5,0,1
1275104,2021-09-09,Mozambique,Rwanda,"Botswana Cricket Association Oval 1, Gaborone",0.16666666666666666,0.4666666666666667,0.2,0.6,0.16666666666666666,0.5,0.0,6,15,0.5,1,0
1275044,2021-09-10,Kenya,Uganda,Entebbe Cricket Oval,0.4666666666666667,0.375,0.8,0.2,0.6,0.4,0.5,30,16,0.5,1,1
1275110,2021-09-10,Botswana,Mozambique,"Botswana Cricket Association Oval 1, Gaborone",0.15,0.14285714285714285,0.2,0.0,0.1,0.14285714285714285,1.0,20,7,1.0,1,1
1275052,2021-09-10,Spain,Germany,"Desert Springs Cricket Ground, Almeria",0.8333333333333334,0.7333333333333333,0.8,0.4,0.8333333333333334,0.6,0.5,6,30,0.5,1,0
1271630,2021-09-10,South Africa,Sri Lanka,"R Premadasa Stadium, Colombo",0.5283018867924528,0.3837837837837838,0.8,0.4,0.7,0.3,0.6521739130434783,212,185,0.5,1,1
1272097,2021-09-10,New Zealand,Bangladesh,"Shere Bangla National Stadium, Mirpur",0.5392156862745098,0.3972602739726027,0.4,0.8,0.5,0.8,0.8,204,146,0.25,1,1
1275108,2021-09-10,Tanzania,Zimbabwe,"Botswana Cricket Association Oval 1, Gaborone",0.6666666666666666,0.3132530120481928,0.6666666666666666,0.2,0.6666666666666666,0.4,0.0,3,83,0.5,1,0
1275111,2021-09-10,Namibia,Nigeria,"Botswana Cricket Association Oval 2, Gaborone",0.7619047619047619,0.29411764705882354,0.8,0.4,0.7,0.2,1.0,42,17,0.5,1,1
1275115,2021-09-11,Uganda,Nigeria,"Botswana Cricket Association Oval 2, Gaborone",0.35294117647058826,0.2777777777777778,0.2,0.4,0.3,0.2,0.5,17,18,0.5,1,1
1275112,2021-09-11,Eswatini,Zimbabwe,"Botswana Cricket Association Oval 1, Gaborone",0.0,0.32142857142857145,0.0,0.4,0.0,0.4,0.5,1,84,0.0,1,0
1275039,2021-09-11,Nigeria,Kenya,Entebbe Cricket Oval,0.2631578947368421,0.4838709677419355,0.2,1.0,0.2,0.7,0.5,19,31,0.5,1,0
1275053,2021-09-11,Germany,Spain,"Desert Springs Cricket Ground, Almeria",0.7419354838709677,0.7142857142857143,0.4,0.6,0.6,0.7142857142857143,0.6666666666666666,31,7,1.0,1,0
1275054,2021-09-11,Germany,Spain,"Desert Springs Cricket Ground, Almeria",0.71875,0.75,0.4,0.6,0.5,0.75,0.5,32,8,0.5,1,0
1275114,2021-09-11,Tanzania,Mozambique,"Botswana Cricket Association Oval 1, Gaborone",0.5,0.125,0.5,0.0,0.5,0.125,0.5,4,8,0.0,1,1
1275040,2021-09-11,Uganda,Nigeria,Entebbe Cricket Oval,0.3888888888888889,0.25,0.2,0.2,0.3,0.2,1.0,18,20,0.0,1,1
1271631,2021-09-12,Sri Lanka,South Africa,"R Premadasa Stadium, Colombo",0.3817204301075269,0.5305164319248826,0.4,0.8,0.3,0.8,0.3333333333333333,186,213,0.5,1,0
1275116,2021-09-12,Rwanda,Eswatini,"Botswana Cricket Association Oval 1, Gaborone",0.5,0.0,0.6,0.0,0.5,0.0,0.5,16,2,1.0,1,1
1275043,2021-09-13,Nigeria,Uganda,Entebbe Cricket Oval,0.23809523809523808,0.42105263157894735,0.2,0.4,0.2,0.4,0.0,21,19,0.0,1,0
1275042,2021-09-13,Kenya,Nigeria,Entebbe Cricket Oval,0.5,0.22727272727272727,1.0,0.0,0.8,0.2,1.0,32,22,1.0,1,1
1275118,2021-09-13,Tanzania,Rwanda,"Botswana Cricket Association Oval 1, Gaborone",0.6,0.5294117647058824,0.6,0.6,0.6,0.6,1.0,5,17,0.5,1,1
1275122,2021-09-14,Tanzania,Eswatini,"Botswana Cricket Association Oval 1, Gaborone",0.6666666666666666,0.0,0.8,0.0,0.6666666666666666,0.0,0.5,6,3,0.6666666666666666,1,1
1275125,2021-09-14,Sierra Leone,Uganda,"Botswana Cricket Association Oval 2, Gaborone",0.375,0.45,0.2,0.6,0.375,0.5,0.0,8,20,0.0,1,0
1271632,2021-09-14,Sri Lanka,South Africa,"R Premadasa Stadium, Colombo",0.37967914438502676,0.5327102803738317,0.4,0.8,0.3,0.8,0.32,187,214,0.4,1,0
1275113,2021-09-15,Cameroon,Sierra Leone,"Botswana Cricket Association Oval 2, Gaborone",0.5,0.3333333333333333,0.5,0.0,0.5,0.3333333333333333,0.5,0,9,0.5,0,0
1273271,2021-09-15,Scotland,Zimbabwe,"Grange Cricket Club Ground, Raeburn Place, Edinburgh",0.5588235294117647,0.32941176470588235,0.8,0.6,0.7,0.5,0.0,68,85,0.5,1,1
1275047,2021-09-15,Uganda,Nigeria,Entebbe Cricket Oval,0.47619047619047616,0.21739130434782608,0.8,0.0,0.5,0.2,1.0,21,23,0.6666666666666666,1,1
1275045,2021-09-16,Nigeria,Kenya,Entebbe Cricket Oval,0.20833333333333334,0.5151515151515151,0.0,1.0,0.1,0.8,0.0,24,33,0.0,1,1
1275127,2021-09-16,Zimbabwe,Rwanda,"Botswana Cricket Association Oval 2, Gaborone",0.32558139534883723,0.5,0.6,0.6,0.4,0.5,1.0,86,18,0.5,1,1
1275126,2021-09-16,Mozambique,Eswatini,"Botswana Cricket Association Oval 1, Gaborone",0.1111111111111111,0.0,0.0,0.0,0.1111111111111111,0.0,0.5,9,4,0.0,1,1
1275128,2021-09-16,Botswana,Tanzania,"Botswana Cricket Association Oval 1, Gaborone",0.19047619047619047,0.7142857142857143,0.4,0.8,0.2,0.7142857142857143,0.5,21,7,1.0,1,0
1275051,2021-09-17,Uganda,Kenya,Entebbe Cricket Oval,0.5,0.5,1.0,0.8,0.6,0.7,0.3333333333333333,22,34,0.75,1,1
1273272,2021-09-17,Zimbabwe,Scotland,"Grange Cricket Club Ground, Raeburn Place, Edinburgh",0.3333333333333333,0.5652173913043478,0.8,1.0,0.4,0.7,0.5,87,69,0.0,1,1
1275129,2021-09-17,Zimbabwe,Uganda,"Botswana Cricket Association Oval 1, Gaborone",0.3409090909090909,0.5217391304347826,0.8,1.0,0.5,0.6,0.5,88,23,1.0,1,1
1273273,2021-09-19,Scotland,Zimbabwe,"Grange Cricket Club Ground, Raeburn Place, Edinburgh",0.5571428571428572,0.34831460674157305,0.8,0.8,0.6,0.6,0.3333333333333333,70,89,0.5,1,0
1275131,2021-09-19,Uganda,Tanzania,"Botswana Cricket Association Oval 1, Gaborone",0.5,0.75,0.8,0.8,0.6,0.75,0.0,24,8,0.0,1,0
1275132,2021-09-19,Zimbabwe,Namibia,"Botswana Cricket Association Oval 1, Gaborone",0.35555555555555557,0.7674418604651163,0.8,0.8,0.7,0.8,1.0,90,43,1.0,1,1
1279380,2021-10-05,Estonia,Cyprus,Happy Valley Ground,0.5,0.5,0.5,0.5,0.5,0.5,0.5,0,0,0.5,0,0
1279379,2021-10-05,Estonia,Cyprus,Happy Valley Ground,0.0,1.0,0.0,1.0,0.0,1.0,0.0,1,1,0.0,1,0
1279381,2021-10-06,Cyprus,Isle of Man,Happy Valley Ground,1.0,0.0,1.0,0.0,1.0,0.0,0.5,2,1,1.0,1,0
1279382,2021-10-06,Estonia,Isle of Man,Happy Valley Ground,0.0,0.5,0.0,0.5,0.0,0.5,0.5,2,2,0.0,1,0
1280060,2021-10-07,United Arab Emirates,Ireland,"ICC Academy, Dubai",0.5,0.456,0.6,0.8,0.7,0.6,0.4,48,125,0.5,1,0
1279383,2021-10-07,Cyprus,Isle of Man,Happy Valley Ground,0.6666666666666666,0.6666666666666666,0.6666666666666666,0.6666666666666666,0.6666666666666666,0.6666666666666666,0.0,3,3,0.6666666666666666,1,0
1279385,2021-10-08,Cyprus,Estonia,Happy Valley Ground,0.5,0.0,0.5,0.0,0.5,0.0,1.0,4,3,0.5,1,1
1279386,2021-10-08,Estonia,Isle of Man,Happy Valley Ground,0.0,0.75,0.0,0.75,0.0,0.75,0.0,4,4,0.0,1,0
1280063,2021-10-08,Papua New Guinea,Scotland,"ICC Academy, Dubai",0.6363636363636364,0.5492957746478874,0.8,0.6,0.6,0.5,0.3333333333333333,33,71,0.5,1,0
1280061,2021-10-08,United Arab Emirates,Ireland,"ICC Academy, Dubai",0.4897959183673469,0.4603174603174603,0.6,0.8,0.6,0.7,0.3333333333333333,49,126,0.0,1,1
1280058,2021-10-09,Scotland,Namibia,"ICC Academy, Dubai",0.5555555555555556,0.75,0.6,0.6,0.6,0.8,0.5,72,44,1.0,1,0
1263622,2021-10-09,India,Australia,Carrara Oval,0.5990566037735849,0.6052631578947368,0.4,0.2,0.4,0.2,0.5,212,228,0.5,1,0
1280062,2021-10-10,Ireland,United Arab Emirates,"ICC Academy, Dubai",0.4566929133858268,0.5,0.6,0.8,0.6,0.6,0.5714285714285714,127,50,0.5,1,0
1263623,2021-10-10,Australia,India,Carrara Oval,0.6069868995633187,0.596244131455399,0.4,0.2,0.3,0.4,0.5142857142857142,229,213,0.5,1,1
1280059,2021-10-10,Namibia,Papua New Guinea,"ICC Academy, Dubai",0.7555555555555555,0.6176470588235294,0.6,0.6,0.8,0.6,0.0,45,34,1.0,1,1
1282738,2021-10-15,Jersey,Germany,"Desert Springs Cricket Ground, Almeria",0.6,0.696969696969697,0.4,0.4,0.6,0.4,0.0,10,33,0.5,1,1
1282739,2021-10-15,Denmark,Italy,"Desert Springs Cricket Ground, Almeria",0.42857142857142855,0.5,0.4,0.5,0.42857142857142855,0.5,1.0,7,4,0.5,1,0
1283024,2021-10-16,Malawi,Uganda,Integrated Polytechnic Regional Centre,0.3333333333333333,0.48,0.3333333333333333,0.6,0.3333333333333333,0.6,0.5,3,25,0.5,1,0
1283023,2021-10-16,Seychelles,Ghana,Gahanga International Cricket Stadium. Rwanda,0.5,0.25,0.5,0.4,0.5,0.25,0.5,0,8,0.5,0,0
1282740,2021-10-16,Denmark,Germany,"Desert Springs Cricket Ground, Almeria",0.375,0.6764705882352942,0.4,0.2,0.375,0.3,0.0,8,34,0.0,1,0
1283021,2021-10-16,Rwanda,Ghana,Gahanga International Cricket Stadium. Rwanda,0.47368421052631576,0.3333333333333333,0.4,0.6,0.5,0.3333333333333333,0.5,19,9,0.5,1,0
1282741,2021-10-16,Jersey,Italy,"Desert Springs Cricket Ground, Almeria",0.6363636363636364,0.6,0.6,0.6,0.6,0.6,1.0,11,5,1.0,1,1
1282743,2021-10-17,Italy,Germany,"Desert Springs Cricket Ground, Almeria",0.5,0.6857142857142857,0.4,0.4,0.5,0.4,1.0,6,35,0.5,1,0
1273713,2021-10-17,Scotland,Bangladesh,Al Amerat Cricket Ground Oman Cricket (Ministry Turf 1),0.547945205479452,0.3945578231292517,0.4,0.6,0.6,0.7,0.0,73,147,0.6666666666666666,1,1
1283025,2021-10-17,Lesotho,Seychelles,Gahanga International Cricket Stadium. Rwanda,0.0,0.0,0.0,0.0,0.0,0.0,0.5,5,1,0.5,1,0
1283026,2021-10-17,Swaziland,Malawi,Integrated Polytechnic Regional Centre,0.5,0.25,0.5,0.25,0.5,0.25,0.5,0,4,0.5,0,0
1283028,2021-10-17,Uganda,Rwanda,Integrated Polytechnic Regional Centre,0.5,0.45,0.6,0.4,0.7,0.5,1.0,26,20,1.0,1,1
1273712,2021-10-17,Papua New Guinea,Oman,Al Amerat Cricket Ground Oman Cricket (Ministry Turf 1),0.6,0.45161290322580644,0.4,0.2,0.6,0.3,0.5,35,31,0.5,1,0
1282742,2021-10-17,Jersey,Denmark,"Desert Springs Cricket Ground, Almeria",0.6666666666666666,0.3333333333333333,0.6,0.4,0.6,0.3333333333333333,1.0,12,9,1.0,1,1
1273715,2021-10-18,Namibia,Sri Lanka,"Zayed Cricket Stadium, Abu Dhabi",0.7608695652173914,0.3776595744680851,0.6,0.4,0.8,0.2,0.5,46,188,0.5,1,0
1273714,2021-10-18,Netherlands,Ireland,"Zayed Cricket Stadium, Abu Dhabi",0.5,0.453125,0.6,0.4,0.5,0.6,0.47058823529411764,82,128,0.5,1,0
1283029,2021-10-19,Malawi,Ghana,Gahanga International Cricket Stadium. Rwanda,0.4,0.4,0.4,0.8,0.4,0.4,0.5,5,10,0.5,1,0
1283089,2021-10-19,Nigeria,Sierra Leone,University of Lagos Cricket Oval,0.24,0.4,0.2,0.2,0.2,0.4,1.0,25,10,0.5,1,0
1282745,2021-10-19,Germany,Jersey,"Desert Springs Cricket Ground, Almeria",0.6944444444444444,0.6923076923076923,0.4,0.8,0.4,0.6,0.5,36,13,0.5,1,0
1282744,2021-10-19,Italy,Denmark,"Desert Springs Cricket Ground, Almeria",0.42857142857142855,0.3,0.2,0.2,0.42857142857142855,0.3,0.5,7,10,0.3333333333333333,1,1
1282929,2021-10-19,Argentina,Brazil,"Reforma Athletic Club, Naucalpan",0.5,0.5,0.5,0.5,0.5,0.5,0.5,0,0,0.5,0,0
1282930,2021-10-19,Canada,United States of America,"Reforma Athletic Club, Naucalpan",0.38095238095238093,0.38461538461538464,0.4,0.2,0.7,0.3,0.5,21,13,0.5,1,0
1273716,2021-10-19,Scotland,Papua New Guinea,Al Amerat Cricket Ground Oman Cricket (Ministry Turf 1),0.5540540540540541,0.5833333333333334,0.4,0.2,0.7,0.5,0.75,74,36,0.75,1,1
1273717,2021-10-19,Bangladesh,Oman,Al Amerat Cricket Ground Oman Cricket (Ministry Turf 1),0.3918918918918919,0.46875,0.4,0.4,0.6,0.3,1.0,148,32,0.0,1,1
1283032,2021-10-19,Swaziland,Uganda,Integrated Polytechnic Regional Centre,0.0,0.5185185185185185,0.0,0.6,0.0,0.8,0.5,1,27,0.0,1,0
1283030,2021-10-19,Lesotho,Uganda,Integrated Polytechnic Regional Centre,0.0,0.5357142857142857,0.0,0.6,0.0,0.8,0.5,6,28,0.5,1,0
1282747,2021-10-20,Germany,Denmark,"Desert Springs Cricket Ground, Almeria",0.6756756756756757,0.2727272727272727,0.4,0.2,0.4,0.3,1.0,37,11,0.42857142857142855,1,1
1282746,2021-10-20,Italy,Jersey,"Desert Springs Cricket Ground, Almeria",0.5,0.7142857142857143,0.4,1.0,0.5,0.7,0.0,8,14,0.5,1,0
1273718,2021-10-20,Netherlands,Namibia,"Zayed Cricket Stadium, Abu Dhabi",0.4939759036144578,0.7446808510638298,0.4,0.6,0.4,0.7,1.0,83,47,0.0,1,0
1273719,2021-10-20,Sri Lanka,Ireland,"Zayed Cricket Stadium, Abu Dhabi",0.38095238095238093,0.4573643410852713,0.4,0.4,0.3,0.7,1.0,189,129,1.0,1,1
1283033,2021-10-20,Malawi,Seychelles,Gahanga International Cricket Stadium. Rwanda,0.3333333333333333,0.5,0.4,0.5,0.3333333333333333,0.5,0.5,6,2,0.0,1,1
1283034,2021-10-20,Swaziland,Ghana,Integrated Polytechnic Regional Centre,0.0,0.45454545454545453,0.0,0.8,0.0,0.5,0.5,2,11,0.0,1,0
1283035,2021-10-20,Swaziland,Seychelles,Gahanga International Cricket Stadium. Rwanda,0.0,0.3333333333333333,0.0,0.3333333333333333,0.0,0.3333333333333333,0.5,3,3,0.5,1,0
1283036,2021-10-20,Rwanda,Lesotho,Integrated Polytechnic Regional Centre,0.42857142857142855,0.0,0.2,0.0,0.4,0.0,0.5,21,7,0.0,1,1
1282272,2021-10-21,Malta,Gibraltar,Marsa Sports Club,0.5,0.0,0.6,0.0,0.5,0.0,1.0,10,6,0.4,1,1
1273721,2021-10-21,Oman,Scotland,Al Amerat Cricket Ground Oman Cricket (Ministry Turf 1),0.45454545454545453,0.56,0.4,0.6,0.3,0.7,0.0,33,75,0.38461538461538464,1,0
1283037,2021-10-21,Uganda,Ghana,Gahanga International Cricket Stadium. Rwanda,0.5517241379310345,0.5,0.8,1.0,0.8,0.6,1.0,29,12,0.5,1,1
1273720,2021-10-21,Bangladesh,Papua New Guinea,Al Amerat Cricket Ground Oman Cricket (Ministry Turf 1),0.3959731543624161,0.5675675675675675,0.4,0.0,0.6,0.4,1.0,149,37,0.5,1,1
1283091,2021-10-21,Nigeria,Sierra Leone,University of Lagos Cricket Oval,0.23076923076923078,0.45454545454545453,0.2,0.4,0.2,0.5,0.5,26,11,0.0,1,1
1282748,2021-10-21,Italy,Germany,"Desert Springs Cricket Ground, Almeria",0.4444444444444444,0.6842105263157895,0.4,0.6,0.4444444444444444,0.5,0.5,9,38,0.4,1,1
1282749,2021-10-21,Denmark,Jersey,"Desert Springs Cricket Ground, Almeria",0.25,0.7333333333333333,0.0,1.0,0.2,0.7,0.0,12,15,0.0,1,0
1283038,2021-10-22,Swaziland,Rwanda,Gahanga International Cricket Stadium. Rwanda,0.0,0.45454545454545453,0.0,0.2,0.0,0.4,0.5,4,22,0.0,1,0
1283040,2021-10-22,Malawi,Rwanda,Gahanga International Cricket Stadium. Rwanda,0.42857142857142855,0.4782608695652174,0.6,0.4,0.42857142857142855,0.5,0.5,7,23,0.5,1,1
1283041,2021-10-22,Uganda,Seychelles,Integrated Polytechnic Regional Centre,0.5666666666666667,0.5,1.0,0.5,0.8,0.5,0.5,30,4,1.0,1,1
1273722,2021-10-22,Ireland,Namibia,Sharjah Cricket Stadium,0.45384615384615384,0.75,0.4,0.6,0.6,0.7,1.0,130,48,0.5,1,0
1282273,2021-10-22,Gibraltar,Switzerland,Marsa Sports Club,0.0,0.5,0.0,0.5,0.0,0.5,0.5,7,0,0.0,0,0
1273723,2021-10-22,Netherlands,Sri Lanka,Sharjah Cricket Stadium,0.4880952380952381,0.38421052631578945,0.2,0.4,0.3,0.4,0.0,84,190,0.5,1,0
1282275,2021-10-22,Bulgaria,Switzerland,Marsa Sports Club,0.16666666666666666,1.0,0.0,1.0,0.16666666666666666,1.0,0.5,6,1,0.5,1,0
1284489,2021-10-23,Maldives,Saudi Arabia,"West End Park International Cricket Stadium, Doha",0.2222222222222222,0.0,0.2,0.0,0.2222222222222222,0.0,0.5,9,1,0.5,1,0
1282276,2021-10-23,Switzerland,Malta,Marsa Sports Club,1.0,0.5454545454545454,1.0,0.6,1.0,0.5,0.5,2,11,1.0,1,1
1273724,2021-10-23,South Africa,Australia,"Zayed Cricket Stadium, Abu Dhabi",0.5348837209302325,0.6086956521739131,0.8,0.6,0.8,0.4,0.34782608695652173,215,230,0.5,1,0
1283092,2021-10-23,Sierra Leone,Nigeria,University of Lagos Cricket Oval,0.4166666666666667,0.25925925925925924,0.4,0.4,0.4,0.2,0.3333333333333333,12,27,0.5,1,0
1273725,2021-10-23,West Indies,England,Dubai International Cricket Stadium,0.465,0.6359649122807017,0.4,0.8,0.6,0.7,0.42424242424242425,200,228,0.0,1,0
1282279,2021-10-24,Malta,Switzerland,Marsa Sports Club,0.5,1.0,0.4,1.0,0.5,1.0,0.0,12,3,0.42857142857142855,1,1
1282278,2021-10-24,Gibraltar,Bulgaria,Marsa Sports Club,0.0,0.14285714285714285,0.0,0.0,0.0,0.14285714285714285,0.5,8,7,0.0,1,0
1273726,2021-10-24,Bangladesh,Sri Lanka,Sharjah Cricket Stadium,0.4,0.387434554973822,0.6,0.6,0.6,0.5,0.4,150,191,0.5,1,0
1283093,2021-10-24,Nigeria,Sierra Leone,University of Lagos Cricket Oval,0.2857142857142857,0.38461538461538464,0.6,0.4,0.3,0.3,0.75,28,13,0.6666666666666666,1,1
1282935,2021-10-24,Canada,United States of America,"Reforma Athletic Club, Naucalpan",0.36363636363636365,0.42857142857142855,0.2,0.4,0.6,0.4,0.4,22,14,0.0,1,1
1273727,2021-10-24,India,Pakistan,Dubai International Cricket Stadium,0.5934579439252337,0.5349794238683128,0.2,0.4,0.3,0.4,0.8,214,243,0.5,1,0
1284490,2021-10-24,Bahrain,Kuwait,"West End Park International Cricket Stadium, Doha",0.5,0.25,0.5,0.6,0.5,0.3,0.0,2,12,0.5,1,0
1284491,2021-10-24,Qatar,Maldives,"West End Park International Cricket Stadium, Doha",0.3333333333333333,0.2,0.4,0.2,0.3333333333333333,0.2,0.5,6,10,0.5,1,1
1283094,2021-10-26,Nigeria,Sierra Leone,University of Lagos Cricket Oval,0.3103448275862069,0.35714285714285715,0.8,0.4,0.4,0.2,0.8,29,14,0.75,1,1
1273729,2021-10-26,West Indies,South Africa,Dubai International Cricket Stadium,0.4626865671641791,0.5324074074074074,0.4,0.6,0.6,0.8,0.48148148148148145,201,216,0.0,1,0
1273730,2021-10-26,New Zealand,Pakistan,Sharjah Cricket Stadium,0.5414634146341464,0.5368852459016393,0.6,0.6,0.5,0.4,0.5333333333333333,205,244,1.0,1,0
1273732,2021-10-27,Scotland,Namibia,"Zayed Cricket Stadium, Abu Dhabi",0.5657894736842105,0.7551020408163265,0.8,0.8,0.7,0.7,0.3333333333333333,76,49,0.5,1,0
1284493,2021-10-27,Maldives,Bahrain,"West End Park International Cricket Stadium, Doha",0.18181818181818182,0.3333333333333333,0.0,0.3333333333333333,0.1,0.3333333333333333,0.5,11,3,0.0,1,0
1273731,2021-10-27,Bangladesh,England,"Zayed Cricket Stadium, Abu Dhabi",0.3973509933774834,0.6375545851528385,0.4,0.8,0.6,0.7,0.0,151,229,0.5,1,0
1284496,2021-10-28,Bahrain,Saudi Arabia,"West End Park International Cricket Stadium, Doha",0.5,0.5,0.5,0.5,0.5,0.5,0.5,4,2,0.5,1,1
1284495,2021-10-28,Maldives,Kuwait,"West End Park International Cricket Stadium, Doha",0.16666666666666666,0.3076923076923077,0.0,0.6,0.1,0.4,0.5,12,13,0.0,1,0
1273733,2021-10-28,Sri Lanka,Australia,Dubai International Cricket Stadium,0.390625,0.6103896103896104,0.8,0.8,0.6,0.5,0.36363636363636365,192,231,0.5,1,0
1273734,2021-10-29,West Indies,Bangladesh,Sharjah Cricket Stadium,0.4603960396039604,0.39473684210526316,0.2,0.4,0.5,0.5,0.6428571428571429,202,152,0.5,1,1
1284497,2021-10-29,Kuwait,Qatar,"West End Park International Cricket Stadium, Doha",0.35714285714285715,0.42857142857142855,0.8,0.4,0.5,0.42857142857142855,1.0,14,7,1.0,1,0
1273737,2021-10-30,Australia,England,Dubai International Cricket Stadium,0.6120689655172413,0.6391304347826087,0.8,0.8,0.5,0.7,0.5581395348837209,232,230,0.42857142857142855,1,0
1273736,2021-10-30,Sri Lanka,South Africa,Sharjah Cricket Stadium,0.38860103626943004,0.5345622119815668,0.8,0.8,0.6,0.8,0.3076923076923077,193,217,0.75,1,0
1273739,2021-10-31,India,New Zealand,Dubai International Cricket Stadium,0.5906976744186047,0.5388349514563107,0.0,0.4,0.3,0.4,0.4,215,206,0.0,1,0
1273740,2021-11-01,England,Sri Lanka,Sharjah Cricket Stadium,0.6406926406926406,0.3865979381443299,0.8,0.6,0.8,0.5,0.75,231,194,0.5,1,1
1283043,2021-11-02,Tanzania,Mozambique,Gahanga International Cricket Stadium. Rwanda,0.7777777777777778,0.2,1.0,0.2,0.7777777777777778,0.2,1.0,9,10,1.0,1,1
1283042,2021-11-02,Botswana,Sierra Leone,Gahanga International Cricket Stadium. Rwanda,0.18181818181818182,0.3333333333333333,0.4,0.2,0.2,0.2,0.0,22,15,0.0,1,1
1273741,2021-11-02,Bangladesh,South Africa,"Zayed Cricket Stadium, Abu Dhabi",0.39215686274509803,0.536697247706422,0.4,0.8,0.4,0.8,0.0,153,218,0.0,1,0
1273742,2021-11-02,Pakistan,Namibia,"Zayed Cricket Stadium, Abu Dhabi",0.5387755102040817,0.76,0.6,0.8,0.5,0.7,0.5,245,50,0.5,1,1
1273743,2021-11-03,New Zealand,Scotland,Dubai International Cricket Stadium,0.5410628019323671,0.5584415584415584,0.4,0.6,0.4,0.6,1.0,207,77,0.2857142857142857,1,1
1283044,2021-11-03,Mozambique,Cameroon,Gahanga International Cricket Stadium. Rwanda,0.18181818181818182,0.0,0.2,0.0,0.2,0.0,0.5,11,1,0.0,1,1
1283045,2021-11-03,Sierra Leone,Tanzania,Gahanga International Cricket Stadium. Rwanda,0.3125,0.8,0.0,1.0,0.2,0.8,0.5,16,10,0.0,1,0
1273745,2021-11-04,Bangladesh,Australia,Dubai International Cricket Stadium,0.38961038961038963,0.6094420600858369,0.2,0.8,0.3,0.5,0.4,154,233,0.5,1,0
1273746,2021-11-04,Sri Lanka,West Indies,"Zayed Cricket Stadium, Abu Dhabi",0.38461538461538464,0.4630541871921182,0.4,0.4,0.4,0.5,0.375,195,203,1.0,1,1
1273747,2021-11-05,New Zealand,Namibia,Sharjah Cricket Stadium,0.5432692307692307,0.7450980392156863,0.6,0.6,0.5,0.6,0.5,208,51,0.75,1,1
1273748,2021-11-05,Scotland,India,Dubai International Cricket Stadium,0.5512820512820513,0.5879629629629629,0.6,0.0,0.5,0.2,0.5,78,216,0.4444444444444444,1,0
1283047,2021-11-05,Mozambique,Sierra Leone,Gahanga International Cricket Stadium. Rwanda,0.25,0.29411764705882354,0.4,0.0,0.2,0.2,0.5,12,17,0.5,1,0
1283046,2021-11-05,Cameroon,Botswana,Gahanga International Cricket Stadium. Rwanda,0.0,0.21739130434782608,0.0,0.6,0.0,0.3,0.5,2,23,0.0,1,0
1283049,2021-11-06,Tanzania,Cameroon,Gahanga International Cricket Stadium. Rwanda,0.8181818181818182,0.0,1.0,0.0,0.9,0.0,0.5,11,3,1.0,1,1
1283048,2021-11-06,Botswana,Mozambique,Gahanga International Cricket Stadium. Rwanda,0.25,0.23076923076923078,0.8,0.4,0.4,0.2,1.0,24,13,0.4,1,1
1273749,2021-11-06,West Indies,Australia,"Zayed Cricket Stadium, Abu Dhabi",0.46078431372549017,0.6111111111111112,0.4,0.8,0.4,0.6,0.44,204,234,0.0,1,0
1273750,2021-11-06,South Africa,England,Sharjah Cricket Stadium,0.5388127853881278,0.6422413793103449,0.8,1.0,0.8,0.8,0.36666666666666664,219,232,0.5,1,1
1283051,2021-11-07,Tanzania,Botswana,Gahanga International Cricket Stadium. Rwanda,0.8333333333333334,0.28,1.0,0.8,0.9,0.5,1.0,12,25,1.0,1,1
1283050,2021-11-07,Cameroon,Sierra Leone,Gahanga International Cricket Stadium. Rwanda,0.0,0.3333333333333333,0.0,0.2,0.0,0.3,0.0,4,18,0.0,1,0
1273752,2021-11-07,Pakistan,Scotland,Sharjah Cricket Stadium,0.540650406504065,0.5443037974683544,0.8,0.4,0.5,0.4,1.0,246,79,0.4444444444444444,1,1
1286667,2021-11-07,Belize,United States of America,"Coolidge Cricket Ground, Antigua",0.5,0.4,0.5,0.4,0.5,0.3,0.5,0,15,0.5,0,0
1273753,2021-11-08,Namibia,India,Dubai International Cricket Stadium,0.7307692307692307,0.5898617511520737,0.6,0.2,0.6,0.3,0.5,52,217,0.6,1,0
1286671,2021-11-08,Bahamas,Argentina,"Sir Vivian Richards Stadium, North Sound, Antigua",0.5,0.0,0.5,0.0,0.5,0.0,0.5,0,1,0.5,0,1
1286673,2021-11-08,United States of America,Bermuda,"Sir Vivian Richards Stadium, North Sound, Antigua",0.4375,0.36363636363636365,0.6,0.0,0.4,0.4,0.0,16,11,0.5,1,1
1286672,2021-11-08,Belize,Panama,"Coolidge Cricket Ground, Antigua",0.0,0.5,0.0,0.5,0.0,0.5,0.5,1,0,0.0,0,1
1286670,2021-11-08,Canada,Belize,"Coolidge Cricket Ground, Antigua",0.391304347826087,0.5,0.2,0.5,0.6,0.5,0.5,23,2,0.5,1,1
1273754,2021-11-10,England,New Zealand,"Zayed Cricket Stadium, Abu Dhabi",0.6394849785407726,0.5454545454545454,0.8,0.8,0.8,0.6,0.75,233,209,1.0,1,0
1286675,2021-11-10,Argentina,Belize,"Sir Vivian Richards Stadium, North Sound, Antigua",0.0,0.3333333333333333,0.0,0.3333333333333333,0.0,0.3333333333333333,0.5,2,3,0.0,1,1
1286677,2021-11-10,Bermuda,Bahamas,"Coolidge Cricket Ground, Antigua",0.3333333333333333,1.0,0.0,1.0,0.3,1.0,0.5,12,1,0.5,1,1
1273755,2021-11-11,Pakistan,Australia,Dubai International Cricket Stadium,0.5425101214574899,0.6127659574468085,1.0,0.8,0.6,0.7,0.3870967741935484,247,235,0.6,1,0
1286681,2021-11-11,Argentina,United States of America,"Sir Vivian Richards Stadium, North Sound, Antigua",0.3333333333333333,0.47058823529411764,0.3333333333333333,0.8,0.3333333333333333,0.5,0.5,3,17,0.5,1,0
1286682,2021-11-13,Bahamas,United States of America,"Coolidge Cricket Ground, Antigua",0.5,0.5,0.5,0.8,0.5,0.5,0.5,2,18,0.0,1,0
1286683,2021-11-13,Belize,Bermuda,"Sir Vivian Richards Stadium, North Sound, Antigua",0.25,0.38461538461538464,0.25,0.2,0.25,0.3,0.5,4,13,0.0,1,0
1286684,2021-11-13,Panama,Bahamas,"Coolidge Cricket Ground, Antigua",0.0,0.3333333333333333,0.0,0.3333333333333333,0.0,0.3333333333333333,0.5,1,3,0.0,1,1
1286685,2021-11-13,Argentina,Canada,"Sir Vivian Richards Stadium, North Sound, Antigua",0.25,0.4166666666666667,0.25,0.4,0.25,0.6,0.5,4,24,0.3333333333333333,1,0
1273756,2021-11-14,New Zealand,Australia,Dubai International Cricket Stadium,0.5476190476190477,0.614406779661017,0.8,0.8,0.7,0.8,0.3333333333333333,210,236,0.375,1,0
1286686,2021-11-14,Canada,Panama,"Coolidge Cricket Ground, Antigua",0.44,0.5,0.6,0.5,0.6,0.5,0.5,25,2,1.0,1,1
1289284,2021-11-16,Nepal,Qatar,"West End Park International Cricket Stadium, Doha",0.5813953488372093,0.5,0.8,0.6,0.8,0.5,0.0,43,8,0.5,1,1
1289043,2021-11-17,Kenya,Uganda,Integrated Polytechnic Regional Centre,0.4857142857142857,0.5806451612903226,0.6,1.0,0.7,0.8,0.5,35,31,0.5,1,1
1289042,2021-11-17,Nigeria,Tanzania,Gahanga International Cricket Stadium. Rwanda,0.3333333333333333,0.8461538461538461,0.8,1.0,0.5,0.9,0.5,30,13,0.16666666666666666,1,0
1289285,2021-11-17,Nepal,Qatar,"West End Park International Cricket Stadium, Doha",0.5909090909090909,0.4444444444444444,0.8,0.4,0.8,0.4444444444444444,0.5,44,9,1.0,1,1
1278671,2021-11-17,New Zealand,India,"Sawai Mansingh Stadium, Jaipur",0.5450236966824644,0.591743119266055,0.8,0.4,0.6,0.3,0.6190476190476191,211,218,0.5,1,0
1289044,2021-11-17,Uganda,Nigeria,Gahanga International Cricket Stadium. Rwanda,0.5625,0.3225806451612903,0.8,0.8,0.7,0.5,1.0,32,31,0.6666666666666666,1,1
1289045,2021-11-17,Tanzania,Kenya,Integrated Polytechnic Regional Centre,0.8571428571428571,0.5,1.0,0.6,1.0,0.8,0.5,14,36,0.5,1,1
1289049,2021-11-18,Nigeria,Uganda,Integrated Polytechnic Regional Centre,0.3125,0.5757575757575758,0.6,0.8,0.5,0.7,0.0,32,33,0.5,1,0
1289048,2021-11-18,Tanzania,Kenya,Gahanga International Cricket Stadium. Rwanda,0.8666666666666667,0.4864864864864865,1.0,0.4,1.0,0.7,1.0,15,37,1.0,1,0
1289046,2021-11-18,Tanzania,Uganda,Gahanga International Cricket Stadium. Rwanda,0.8125,0.5882352941176471,0.8,0.8,0.9,0.8,1.0,16,34,0.8571428571428571,1,0
1289047,2021-11-18,Nigeria,Kenya,Integrated Polytechnic Regional Centre,0.30303030303030304,0.5,0.4,0.4,0.5,0.7,0.3333333333333333,33,38,0.0,1,0
1289286,2021-11-18,Nepal,Qatar,"West End Park International Cricket Stadium, Doha",0.6,0.4,0.8,0.4,0.8,0.4,0.6666666666666666,45,10,1.0,1,1
1278672,2021-11-19,New Zealand,India,"JSCA International Stadium Complex, Ranchi",0.5424528301886793,0.593607305936073,0.6,0.6,0.5,0.4,0.5909090909090909,212,219,0.5,1,0
1277974,2021-11-19,Bangladesh,Pakistan,"Shere Bangla National Stadium, Mirpur",0.3870967741935484,0.5403225806451613,0.0,0.8,0.3,0.6,0.16666666666666666,155,248,0.6875,1,0
1277975,2021-11-20,Bangladesh,Pakistan,"Shere Bangla National Stadium, Mirpur",0.38461538461538464,0.5421686746987951,0.0,0.8,0.2,0.7,0.15789473684210525,156,249,0.6470588235294118,1,0
1289050,2021-11-20,Tanzania,Uganda,Gahanga International Cricket Stadium. Rwanda,0.7647058823529411,0.6,0.6,0.8,0.8,0.9,0.6666666666666666,17,35,0.75,1,0
1289051,2021-11-20,Kenya,Nigeria,Integrated Polytechnic Regional Centre,0.5128205128205128,0.29411764705882354,0.6,0.2,0.7,0.5,0.75,39,34,0.6666666666666666,1,1
1289052,2021-11-20,Kenya,Uganda,Gahanga International Cricket Stadium. Rwanda,0.525,0.6111111111111112,0.8,0.8,0.7,0.9,0.6,40,36,1.0,1,0
1289053,2021-11-20,Tanzania,Nigeria,Integrated Polytechnic Regional Centre,0.7222222222222222,0.2857142857142857,0.4,0.0,0.7,0.4,1.0,18,35,1.0,1,1
1278673,2021-11-21,India,New Zealand,"Eden Gardens, Kolkata",0.5954545454545455,0.539906103286385,0.8,0.4,0.4,0.5,0.43478260869565216,220,213,0.5,1,1
1286968,2021-11-22,United Arab Emirates,Malaysia,"ICC Academy, Dubai",0.5098039215686274,0.40540540540540543,0.8,0.0,0.7,0.5,1.0,51,37,0.6666666666666666,1,1
1286970,2021-11-22,Bhutan,Kuwait,"ICC Academy, Dubai",0.0,0.3333333333333333,0.0,0.6,0.0,0.5,0.5,2,15,0.5,1,1
1277976,2021-11-22,Bangladesh,Pakistan,"Shere Bangla National Stadium, Mirpur",0.3821656050955414,0.544,0.0,0.8,0.2,0.7,0.15,157,250,0.6111111111111112,1,0
1286973,2021-11-23,Bhutan,Nepal,"ICC Academy Ground No 2, Dubai",0.3333333333333333,0.6086956521739131,0.3333333333333333,1.0,0.3333333333333333,0.8,0.0,3,46,0.5,1,0
1286971,2021-11-23,United Arab Emirates,Hong Kong,"ICC Academy, Dubai",0.5192307692307693,0.34782608695652173,0.8,0.6,0.7,0.3,1.0,52,46,0.75,1,1
1286972,2021-11-23,Malaysia,Kuwait,"ICC Academy, Dubai",0.39473684210526316,0.3125,0.0,0.4,0.4,0.5,1.0,38,16,0.0,1,1
1286974,2021-11-25,Malaysia,Hong Kong,"ICC Academy Ground No 2, Dubai",0.41025641025641024,0.3404255319148936,0.2,0.6,0.4,0.3,0.8333333333333334,39,47,0.5,1,0
1286975,2021-11-25,Kuwait,Nepal,"ICC Academy, Dubai",0.29411764705882354,0.6170212765957447,0.4,1.0,0.5,0.9,0.0,17,47,0.0,1,0
1286976,2021-11-25,United Arab Emirates,Bhutan,"ICC Academy Ground No 2, Dubai",0.5283018867924528,0.25,0.8,0.25,0.7,0.25,0.5,53,4,0.5,1,1
1286978,2021-11-26,Hong Kong,Bhutan,"ICC Academy, Dubai",0.3541666666666667,0.2,0.6,0.2,0.4,0.2,0.5,48,5,0.0,1,1
1286979,2021-11-26,Kuwait,United Arab Emirates,"ICC Academy Ground No 2, Dubai",0.2777777777777778,0.5370370370370371,0.2,1.0,0.4,0.8,0.0,18,54,0.5,1,0
1286980,2021-11-28,United Arab Emirates,Nepal,"ICC Academy Ground No 2, Dubai",0.5454545454545454,0.625,1.0,1.0,0.9,0.9,0.25,55,48,1.0,1,1
1286982,2021-11-28,Hong Kong,Kuwait,"ICC Academy, Dubai",0.3673469387755102,0.2631578947368421,0.6,0.0,0.5,0.4,1.0,49,19,0.5,1,1
1286981,2021-11-28,Malaysia,Bhutan,"ICC Academy, Dubai",0.4,0.16666666666666666,0.2,0.2,0.3,0.16666666666666666,0.5,40,6,0.5,1,1
1287773,2021-12-13,Pakistan,West Indies,"National Stadium, Karachi",0.545816733067729,0.4585365853658537,0.8,0.2,0.8,0.3,0.6086956521739131,251,205,0.5,1,1
1287774,2021-12-14,Pakistan,West Indies,"National Stadium, Karachi",0.5476190476190477,0.4563106796116505,0.8,0.2,0.9,0.3,0.625,252,206,1.0,1,1
1287775,2021-12-16,West Indies,Pakistan,"National Stadium, Karachi",0.45410628019323673,0.549407114624506,0.2,1.0,0.2,0.9,0.36,207,253,0.0,1,0
1291187,2021-12-22,United States of America,Ireland,"Central Broward Regional Park Stadium Turf Ground, Lauderhill",0.5263157894736842,0.45038167938931295,0.8,0.2,0.6,0.5,0.5,19,131,0.5,1,1
1291188,2021-12-23,Ireland,United States of America,"Central Broward Regional Park Stadium Turf Ground, Lauderhill",0.44696969696969696,0.55,0.2,1.0,0.4,0.7,0.0,132,20,0.0,1,1
1296028,2022-01-18,Sri Lanka,Scotland,"Kinrara Academy Oval, Kuala Lumpur",0.3877551020408163,0.5375,0.4,0.2,0.5,0.4,0.5,196,80,0.5,1,1
1296027,2022-01-18,Malaysia,Bangladesh,"Kinrara Academy Oval, Kuala Lumpur",0.4146341463414634,0.379746835443038,0.4,0.0,0.3,0.2,0.0,41,158,0.5,1,0
1296029,2022-01-19,Bangladesh,Kenya,"Kinrara Academy Oval, Kuala Lumpur",0.3836477987421384,0.5121951219512195,0.2,0.6,0.2,0.6,1.0,159,41,1.0,1,1
1296030,2022-01-19,Scotland,Malaysia,"Kinrara Academy Oval, Kuala Lumpur",0.5308641975308642,0.40476190476190477,0.0,0.4,0.4,0.2,0.5,81,42,0.0,1,1
1263572,2022-01-20,England,Australia,Adelaide Oval,0.6367521367521367,0.6160337552742616,0.6,0.8,0.7,0.8,0.45454545454545453,234,237,1.0,1,0
1296031,2022-01-20,Kenya,Sri Lanka,"Kinrara Academy Oval, Kuala Lumpur",0.5,0.39086294416243655,0.6,0.4,0.5,0.6,0.0,42,197,0.0,1,0
1296033,2022-01-22,Sri Lanka,Malaysia,"Kinrara Academy Oval, Kuala Lumpur",0.3939393939393939,0.3953488372093023,0.6,0.4,0.7,0.2,1.0,198,43,1.0,1,1
1296032,2022-01-22,Scotland,Kenya,"Kinrara Academy Oval, Kuala Lumpur",0.5365853658536586,0.4883720930232558,0.2,0.4,0.4,0.4,0.5,82,43,0.5,1,1
1256720,2022-01-22,England,West Indies,"Kensington Oval, Bridgetown, Barbados",0.6340425531914894,0.4519230769230769,0.4,0.0,0.6,0.2,0.5882352941176471,235,208,0.5,1,0
1296034,2022-01-23,Scotland,Bangladesh,"Kinrara Academy Oval, Kuala Lumpur",0.5421686746987951,0.3875,0.4,0.4,0.5,0.2,0.3333333333333333,83,160,0.6666666666666666,1,0
1296035,2022-01-23,Kenya,Malaysia,"Kinrara Academy Oval, Kuala Lumpur",0.4772727272727273,0.38636363636363635,0.2,0.2,0.4,0.2,0.5,44,44,0.0,1,0
1256721,2022-01-23,England,West Indies,"Kensington Oval, Bridgetown, Barbados",0.6313559322033898,0.45454545454545453,0.2,0.2,0.5,0.3,0.5714285714285714,236,209,0.0,1,1
1296036,2022-01-24,Sri Lanka,Bangladesh,"Kinrara Academy Oval, Kuala Lumpur",0.3969849246231156,0.391304347826087,0.8,0.6,0.7,0.3,0.625,199,161,1.0,1,1
1256722,2022-01-26,West Indies,England,"Kensington Oval, Bridgetown, Barbados",0.4523809523809524,0.6329113924050633,0.2,0.2,0.2,0.6,0.4166666666666667,210,237,0.5,1,1
1256723,2022-01-29,England,West Indies,"Kensington Oval, Bridgetown, Barbados",0.6302521008403361,0.4549763033175355,0.2,0.4,0.5,0.3,0.5675675675675675,238,211,0.3333333333333333,1,1
1256724,2022-01-30,West Indies,England,"Kensington Oval, Bridgetown, Barbados",0.4528301886792453,0.6317991631799164,0.4,0.4,0.3,0.5,0.42105263157894735,212,239,0.5,1,1
1289031,2022-02-09,New Zealand,India,"John Davies Oval, Queenstown",0.5373831775700935,0.5972850678733032,0.2,1.0,0.5,0.5,0.5416666666666666,214,221,0.5,1,1
1299593,2022-02-11,Oman,Nepal,Al Amerat Cricket Ground Oman Cricket (Ministry Turf 1),0.4411764705882353,0.6122448979591837,0.4,0.8,0.3,0.8,1.0,34,49,0.35714285714285715,1,0
1263471,2022-02-11,Australia,Sri Lanka,Sydney Cricket Ground,0.6176470588235294,0.4,1.0,1.0,0.9,0.7,0.6521739130434783,238,200,0.7,1,1
1299638,2022-02-12,United Arab Emirates,Nepal,Al Amerat Cricket Ground Oman Cricket (Ministry Turf 1),0.5535714285714286,0.62,1.0,0.8,0.9,0.8,0.4,56,50,1.0,1,1
1299594,2022-02-12,Oman,Ireland,Al Amerat Cricket Ground Oman Cricket (Ministry Turf 1),0.42857142857142855,0.45112781954887216,0.4,0.4,0.2,0.4,0.5,35,133,0.3333333333333333,1,0
1299592,2022-02-13,United Arab Emirates,Ireland,Al Amerat Cricket Ground Oman Cricket (Ministry Turf 1),0.5614035087719298,0.4552238805970149,1.0,0.4,0.9,0.4,0.5,57,134,1.0,1,1
1299595,2022-02-14,United Arab Emirates,Oman,Al Amerat Cricket Ground Oman Cricket (Ministry Turf 1),0.5689655172413793,0.4166666666666667,1.0,0.2,0.9,0.2,0.6666666666666666,58,36,1.0,1,0
1299596,2022-02-14,Ireland,Nepal,Al Amerat Cricket Ground Oman Cricket (Ministry Turf 1),0.45185185185185184,0.6078431372549019,0.4,0.6,0.4,0.8,1.0,135,51,0.6666666666666666,1,1
1263473,2022-02-15,Sri Lanka,Australia,"Manuka Oval, Canberra",0.39800995024875624,0.6192468619246861,0.8,1.0,0.6,0.9,0.3333333333333333,201,239,0.5,1,0
1278679,2022-02-16,West Indies,India,"Eden Gardens, Kolkata",0.45539906103286387,0.5945945945945946,0.6,0.8,0.3,0.5,0.30434782608695654,213,222,0.5,1,0
1278680,2022-02-18,India,West Indies,"Eden Gardens, Kolkata",0.5964125560538116,0.4532710280373832,0.8,0.4,0.6,0.3,0.7083333333333334,223,214,1.0,1,1
1299568,2022-02-18,United Arab Emirates,Ireland,Al Amerat Cricket Ground Oman Cricket (Ministry Turf 1),0.559322033898305,0.45588235294117646,0.8,0.6,0.9,0.4,0.5555555555555556,59,136,0.75,1,1
1263474,2022-02-18,Sri Lanka,Australia,Melbourne Cricket Ground,0.39603960396039606,0.6208333333333333,0.6,1.0,0.5,0.9,0.32,202,240,0.6666666666666666,1,0
1299567,2022-02-18,Canada,Philippines,Al Amerat Cricket Ground Oman Cricket (Ministry Turf 2),0.46153846153846156,0.3333333333333333,0.8,0.3333333333333333,0.6,0.3333333333333333,0.5,26,3,0.5,1,1
1299566,2022-02-18,Nepal,Oman,Al Amerat Cricket Ground Oman Cricket (Ministry Turf 1),0.5961538461538461,0.43243243243243246,0.4,0.2,0.7,0.3,0.5,52,37,0.42857142857142855,1,1
1299569,2022-02-18,Germany,Bahrain,Al Amerat Cricket Ground Oman Cricket (Ministry Turf 2),0.6666666666666666,0.6,0.6,0.6,0.4,0.6,0.5,39,5,0.5,1,0
1299572,2022-02-19,United Arab Emirates,Germany,Al Amerat Cricket Ground Oman Cricket (Ministry Turf 1),0.5666666666666667,0.65,0.8,0.4,0.9,0.4,0.5,60,40,0.8,1,1
1299570,2022-02-19,Canada,Oman,Al Amerat Cricket Ground Oman Cricket (Ministry Turf 1),0.48148148148148145,0.42105263157894735,1.0,0.2,0.6,0.3,0.0,27,38,0.5,1,0
1299573,2022-02-19,Ireland,Bahrain,Al Amerat Cricket Ground Oman Cricket (Ministry Turf 2),0.45255474452554745,0.6666666666666666,0.6,0.6,0.4,0.6666666666666666,0.5,137,6,0.5,1,1
1299571,2022-02-19,Nepal,Philippines,Al Amerat Cricket Ground Oman Cricket (Ministry Turf 2),0.6037735849056604,0.25,0.4,0.25,0.7,0.25,0.5,53,4,0.5,1,1
1278681,2022-02-20,India,West Indies,"Eden Gardens, Kolkata",0.5982142857142857,0.4511627906976744,0.8,0.4,0.7,0.3,0.72,224,215,1.0,1,1
1263475,2022-02-20,Australia,Sri Lanka,Melbourne Cricket Ground,0.6224066390041494,0.39408866995073893,1.0,0.4,0.9,0.5,0.6923076923076923,241,203,0.7222222222222222,1,0
1299577,2022-02-21,Philippines,Oman,Al Amerat Cricket Ground Oman Cricket (Ministry Turf 2),0.2,0.4358974358974359,0.2,0.4,0.2,0.4,0.5,5,39,0.0,1,0
1299576,2022-02-21,Canada,Nepal,Al Amerat Cricket Ground Oman Cricket (Ministry Turf 1),0.4642857142857143,0.6111111111111112,0.8,0.6,0.5,0.7,0.5,28,54,0.0,1,0
1299575,2022-02-21,Bahrain,United Arab Emirates,Al Amerat Cricket Ground Oman Cricket (Ministry Turf 2),0.5714285714285714,0.5737704918032787,0.6,0.8,0.5714285714285714,0.9,0.5,7,61,0.5,1,1
1299574,2022-02-21,Germany,Ireland,Al Amerat Cricket Ground Oman Cricket (Ministry Turf 1),0.6341463414634146,0.45652173913043476,0.2,0.6,0.3,0.5,0.0,41,138,0.8,1,0
1299578,2022-02-22,Germany,Canada,Al Amerat Cricket Ground Oman Cricket (Ministry Turf 1),0.6190476190476191,0.4482758620689655,0.2,0.6,0.3,0.5,0.5,42,29,0.6666666666666666,1,0
1299581,2022-02-22,Ireland,Oman,Al Amerat Cricket Ground Oman Cricket (Ministry Turf 2),0.460431654676259,0.45,0.6,0.6,0.5,0.5,0.6,139,40,1.0,1,1
1299580,2022-02-22,United Arab Emirates,Nepal,Al Amerat Cricket Ground Oman Cricket (Ministry Turf 1),0.5645161290322581,0.6181818181818182,0.6,0.6,0.8,0.7,0.5,62,55,0.8333333333333334,1,1
1299579,2022-02-22,Bahrain,Philippines,Al Amerat Cricket Ground Oman Cricket (Ministry Turf 2),0.625,0.16666666666666666,0.8,0.2,0.625,0.16666666666666666,0.5,8,6,0.6666666666666666,1,1
1299582,2022-02-24,Bahrain,Canada,Al Amerat Cricket Ground Oman Cricket (Ministry Turf 1),0.6666666666666666,0.4666666666666667,0.8,0.6,0.6666666666666666,0.6,0.5,9,30,0.5,1,0
1299583,2022-02-24,Philippines,Germany,Al Amerat Cricket Ground Oman Cricket (Ministry Turf 2),0.14285714285714285,0.6046511627906976,0.2,0.0,0.14285714285714285,0.3,0.5,7,43,0.0,1,0
1299584,2022-02-24,Oman,Nepal,Al Amerat Cricket Ground Oman Cricket (Ministry Turf 2),0.43902439024390244,0.6071428571428571,0.6,0.6,0.4,0.6,0.3333333333333333,41,56,0.5,1,0
1299585,2022-02-24,Ireland,United Arab Emirates,Al Amerat Cricket Ground Oman Cricket (Ministry Turf 1),0.4642857142857143,0.5714285714285714,0.8,0.6,0.6,0.8,0.4,140,63,0.6666666666666666,1,0
1278684,2022-02-24,India,Sri Lanka,"Bharat Ratna Shri Atal Bihari Vajpayee Ekana Cricket Stadium, Lucknow",0.6,0.39705882352941174,0.8,0.4,0.8,0.6,0.7142857142857143,225,204,0.5,1,1
1278685,2022-02-26,Sri Lanka,India,"Himachal Pradesh Cricket Association Stadium, Dharamsala",0.3951219512195122,0.6017699115044248,0.2,0.8,0.6,0.9,0.27586206896551724,205,226,0.5,1,0
1278686,2022-02-27,Sri Lanka,India,"Himachal Pradesh Cricket Association Stadium, Dharamsala",0.3932038834951456,0.6035242290748899,0.2,1.0,0.5,0.9,0.26666666666666666,206,227,0.0,1,0
1306385,2022-03-20,Saudi Arabia,Kuwait,Al Amerat Cricket Ground Oman Cricket (Ministry Turf 2),0.3333333333333333,0.25,0.3333333333333333,0.0,0.3333333333333333,0.3,0.5,3,20,0.0,1,0
1306384,2022-03-20,Qatar,United Arab Emirates,Al Amerat Cricket Ground Oman Cricket (Ministry Turf 2),0.36363636363636365,0.578125,0.4,0.8,0.4,0.8,0.0,11,64,0.0,1,0
1306386,2022-03-21,Qatar,Bahrain,Al Amerat Cricket Ground Oman Cricket (Ministry Turf 2),0.3333333333333333,0.6,0.2,0.6,0.3,0.6,0.0,12,10,0.0,1,1
1306387,2022-03-21,Oman,Saudi Arabia,Al Amerat Cricket Ground Oman Cricket (Ministry Turf 2),0.42857142857142855,0.25,0.4,0.25,0.3,0.25,0.5,42,4,0.3333333333333333,1,1
1306388,2022-03-21,United Arab Emirates,Kuwait,Al Amerat Cricket Ground Oman Cricket (Ministry Turf 2),0.5846153846153846,0.2857142857142857,0.8,0.2,0.8,0.3,1.0,65,21,0.75,1,1
1306389,2022-03-22,Bahrain,Saudi Arabia,Al Amerat Cricket Ground Oman Cricket (Ministry Turf 2),0.5454545454545454,0.2,0.4,0.2,0.5,0.2,1.0,11,5,0.6,1,1
1306390,2022-03-22,Qatar,Kuwait,Al Amerat Cricket Ground Oman Cricket (Ministry Turf 2),0.38461538461538464,0.2727272727272727,0.2,0.2,0.4,0.3,0.5,13,22,0.3333333333333333,1,0
1306391,2022-03-22,United Arab Emirates,Oman,Al Amerat Cricket Ground Oman Cricket (Ministry Turf 2),0.5909090909090909,0.4418604651162791,0.8,0.6,0.8,0.4,0.5,66,43,0.8,1,1
1306392,2022-03-24,Oman,Kuwait,Al Amerat Cricket Ground Oman Cricket (Ministry Turf 1),0.4318181818181818,0.30434782608695654,0.4,0.4,0.4,0.3,0.5,44,23,0.3684210526315789,1,1
1306393,2022-03-24,Saudi Arabia,United Arab Emirates,Al Amerat Cricket Ground Oman Cricket (Ministry Turf 2),0.16666666666666666,0.5970149253731343,0.2,1.0,0.16666666666666666,0.8,0.0,6,67,0.0,1,0
1306395,2022-03-25,Kuwait,Bahrain,Al Amerat Cricket Ground Oman Cricket (Ministry Turf 2),0.2916666666666667,0.5833333333333334,0.4,0.6,0.2,0.6,1.0,24,12,0.75,1,0
1306394,2022-03-25,Qatar,Saudi Arabia,Al Amerat Cricket Ground Oman Cricket (Ministry Turf 1),0.35714285714285715,0.14285714285714285,0.2,0.0,0.3,0.14285714285714285,0.5,14,7,0.0,1,1
1306397,2022-03-26,United Arab Emirates,Bahrain,Al Amerat Cricket Ground Oman Cricket (Ministry Turf 2),0.6029411764705882,0.6153846153846154,1.0,0.6,0.8,0.7,0.0,68,13,0.8571428571428571,1,1
1306396,2022-03-26,Oman,Qatar,Al Amerat Cricket Ground Oman Cricket (Ministry Turf 1),0.4444444444444444,0.4,0.4,0.4,0.5,0.4,0.5,45,15,0.4,1,1
1305498,2022-03-28,Nepal,Papua New Guinea,"Tribhuvan University International Cricket Ground, Kirtipur",0.6140350877192983,0.5526315789473685,0.8,0.0,0.6,0.4,0.0,57,38,0.8,1,1
1305499,2022-03-29,Malaysia,Papua New Guinea,"Tribhuvan University International Cricket Ground, Kirtipur",0.4,0.5384615384615384,0.4,0.0,0.3,0.3,0.5,45,39,0.0,1,1
1305500,2022-03-30,Malaysia,Nepal,"Tribhuvan University International Cricket Ground, Kirtipur",0.41304347826086957,0.6206896551724138,0.4,0.8,0.4,0.6,0.0,46,58,0.25,1,0
1305501,2022-03-31,Nepal,Papua New Guinea,"Tribhuvan University International Cricket Ground, Kirtipur",0.6271186440677966,0.525,0.8,0.0,0.7,0.2,0.5,59,40,0.8571428571428571,1,1
1305502,2022-04-01,Malaysia,Papua New Guinea,"Tribhuvan University International Cricket Ground, Kirtipur",0.40425531914893614,0.5121951219512195,0.4,0.0,0.4,0.1,1.0,47,41,0.2,1,0
1305503,2022-04-02,Nepal,Malaysia,"Tribhuvan University International Cricket Ground, Kirtipur",0.6333333333333333,0.3958333333333333,0.8,0.4,0.7,0.4,1.0,60,48,0.875,1,1
1305504,2022-04-04,Nepal,Papua New Guinea,"Tribhuvan University International Cricket Ground, Kirtipur",0.639344262295082,0.5238095238095238,1.0,0.2,0.8,0.1,0.6666666666666666,61,42,0.8888888888888888,1,1
1288316,2022-04-05,Pakistan,Australia,"Gaddafi Stadium, Lahore",0.5511811023622047,0.6198347107438017,1.0,0.8,0.9,0.8,0.375,254,242,0.5,1,0
1309701,2022-04-08,Uganda,Namibia,"United Cricket Club Ground, Windhoek",0.6216216216216216,0.7169811320754716,1.0,0.4,0.9,0.5,0.0,37,53,0.5,1,0
1309702,2022-04-09,Namibia,Uganda,"United Cricket Club Ground, Windhoek",0.7222222222222222,0.6052631578947368,0.4,0.8,0.6,0.8,1.0,54,38,1.0,1,0
1309703,2022-04-10,Namibia,Uganda,"United Cricket Club Ground, Windhoek",0.7090909090909091,0.6153846153846154,0.2,0.8,0.5,0.8,0.8571428571428571,55,39,0.5,1,1
1310888,2022-04-20,Zimbabwe,Namibia,"Centre for Cricket Development Ground, Windhoek",0.3626373626373626,0.7142857142857143,1.0,0.4,0.8,0.5,1.0,91,56,0.5,1,0
1310889,2022-04-21,Namibia,Uganda,"Centre for Cricket Development Ground, Windhoek",0.7192982456140351,0.6,0.6,0.6,0.6,0.7,0.875,57,40,1.0,1,1
1310887,2022-04-21,Zimbabwe,Uganda,"Centre for Cricket Development Ground, Windhoek",0.358695652173913,0.5853658536585366,0.8,0.4,0.8,0.6,1.0,92,41,0.0,1,1
1310890,2022-04-22,Zimbabwe,Uganda,"Centre for Cricket Development Ground, Windhoek",0.3655913978494624,0.5714285714285714,0.8,0.2,0.8,0.6,1.0,93,42,0.5,1,1
1310891,2022-04-23,Namibia,Zimbabwe,"Centre for Cricket Development Ground, Windhoek",0.7241379310344828,0.3723404255319149,0.8,0.8,0.6,0.8,0.3333333333333333,58,94,1.0,1,0
1310892,2022-04-23,Namibia,Uganda,"Centre for Cricket Development Ground, Windhoek",0.711864406779661,0.5581395348837209,0.6,0.2,0.5,0.5,0.8888888888888888,59,43,0.6666666666666666,1,1
1310893,2022-04-24,Zimbabwe,Uganda,"Centre for Cricket Development Ground, Windhoek",0.37894736842105264,0.5454545454545454,0.8,0.0,0.8,0.4,1.0,95,44,0.75,1,1
1310894,2022-04-24,Zimbabwe,Namibia,"Centre for Cricket Development Ground, Windhoek",0.3854166666666667,0.7166666666666667,0.8,0.8,0.9,0.5,0.75,96,60,0.8,1,1
1310895,2022-04-25,Uganda,Namibia,"Centre for Cricket Development Ground, Windhoek",0.5333333333333333,0.7049180327868853,0.0,0.6,0.3,0.5,0.1,45,61,0.0,1,0
1310896,2022-04-26,Namibia,Zimbabwe,"Centre for Cricket Development Ground, Windhoek",0.7096774193548387,0.3917525773195876,0.6,1.0,0.6,0.9,0.2,62,97,0.6666666666666666,1,0
1311744,2022-04-27,Hong Kong,United Arab Emirates,"Malek Cricket Ground, Ajman",0.38,0.6086956521739131,0.8,1.0,0.6,0.9,0.0,50,69,0.5,1,0
1311745,2022-04-28,United Arab Emirates,Hong Kong,"Malek Cricket Ground, Ajman",0.6142857142857143,0.37254901960784315,1.0,0.6,0.9,0.6,1.0,70,51,1.0,1,1
1311746,2022-04-29,United Arab Emirates,Hong Kong,"Malek Cricket Ground, Ajman",0.6197183098591549,0.36538461538461536,1.0,0.6,0.9,0.6,1.0,71,52,1.0,1,1
1310161,2022-04-29,Norway,Guernsey,"Desert Springs Cricket Ground, Almeria",0.2,0.6,0.4,0.6,0.2,0.6,0.0,10,5,0.5,1,1
1310164,2022-04-30,Guernsey,Spain,"Desert Springs Cricket Ground, Almeria",0.5,0.7777777777777778,0.6,0.6,0.5,0.7777777777777778,0.5,6,9,0.0,1,0
1310163,2022-04-30,Norway,Guernsey,"Desert Springs Cricket Ground, Almeria",0.2727272727272727,0.42857142857142855,0.6,0.6,0.3,0.42857142857142855,0.5,11,7,1.0,1,0
1311747,2022-04-30,Hong Kong,United Arab Emirates,"Malek Cricket Ground, Ajman",0.3584905660377358,0.625,0.4,1.0,0.5,1.0,0.0,53,72,0.0,1,0
1310162,2022-04-30,Spain,Norway,"Desert Springs Cricket Ground, Almeria",0.8,0.25,0.8,0.4,0.8,0.3,0.5,10,12,0.75,1,1
1310166,2022-05-01,Spain,Norway,"Desert Springs Cricket Ground, Almeria",0.8181818181818182,0.23076923076923078,0.8,0.2,0.8,0.3,1.0,11,13,0.8,1,1
1310165,2022-05-01,Spain,Guernsey,"Desert Springs Cricket Ground, Almeria",0.8333333333333334,0.5,1.0,0.6,0.8,0.5,1.0,12,8,0.8333333333333334,1,0
1310167,2022-05-07,Denmark,Finland,"Svanholm Park, Brondby",0.23076923076923078,0.5,0.0,0.5,0.2,0.5,0.5,13,4,0.5,1,0
1310168,2022-05-07,Denmark,Finland,"Svanholm Park, Brondby",0.21428571428571427,0.6,0.0,0.6,0.2,0.6,0.0,14,5,0.3333333333333333,1,1
1310169,2022-05-08,Denmark,Finland,"Svanholm Park, Brondby",0.26666666666666666,0.5,0.2,0.4,0.2,0.5,0.5,15,6,0.5,1,1
1310172,2022-05-10,Gibraltar,Hungary,Marsa Sports Club,0.0,0.5,0.0,0.5,0.0,0.5,0.5,9,4,0.0,1,0
1310171,2022-05-10,Malta,Hungary,Marsa Sports Club,0.5384615384615384,0.6,0.4,0.6,0.6,0.6,0.0,13,5,0.5,1,1
1310170,2022-05-10,Gibraltar,Malta,Marsa Sports Club,0.0,0.5714285714285714,0.0,0.6,0.0,0.6,0.0,10,14,0.0,1,0
1310173,2022-05-11,Romania,Malta,Marsa Sports Club,0.9090909090909091,0.6,1.0,0.8,1.0,0.7,1.0,11,15,0.5,1,0
1310174,2022-05-11,Czech Republic,Gibraltar,Marsa Sports Club,0.14285714285714285,0.0,0.0,0.0,0.14285714285714285,0.0,0.5,7,11,0.5,1,1
1310175,2022-05-11,Hungary,Bulgaria,Marsa Sports Club,0.5,0.25,0.4,0.2,0.5,0.25,0.5,6,8,0.5,1,1
1310176,2022-05-12,Malta,Czech Republic,Marsa Sports Club,0.625,0.25,0.8,0.2,0.7,0.25,0.5,16,8,0.6363636363636364,1,1
1310177,2022-05-12,Czech Republic,Bulgaria,Marsa Sports Club,0.2222222222222222,0.2222222222222222,0.2,0.2,0.2222222222222222,0.2222222222222222,0.5,9,9,0.5,1,1
1310178,2022-05-12,Romania,Hungary,Marsa Sports Club,0.8333333333333334,0.5714285714285714,0.8,0.6,0.9,0.5714285714285714,1.0,12,7,0.0,1,0
1310181,2022-05-13,Bulgaria,Romania,Marsa Sports Club,0.2,0.7692307692307693,0.2,0.6,0.2,0.8,0.25,10,13,0.25,1,0
1310180,2022-05-13,Romania,Czech Republic,Marsa Sports Club,0.7857142857142857,0.3,0.6,0.4,0.8,0.3,1.0,14,10,0.3333333333333333,1,1
1310179,2022-05-13,Gibraltar,Bulgaria,Marsa Sports Club,0.0,0.18181818181818182,0.0,0.2,0.0,0.1,0.0,12,11,0.0,1,1
1310182,2022-05-14,Hungary,Czech Republic,Marsa Sports Club,0.625,0.2727272727272727,0.8,0.4,0.625,0.3,1.0,8,11,0.75,1,0
1310183,2022-05-14,Gibraltar,Romania,Marsa Sports Club,0.07692307692307693,0.8,0.2,0.6,0.1,0.8,0.5,13,15,0.14285714285714285,1,0
1310184,2022-05-14,Bulgaria,Malta,Marsa Sports Club,0.16666666666666666,0.6470588235294118,0.2,1.0,0.1,0.7,0.0,12,17,0.16666666666666666,1,0
1310186,2022-05-15,Czech Republic,Hungary,Marsa Sports Club,0.3333333333333333,0.5555555555555556,0.6,0.6,0.3,0.5555555555555556,0.5,12,9,0.6,1,1
1310185,2022-05-15,Gibraltar,Bulgaria,Marsa Sports Club,0.07142857142857142,0.15384615384615385,0.2,0.0,0.1,0.1,0.5,14,13,0.125,1,0
1310187,2022-05-15,Romania,Malta,Marsa Sports Club,0.8125,0.6666666666666666,0.6,1.0,0.8,0.7,0.5,16,18,0.6,1,1
1314897,2022-05-16,Uganda,Nepal,"Tribhuvan University International Cricket Ground, Kirtipur",0.5217391304347826,0.6451612903225806,0.0,1.0,0.2,0.9,0.5,46,62,0.5,1,1
1310938,2022-05-17,Zimbabwe,Namibia,"Queens Sports Club, Bulawayo",0.3979591836734694,0.6984126984126984,1.0,0.4,0.9,0.6,0.8333333333333334,98,63,0.5,1,1
1314898,2022-05-17,Nepal,Uganda,"Tribhuvan University International Cricket Ground, Kirtipur",0.6349206349206349,0.5319148936170213,0.8,0.2,0.8,0.2,0.0,63,47,0.8181818181818182,1,0
1310939,2022-05-19,Zimbabwe,Namibia,"Queens Sports Club, Bulawayo",0.40404040404040403,0.6875,1.0,0.4,0.9,0.5,0.8571428571428571,99,64,1.0,1,0
1314899,2022-05-19,Nepal,Uganda,"Tribhuvan University International Cricket Ground, Kirtipur",0.625,0.5416666666666666,0.6,0.4,0.7,0.3,0.0,64,48,0.75,1,0
1314900,2022-05-20,Nepal,Uganda,"Tribhuvan University International Cricket Ground, Kirtipur",0.6153846153846154,0.5510204081632653,0.4,0.6,0.6,0.3,0.0,65,49,0.6923076923076923,1,1
1310188,2022-05-20,Jersey,Guernsey,"College Field, St Peter Port",0.75,0.5555555555555556,1.0,0.6,0.8,0.5555555555555556,0.5,16,9,0.5,1,1
1314901,2022-05-21,Nepal,Uganda,"Tribhuvan University International Cricket Ground, Kirtipur",0.6212121212121212,0.54,0.4,0.6,0.7,0.3,0.25,66,50,0.7142857142857143,1,1
1310940,2022-05-21,Namibia,Zimbabwe,"Queens Sports Club, Bulawayo",0.6923076923076923,0.4,0.4,0.8,0.6,0.8,0.25,65,100,0.5,1,0
1310941,2022-05-22,Zimbabwe,Namibia,"Queens Sports Club, Bulawayo",0.40594059405940597,0.6818181818181818,0.8,0.4,0.8,0.5,0.7777777777777778,101,66,0.6666666666666666,1,0
1310981,2022-05-24,Sri Lanka,Pakistan,"Southend Club Cricket Stadium, Karachi",0.391304347826087,0.5490196078431373,0.2,0.8,0.4,0.8,0.37037037037037035,207,255,0.5,1,0
1310942,2022-05-24,Namibia,Zimbabwe,"Queens Sports Club, Bulawayo",0.6865671641791045,0.4019607843137255,0.4,0.6,0.5,0.8,0.3,67,102,0.5,1,1
1310982,2022-05-26,Sri Lanka,Pakistan,"Southend Club Cricket Stadium, Karachi",0.3894230769230769,0.55078125,0.2,0.8,0.3,0.8,0.35714285714285715,208,256,0.0,1,0
1310983,2022-05-28,Sri Lanka,Pakistan,"Southend Club Cricket Stadium, Karachi",0.3875598086124402,0.5525291828793775,0.0,0.8,0.2,0.8,0.3448275862068966,209,257,0.0,1,0
1316642,2022-06-03,Ireland,South Africa,"Pembroke Cricket Club, Sandymount, Dublin",0.46099290780141844,0.5409090909090909,0.6,0.8,0.6,0.8,0.0,141,220,0.5,1,1
1316643,2022-06-06,Ireland,South Africa,"Pembroke Cricket Club, Sandymount, Dublin",0.4647887323943662,0.5384615384615384,0.8,0.8,0.7,0.7,0.14285714285714285,142,221,1.0,1,0
1307293,2022-06-07,Sri Lanka,Australia,"R Premadasa Stadium, Colombo",0.38571428571428573,0.6213991769547325,0.0,0.8,0.1,0.9,0.3333333333333333,210,243,0.3333333333333333,1,0
1316644,2022-06-08,Ireland,South Africa,"Pembroke Cricket Club, Sandymount, Dublin",0.46153846153846156,0.5405405405405406,0.6,0.8,0.6,0.8,0.125,143,222,0.5,1,0
1307294,2022-06-08,Sri Lanka,Australia,"R Premadasa Stadium, Colombo",0.38388625592417064,0.6229508196721312,0.0,0.8,0.1,0.9,0.32142857142857145,211,244,0.2857142857142857,1,0
1318357,2022-06-09,Germany,Austria,Bayer Uerdingen Cricket Ground,0.6136363636363636,0.25,0.2,0.4,0.4,0.25,1.0,44,8,0.875,1,1
1318358,2022-06-09,Sweden,Germany,Bayer Uerdingen Cricket Ground,0.5714285714285714,0.6222222222222222,0.6,0.4,0.5714285714285714,0.4,0.5,7,45,0.5,1,0
1318375,2022-06-09,Brazil,Nigeria,Gahanga International Cricket Stadium. Rwanda,1.0,0.2777777777777778,1.0,0.0,1.0,0.4,0.5,1,36,0.5,1,0
1318373,2022-06-09,Rwanda,Uganda,Gahanga International Cricket Stadium. Rwanda,0.4583333333333333,0.5294117647058824,0.4,0.6,0.4,0.3,0.0,24,51,0.4666666666666667,1,0
1278687,2022-06-09,India,South Africa,"Arun Jaitley Stadium, Delhi",0.6052631578947368,0.5426008968609866,1.0,0.8,0.9,0.8,0.6153846153846154,228,223,0.5,1,0
1318359,2022-06-10,Austria,Germany,Bayer Uerdingen Cricket Ground,0.2222222222222222,0.6304347826086957,0.4,0.6,0.2222222222222222,0.4,0.0,9,46,0.0,1,1
1318379,2022-06-10,Germany,Nigeria,Integrated Polytechnic Regional Centre,0.6170212765957447,0.2972972972972973,0.6,0.2,0.4,0.4,0.5,47,37,0.5,1,0
1318378,2022-06-10,Rwanda,Brazil,Gahanga International Cricket Stadium. Rwanda,0.44,0.5,0.4,0.5,0.4,0.5,0.5,25,2,0.4375,1,1
1318377,2022-06-10,Tanzania,Botswana,Integrated Polytechnic Regional Centre,0.7368421052631579,0.2692307692307692,0.4,0.6,0.7,0.5,1.0,19,26,1.0,1,1
1318376,2022-06-10,Uganda,Kenya,Gahanga International Cricket Stadium. Rwanda,0.5384615384615384,0.4666666666666667,0.6,0.0,0.4,0.4,0.5,52,45,0.875,1,0
1318360,2022-06-10,Austria,Sweden,Bayer Uerdingen Cricket Ground,0.3,0.5,0.6,0.6,0.3,0.5,0.5,10,8,0.5,1,1
1318381,2022-06-11,Uganda,Tanzania,Integrated Polytechnic Regional Centre,0.5283018867924528,0.75,0.4,0.4,0.4,0.7,0.5,53,20,0.8571428571428571,1,0
1318361,2022-06-11,Austria,Sweden,Bayer Uerdingen Cricket Ground,0.36363636363636365,0.4444444444444444,0.6,0.6,0.4,0.4444444444444444,1.0,11,9,0.6666666666666666,1,1
1318383,2022-06-11,Botswana,Nigeria,Integrated Polytechnic Regional Centre,0.25925925925925924,0.3157894736842105,0.6,0.4,0.5,0.4,0.0,27,38,0.0,1,0
1318382,2022-06-11,Rwanda,Kenya,Gahanga International Cricket Stadium. Rwanda,0.46153846153846156,0.4782608695652174,0.6,0.2,0.4,0.4,0.0,26,46,0.47058823529411764,1,0
1318380,2022-06-11,Brazil,Germany,Gahanga International Cricket Stadium. Rwanda,0.3333333333333333,0.6041666666666666,0.3333333333333333,0.6,0.3333333333333333,0.3,0.5,3,48,0.0,1,1
1318362,2022-06-11,Germany,Sweden,Bayer Uerdingen Cricket Ground,0.5918367346938775,0.4,0.4,0.4,0.3,0.4,1.0,49,10,0.8181818181818182,1,1
1307295,2022-06-11,Australia,Sri Lanka,Pallekele International Cricket Stadium,0.6244897959183674,0.38207547169811323,0.8,0.0,0.9,0.1,0.6896551724137931,245,212,0.3333333333333333,1,0
1278688,2022-06-12,India,South Africa,"Barabati Stadium, Cuttack",0.6026200873362445,0.5446428571428571,0.8,0.8,0.8,0.8,0.5925925925925926,229,224,0.5,1,0
1278689,2022-06-14,India,South Africa,"Dr. Y.S. Rajasekhara Reddy ACA-VDCA Cricket Stadium, Visakhapatnam",0.6,0.5466666666666666,0.6,0.8,0.7,0.8,0.5714285714285714,230,225,0.5,1,1
1318396,2022-06-15,Kenya,Brazil,Integrated Polytechnic Regional Centre,0.48936170212765956,0.5,0.4,0.5,0.5,0.5,0.5,47,4,0.75,1,1
1318395,2022-06-15,Nigeria,Tanzania,Gahanga International Cricket Stadium. Rwanda,0.3333333333333333,0.7619047619047619,0.6,0.6,0.4,0.7,0.0,39,21,0.2222222222222222,1,0
1318394,2022-06-15,Uganda,Germany,Integrated Polytechnic Regional Centre,0.5185185185185185,0.6,0.2,0.4,0.4,0.4,0.5,54,50,0.75,1,1
1318393,2022-06-15,Botswana,Rwanda,Gahanga International Cricket Stadium. Rwanda,0.25,0.4444444444444444,0.4,0.4,0.5,0.3,0.5,28,27,0.42857142857142855,1,0
1278690,2022-06-17,India,South Africa,"Saurashtra Cricket Association Stadium, Rajkot",0.6017316017316018,0.5442477876106194,0.6,0.8,0.7,0.8,0.5862068965517241,231,226,0.5,1,1
1320191,2022-06-17,Nepal,Bhutan,"UKM-YSD Cricket Oval, Bangi",0.6268656716417911,0.14285714285714285,0.4,0.2,0.7,0.14285714285714285,1.0,67,7,0.5,1,1
1320190,2022-06-17,Malaysia,Singapore,"Kinrara Academy Oval, Kuala Lumpur",0.3877551020408163,0.5,0.4,0.6,0.3,0.5,0.6,49,18,0.25,1,1
1320197,2022-06-18,Nepal,Kuwait,"Kinrara Academy Oval, Kuala Lumpur",0.6323529411764706,0.28,0.6,0.4,0.7,0.2,1.0,68,25,0.5,1,1
1320196,2022-06-18,Qatar,Malaysia,"UKM-YSD Cricket Oval, Bangi",0.375,0.4,0.4,0.4,0.4,0.4,1.0,16,50,0.5,1,0
1320195,2022-06-18,Hong Kong,Bhutan,"UKM-YSD Cricket Oval, Bangi",0.35185185185185186,0.125,0.2,0.0,0.4,0.125,1.0,54,8,0.5,1,1
1320194,2022-06-18,Singapore,United Arab Emirates,"Kinrara Academy Oval, Kuala Lumpur",0.47368421052631576,0.6301369863013698,0.6,1.0,0.5,1.0,0.5,19,73,0.0,1,0
1318404,2022-06-18,Tanzania,Kenya,Gahanga International Cricket Stadium. Rwanda,0.7727272727272727,0.5,0.8,0.6,0.7,0.5,0.5,22,48,0.7,1,1
1320198,2022-06-19,Bahrain,Hong Kong,"Kinrara Academy Oval, Kuala Lumpur",0.5714285714285714,0.36363636363636365,0.4,0.2,0.6,0.5,0.5,14,55,0.5,1,0
1320199,2022-06-19,Oman,Qatar,"UKM-YSD Cricket Oval, Bangi",0.45652173913043476,0.35294117647058826,0.6,0.4,0.6,0.3,1.0,46,17,0.5,1,0
1320200,2022-06-20,United Arab Emirates,Malaysia,"UKM-YSD Cricket Oval, Bangi",0.6351351351351351,0.4117647058823529,1.0,0.4,1.0,0.4,1.0,74,51,0.5,1,1
1320202,2022-06-20,Oman,Singapore,"Kinrara Academy Oval, Kuala Lumpur",0.44680851063829785,0.45,0.6,0.6,0.5,0.4,0.5,47,20,0.5,1,0
1320201,2022-06-20,Bahrain,Nepal,"Kinrara Academy Oval, Kuala Lumpur",0.5333333333333333,0.6376811594202898,0.4,0.8,0.5,0.7,0.5,15,69,0.0,1,0
1320205,2022-06-21,Nepal,Hong Kong,"Kinrara Academy Oval, Kuala Lumpur",0.6428571428571429,0.375,1.0,0.4,0.7,0.5,0.5,70,56,1.0,1,0
1320204,2022-06-21,Bhutan,Kuwait,"Kinrara Academy Oval, Kuala Lumpur",0.1111111111111111,0.2692307692307692,0.0,0.2,0.1111111111111111,0.2,1.0,9,26,0.5,1,0
1320203,2022-06-21,Singapore,Qatar,"UKM-YSD Cricket Oval, Bangi",0.47619047619047616,0.3888888888888889,0.6,0.4,0.4,0.3,1.0,21,18,0.5,1,0
1320208,2022-06-22,United Arab Emirates,Qatar,"Kinrara Academy Oval, Kuala Lumpur",0.64,0.42105263157894735,1.0,0.6,1.0,0.4,1.0,75,19,1.0,1,1
1320209,2022-06-22,Bhutan,Bahrain,"UKM-YSD Cricket Oval, Bangi",0.1,0.5,0.0,0.4,0.1,0.4,0.5,10,16,0.0,1,1
1320206,2022-06-22,Malaysia,Oman,"Kinrara Academy Oval, Kuala Lumpur",0.40384615384615385,0.4375,0.4,0.4,0.4,0.5,0.5,52,48,0.4,1,1
1320207,2022-06-22,Hong Kong,Kuwait,"UKM-YSD Cricket Oval, Bangi",0.38596491228070173,0.2962962962962963,0.6,0.4,0.6,0.3,1.0,57,27,1.0,1,1
1319709,2022-06-23,India,Sri Lanka,Rangiri Dambulla International Stadium,0.603448275862069,0.38497652582159625,0.6,0.2,0.8,0.2,0.7419354838709677,232,213,0.5,1,1
1320211,2022-06-24,Malaysia,Hong Kong,"Kinrara Academy Oval, Kuala Lumpur",0.41509433962264153,0.39655172413793105,0.6,0.8,0.5,0.6,0.7142857142857143,53,58,0.5,1,1
1317136,2022-06-24,Serbia,Bulgaria,"National Sports Academy, Sofia",0.0,0.21428571428571427,0.0,0.2,0.0,0.2,0.5,3,14,0.0,1,0
1320212,2022-06-25,Malaysia,United Arab Emirates,"Kinrara Academy Oval, Kuala Lumpur",0.42592592592592593,0.6447368421052632,0.8,1.0,0.6,1.0,0.0,54,76,0.5714285714285714,1,0
1317137,2022-06-25,Serbia,Bulgaria,"National Sports Academy, Sofia",0.0,0.26666666666666666,0.0,0.4,0.0,0.3,0.0,4,15,0.0,1,0
1320997,2022-06-25,Jersey,Guernsey,"Grainville, St Saviour",0.7647058823529411,0.5,1.0,0.4,0.8,0.5,1.0,17,10,0.5,1,1
1317138,2022-06-25,Serbia,Bulgaria,"National Sports Academy, Sofia",0.0,0.3125,0.0,0.6,0.0,0.4,0.0,5,16,0.0,1,0
1319710,2022-06-25,Sri Lanka,India,Rangiri Dambulla International Stadium,0.38317757009345793,0.6051502145922747,0.2,0.6,0.1,0.8,0.25,214,233,0.0,1,0
1303307,2022-06-26,Ireland,India,"The Village, Malahide, Dublin",0.4583333333333333,0.6068376068376068,0.4,0.8,0.5,0.8,0.0,144,234,0.4,1,0
1317139,2022-06-26,Serbia,Bulgaria,"National Sports Academy, Sofia",0.0,0.35294117647058826,0.0,0.8,0.0,0.5,0.0,6,17,0.0,1,0
1319711,2022-06-27,India,Sri Lanka,Rangiri Dambulla International Stadium,0.6085106382978723,0.3813953488372093,1.0,0.2,0.8,0.1,0.7575757575757576,235,215,1.0,1,0
1321311,2022-06-28,Malaysia,Singapore,"Indian Association Ground, Singapore",0.41818181818181815,0.45454545454545453,0.6,0.4,0.5,0.4,0.6666666666666666,55,22,0.5,1,0
1303308,2022-06-28,India,Ireland,"The Village, Malahide, Dublin",0.6059322033898306,0.45517241379310347,0.8,0.2,0.7,0.5,1.0,236,145,1.0,1,1
1321335,2022-06-28,Netherlands,Namibia,"Sportpark Harga, Schiedam",0.4823529411764706,0.6911764705882353,0.2,0.6,0.3,0.5,0.6666666666666666,85,68,0.5,1,1
1320969,2022-06-28,Gibraltar,Belgium,"Meersen, Gent",0.06666666666666667,0.75,0.2,0.6,0.1,0.75,0.5,15,8,0.5,1,0
1320974,2022-06-29,Denmark,Gibraltar,"Royal Brussels Cricket Club Ground, Waterloo",0.3125,0.0625,0.4,0.2,0.3,0.1,0.5,16,16,0.5,1,1
1320975,2022-06-29,Israel,Spain,"Meersen, Gent",0.5,0.7692307692307693,0.5,0.8,0.5,0.7,0.5,0,13,0.5,0,0
1320976,2022-06-29,Hungary,Belgium,"Royal Brussels Cricket Club Ground, Waterloo",0.5,0.7777777777777778,0.4,0.8,0.5,0.7777777777777778,0.5,10,9,0.5,1,0
1321312,2022-06-29,Malaysia,Singapore,"Indian Association Ground, Singapore",0.4107142857142857,0.4782608695652174,0.4,0.4,0.4,0.5,0.5714285714285714,56,23,0.0,1,1
1320973,2022-06-29,Portugal,Malta,"Meersen, Gent",0.5,0.631578947368421,0.5,0.8,0.5,0.7,0.5,4,19,0.5,1,1
1321336,2022-06-30,Namibia,Netherlands,"Sportpark Westvliet, Voorburg",0.6811594202898551,0.4883720930232558,0.6,0.2,0.5,0.4,0.25,69,86,0.5,1,0
1322176,2022-06-30,Netherlands,Namibia,"Sportpark Westvliet, Voorburg",0.4942528735632184,0.6714285714285714,0.4,0.4,0.5,0.4,0.8,87,70,1.0,1,0
1321313,2022-06-30,Singapore,Malaysia,"Indian Association Ground, Singapore",0.4583333333333333,0.42105263157894735,0.4,0.6,0.5,0.5,0.375,24,57,0.5,1,0
1320977,2022-07-01,Portugal,Spain,"Meersen, Gent",0.6,0.7857142857142857,0.6,0.8,0.6,0.7,0.0,5,14,1.0,1,0
1320978,2022-07-01,Hungary,Gibraltar,"Royal Brussels Cricket Club Ground, Waterloo",0.45454545454545453,0.058823529411764705,0.4,0.2,0.4,0.1,1.0,11,17,0.0,1,0
1320979,2022-07-01,Malta,Israel,"Meersen, Gent",0.6,0.0,0.6,0.0,0.7,0.0,0.5,20,1,0.0,1,1
1321337,2022-07-01,Netherlands,Namibia,"Sportpark Westvliet, Voorburg",0.48863636363636365,0.676056338028169,0.4,0.6,0.4,0.5,0.6666666666666666,88,71,0.5,1,1
1320980,2022-07-01,Belgium,Denmark,"Royal Brussels Cricket Club Ground, Waterloo",0.8,0.35294117647058826,0.8,0.6,0.8,0.3,0.5,10,17,1.0,1,1
1320982,2022-07-02,Belgium,Portugal,"Royal Brussels Cricket Club Ground, Waterloo",0.8181818181818182,0.5,0.8,0.6,0.8,0.5,0.5,11,6,1.0,1,0
1321998,2022-07-02,Malaysia,Bhutan,"UKM-YSD Cricket Oval, Bangi",0.43103448275862066,0.18181818181818182,0.6,0.2,0.6,0.2,1.0,58,11,0.5,1,1
1320984,2022-07-02,Denmark,Spain,"Royal Brussels Cricket Club Ground, Waterloo",0.3333333333333333,0.8,0.6,0.8,0.3,0.8,0.5,18,15,0.5,1,1
1322011,2022-07-02,Singapore,Papua New Guinea,"Indian Association Ground, Singapore",0.44,0.5116279069767442,0.4,0.2,0.5,0.1,0.0,25,43,0.3333333333333333,1,1
1320987,2022-07-03,Gibraltar,Malta,"Royal Brussels Cricket Club Ground, Waterloo",0.1111111111111111,0.6190476190476191,0.2,0.6,0.2,0.7,0.0,18,21,0.5,1,0
1317150,2022-07-03,West Indies,Bangladesh,"Windsor Park, Roseau, Dominica",0.44907407407407407,0.3888888888888889,0.2,0.6,0.3,0.3,0.6666666666666666,216,162,0.5,1,1
1320985,2022-07-03,Israel,Hungary,"Royal Brussels Cricket Club Ground, Waterloo",0.0,0.4166666666666667,0.0,0.2,0.0,0.4,0.5,2,12,0.5,1,1
1322012,2022-07-03,Singapore,Papua New Guinea,"Indian Association Ground, Singapore",0.46153846153846156,0.5,0.4,0.2,0.5,0.1,0.5,26,44,0.5,1,0
1322002,2022-07-04,Bhutan,Maldives,"UKM-YSD Cricket Oval, Bangi",0.16666666666666666,0.15384615384615385,0.2,0.0,0.2,0.1,0.0,12,13,0.25,1,1
1322001,2022-07-04,Thailand,Malaysia,"UKM-YSD Cricket Oval, Bangi",0.5135135135135135,0.4406779661016949,0.4,0.6,0.2,0.7,0.4,37,59,0.5,1,0
1320986,2022-07-04,Spain,Belgium,"Royal Brussels Cricket Club Ground, Waterloo",0.75,0.75,0.6,0.8,0.7,0.7,0.5,16,12,0.0,1,0
1320988,2022-07-04,Portugal,Denmark,"Royal Brussels Cricket Club Ground, Waterloo",0.5714285714285714,0.3684210526315789,0.8,0.8,0.5714285714285714,0.4,0.5,7,19,1.0,1,0
1322003,2022-07-06,Thailand,Bhutan,"UKM-YSD Cricket Oval, Bangi",0.5,0.23076923076923078,0.4,0.4,0.2,0.2,0.5,38,13,0.0,1,0
1322004,2022-07-06,Maldives,Malaysia,"UKM-YSD Cricket Oval, Bangi",0.14285714285714285,0.45,0.0,0.8,0.1,0.7,0.5,14,60,0.0,1,0
1276904,2022-07-07,India,England,"The Rose Bowl, Southampton",0.6075949367088608,0.6291666666666667,0.8,0.4,0.7,0.4,0.3611111111111111,237,240,0.5,1,1
1322005,2022-07-07,Bhutan,Maldives,"UKM-YSD Cricket Oval, Bangi",0.2857142857142857,0.13333333333333333,0.6,0.0,0.3,0.1,0.5,14,15,0.5,1,1
1317151,2022-07-07,Bangladesh,West Indies,"Providence Stadium, Guyana",0.38650306748466257,0.45161290322580644,0.6,0.4,0.3,0.4,0.3125,163,217,0.5,1,0
1322006,2022-07-07,Thailand,Malaysia,"UKM-YSD Cricket Oval, Bangi",0.48717948717948717,0.45901639344262296,0.4,1.0,0.2,0.7,0.3333333333333333,39,61,0.0,1,0
1323550,2022-07-08,Bulgaria,Serbia,Lisicji Jarak Cricket Ground,0.3888888888888889,0.0,1.0,0.0,0.5,0.0,1.0,18,7,0.5,1,0
1321306,2022-07-08,Luxembourg,Czech Republic,"Scott Page Field, Vinor",0.5,0.38461538461538464,0.8,0.6,0.5,0.4,0.5,8,13,0.6666666666666666,1,0
1322018,2022-07-08,Singapore,Malaysia,"Indian Association Ground, Singapore",0.4444444444444444,0.46774193548387094,0.4,1.0,0.4,0.8,0.3333333333333333,27,62,0.4,1,0
1321305,2022-07-08,Luxembourg,Austria,"Scott Page Field, Vinor",0.4444444444444444,0.4166666666666667,0.6,0.8,0.4444444444444444,0.5,1.0,9,12,0.5,1,0
1322007,2022-07-08,Maldives,Thailand,"UKM-YSD Cricket Oval, Bangi",0.125,0.475,0.0,0.4,0.0,0.2,0.5,16,40,0.0,1,1
1323552,2022-07-09,Bulgaria,Serbia,Lisicji Jarak Cricket Ground,0.3684210526315789,0.125,0.8,0.2,0.5,0.125,0.8,19,8,0.0,1,1
1322019,2022-07-09,Malaysia,Singapore,"Indian Association Ground, Singapore",0.47619047619047616,0.42857142857142855,1.0,0.2,0.8,0.3,0.7,63,28,0.75,1,1
1276905,2022-07-09,India,England,"Edgbaston, Birmingham",0.6092436974789915,0.6265560165975104,0.8,0.4,0.7,0.3,0.3783783783783784,238,241,0.5,1,1
1322009,2022-07-09,Bhutan,Thailand,"UKM-YSD Cricket Oval, Bangi",0.3333333333333333,0.4634146341463415,0.8,0.2,0.4,0.2,1.0,15,41,0.5714285714285714,1,1
1321308,2022-07-09,Austria,Luxembourg,"Scott Page Field, Vinor",0.46153846153846156,0.4,0.8,0.4,0.6,0.4,0.5,13,10,0.75,1,1
1323551,2022-07-09,Bulgaria,Serbia,Lisicji Jarak Cricket Ground,0.4,0.1111111111111111,0.8,0.2,0.6,0.1111111111111111,0.8333333333333334,20,9,0.5,1,0
1321307,2022-07-09,Czech Republic,Austria,"Scott Page Field, Vinor",0.42857142857142855,0.5,0.8,1.0,0.5,0.7,0.0,14,14,0.4,1,0
1321310,2022-07-10,Austria,Czech Republic,"Scott Page Field, Vinor",0.5333333333333333,0.4,1.0,0.6,0.8,0.5,1.0,15,15,0.8333333333333334,1,0
1321309,2022-07-10,Czech Republic,Luxembourg,"Scott Page Field, Vinor",0.4375,0.36363636363636365,0.8,0.2,0.6,0.4,0.6666666666666666,16,11,0.42857142857142855,1,1
1322020,2022-07-10,Malaysia,Singapore,"Indian Association Ground, Singapore",0.484375,0.41379310344827586,1.0,0.2,0.8,0.3,0.7272727272727273,64,29,0.8,1,1
1276906,2022-07-10,England,India,"Trent Bridge, Nottingham",0.6239669421487604,0.6108786610878661,0.2,0.8,0.2,0.8,0.6052631578947368,242,239,0.0,1,1
1322010,2022-07-11,Bhutan,Malaysia,"UKM-YSD Cricket Oval, Bangi",0.375,0.49230769230769234,0.8,1.0,0.5,0.9,0.0,16,65,0.625,1,0
1321468,2022-07-11,Hong Kong,Uganda,Bulawayo Athletic Club,0.3898305084745763,0.5272727272727272,0.8,0.4,0.5,0.5,0.5,59,55,0.5,1,0
1321467,2022-07-11,Netherlands,Papua New Guinea,"Queens Sports Club, Bulawayo",0.4943820224719101,0.5111111111111111,0.6,0.4,0.4,0.2,0.3333333333333333,89,45,0.5,1,1
1321466,2022-07-11,Jersey,United States of America,Bulawayo Athletic Club,0.7777777777777778,0.5238095238095238,1.0,0.8,0.9,0.7,0.5,18,21,0.5,1,0
1321465,2022-07-11,Zimbabwe,Singapore,"Queens Sports Club, Bulawayo",0.39805825242718446,0.4,0.4,0.2,0.7,0.3,0.5,103,30,0.4,1,1
1321472,2022-07-12,Uganda,Papua New Guinea,Bulawayo Athletic Club,0.5357142857142857,0.5,0.6,0.4,0.6,0.2,0.5,56,46,1.0,1,0
1321471,2022-07-12,Hong Kong,Netherlands,"Queens Sports Club, Bulawayo",0.38333333333333336,0.5,0.6,0.8,0.4,0.5,0.5,60,90,0.5,1,0
1321470,2022-07-12,United States of America,Singapore,Bulawayo Athletic Club,0.5454545454545454,0.3870967741935484,0.8,0.0,0.8,0.2,0.5,22,31,1.0,1,1
1321469,2022-07-12,Zimbabwe,Jersey,"Queens Sports Club, Bulawayo",0.40384615384615385,0.7368421052631579,0.4,0.8,0.7,0.9,0.5,104,19,0.5,1,1
1321258,2022-07-12,Cyprus,Isle of Man,Kerava National Cricket Ground,0.6,0.8,0.6,0.8,0.6,0.8,0.0,5,5,0.5,1,0
1321259,2022-07-12,Finland,Sweden,Tikkurila Cricket Ground,0.42857142857142855,0.36363636363636365,0.2,0.2,0.42857142857142855,0.3,0.5,7,11,0.5,1,1
1321260,2022-07-12,Romania,Turkey,Kerava National Cricket Ground,0.8235294117647058,0.5,0.8,0.5,0.8,0.5,0.5,17,0,0.5,0,1
1321264,2022-07-13,Finland,Italy,Kerava National Cricket Ground,0.5,0.5,0.4,0.4,0.5,0.5,0.5,8,10,0.5,1,0
1321263,2022-07-13,Isle of Man,Serbia,Tikkurila Cricket Ground,0.8333333333333334,0.2,1.0,0.4,0.8333333333333334,0.2,0.5,6,10,0.5,1,1
1321262,2022-07-13,Croatia,Sweden,Kerava National Cricket Ground,0.5,0.3333333333333333,0.5,0.0,0.5,0.3,0.5,0,12,0.5,0,0
1321261,2022-07-13,Cyprus,Romania,Tikkurila Cricket Ground,0.5,0.8333333333333334,0.4,1.0,0.5,0.8,0.5,6,18,0.5,1,1
1321474,2022-07-14,Papua New Guinea,Hong Kong,Bulawayo Athletic Club,0.5106382978723404,0.3770491803278688,0.4,0.4,0.3,0.4,0.5,47,61,1.0,1,0
1321473,2022-07-14,Netherlands,Uganda,"Queens Sports Club, Bulawayo",0.5054945054945055,0.5263157894736842,0.8,0.4,0.5,0.5,0.0,91,57,1.0,1,1
1321475,2022-07-14,Zimbabwe,United States of America,"Queens Sports Club, Bulawayo",0.4095238095238095,0.5652173913043478,0.6,0.8,0.7,0.8,0.5,105,23,0.5714285714285714,1,1
1321268,2022-07-15,Romania,Isle of Man,Kerava National Cricket Ground,0.7894736842105263,0.8571428571428571,0.8,1.0,0.7,0.8571428571428571,0.5,19,7,1.0,1,0
1321477,2022-07-15,Uganda,Jersey,"Queens Sports Club, Bulawayo",0.5172413793103449,0.7,0.4,0.6,0.4,0.8,0.5,58,20,0.0,1,1
1321478,2022-07-15,Singapore,Hong Kong,Bulawayo Athletic Club,0.375,0.3870967741935484,0.0,0.4,0.2,0.5,1.0,32,62,0.0,1,0
1321479,2022-07-15,Zimbabwe,Papua New Guinea,"Queens Sports Club, Bulawayo",0.41509433962264153,0.5,0.6,0.4,0.7,0.3,0.5,106,48,0.625,1,1
1321480,2022-07-15,United States of America,Netherlands,Bulawayo Athletic Club,0.5416666666666666,0.5108695652173914,0.6,0.8,0.7,0.6,0.5,24,92,1.0,1,0
1321265,2022-07-15,Italy,Sweden,Tikkurila Cricket Ground,0.5454545454545454,0.38461538461538464,0.6,0.2,0.5,0.4,0.5,11,13,0.5,1,1
1321266,2022-07-15,Turkey,Serbia,Kerava National Cricket Ground,0.0,0.18181818181818182,0.0,0.4,0.0,0.2,0.5,1,11,0.0,1,0
1321267,2022-07-15,Croatia,Greece,Tikkurila Cricket Ground,0.0,0.5,0.0,0.5,0.0,0.5,0.5,1,2,0.5,1,1
1321269,2022-07-16,Romania,Serbia,Tikkurila Cricket Ground,0.75,0.25,0.6,0.6,0.6,0.3,1.0,20,12,0.0,1,1
1321271,2022-07-16,Cyprus,Turkey,Tikkurila Cricket Ground,0.5714285714285714,0.0,0.4,0.0,0.5714285714285714,0.0,0.5,7,2,1.0,1,1
1321270,2022-07-16,Finland,Greece,Kerava National Cricket Ground,0.4444444444444444,0.3333333333333333,0.4,0.3333333333333333,0.4444444444444444,0.3333333333333333,0.5,9,3,0.4,1,1
1321272,2022-07-16,Italy,Croatia,Kerava National Cricket Ground,0.5833333333333334,0.5,0.8,0.5,0.5,0.5,0.5,12,2,1.0,1,1
1321481,2022-07-17,Uganda,Hong Kong,"Queens Sports Club, Bulawayo",0.5254237288135594,0.3968253968253968,0.6,0.4,0.4,0.6,1.0,59,63,0.5,1,1
1321482,2022-07-17,Singapore,Jersey,Bulawayo Athletic Club,0.36363636363636365,0.6666666666666666,0.0,0.4,0.1,0.7,0.5,33,21,0.0,1,0
1317636,2022-07-17,Ireland,Australia,"Bready Cricket Club, Magheramason, Bready",0.4520547945205479,0.6219512195121951,0.2,0.6,0.4,0.8,0.0,146,246,0.6666666666666666,1,0
1321484,2022-07-17,Zimbabwe,Netherlands,"Queens Sports Club, Bulawayo",0.4205607476635514,0.5161290322580645,0.8,1.0,0.7,0.7,0.5,107,93,0.6666666666666666,1,1
1321483,2022-07-17,Papua New Guinea,United States of America,Bulawayo Athletic Club,0.4897959183673469,0.52,0.4,0.4,0.3,0.7,1.0,49,25,0.5,1,1
1303312,2022-07-18,New Zealand,Ireland,"Civil Service Cricket Club, Stormont, Belfast",0.5395348837209303,0.4489795918367347,0.2,0.0,0.5,0.4,1.0,215,147,0.5,1,1
1321276,2022-07-18,Isle of Man,Turkey,Kerava National Cricket Ground,0.875,0.0,1.0,0.0,0.875,0.0,0.5,8,3,1.0,1,1
1321273,2022-07-18,Sweden,Greece,Tikkurila Cricket Ground,0.35714285714285715,0.25,0.2,0.25,0.4,0.25,0.5,14,4,0.0,1,1
1321274,2022-07-18,Cyprus,Serbia,Kerava National Cricket Ground,0.625,0.23076923076923078,0.6,0.4,0.625,0.3,0.5,8,13,0.0,1,0
1321275,2022-07-18,Croatia,Finland,Tikkurila Cricket Ground,0.3333333333333333,0.5,0.3333333333333333,0.4,0.3333333333333333,0.5,0.5,3,10,1.0,1,0
1321278,2022-07-19,Finland,Cyprus,Kerava National Cricket Ground,0.5454545454545454,0.5555555555555556,0.6,0.6,0.5,0.5555555555555556,0.5,11,9,0.5,1,1
1317637,2022-07-19,Pakistan,Ireland,"Bready Cricket Club, Magheramason, Bready",0.5542635658914729,0.44594594594594594,0.8,0.0,0.9,0.3,0.8333333333333334,258,148,0.5,1,1
1321277,2022-07-19,Serbia,Croatia,Tikkurila Cricket Ground,0.2857142857142857,0.25,0.6,0.25,0.4,0.25,0.5,14,4,0.0,1,0
1321279,2022-07-19,Romania,Sweden,Tikkurila Cricket Ground,0.7619047619047619,0.4,0.6,0.4,0.6,0.4,0.5,21,15,0.5,1,0
1321280,2022-07-19,Isle of Man,Italy,Kerava National Cricket Ground,0.8888888888888888,0.6153846153846154,1.0,0.8,0.8888888888888888,0.6,0.5,9,13,1.0,1,0
1303313,2022-07-20,New Zealand,Ireland,"Civil Service Cricket Club, Stormont, Belfast",0.5416666666666666,0.4429530201342282,0.4,0.0,0.6,0.2,1.0,216,149,1.0,1,1
1317638,2022-07-21,Australia,Ireland,"Bready Cricket Club, Magheramason, Bready",0.6234817813765182,0.44,0.8,0.0,0.8,0.1,1.0,247,150,1.0,1,1
1301331,2022-07-21,South Africa,England,"County Ground, Chelmsford",0.5418502202643172,0.6255144032921811,0.6,0.4,0.7,0.3,0.3870967741935484,227,243,0.5,1,0
1303314,2022-07-22,Ireland,New Zealand,"Civil Service Cricket Club, Stormont, Belfast",0.4370860927152318,0.543778801843318,0.0,0.6,0.1,0.6,0.0,151,217,0.375,1,0
1301332,2022-07-23,South Africa,England,"County Ground, New Road, Worcester",0.5394736842105263,0.6270491803278688,0.4,0.4,0.6,0.4,0.375,228,244,0.5,1,0
1321282,2022-07-24,Estonia,Norway,Kerava National Cricket Ground,0.0,0.21428571428571427,0.0,0.2,0.0,0.3,0.5,5,14,0.5,1,0
1321281,2022-07-24,Austria,Luxembourg,Tikkurila Cricket Ground,0.5,0.3333333333333333,0.8,0.0,0.7,0.4,0.6666666666666666,16,12,0.5,1,1
1321284,2022-07-24,France,Czech Republic,Kerava National Cricket Ground,0.09090909090909091,0.47058823529411764,0.0,0.8,0.1,0.7,0.5,11,17,0.5,1,1
1321283,2022-07-24,Guernsey,Bulgaria,Tikkurila Cricket Ground,0.45454545454545453,0.38095238095238093,0.4,0.6,0.5,0.6,0.5,11,21,0.5,1,1
1321287,2022-07-25,France,Switzerland,Tikkurila Cricket Ground,0.16666666666666666,0.75,0.2,0.75,0.2,0.75,0.5,12,4,0.5,1,0
1321288,2022-07-25,Guernsey,Luxembourg,Kerava National Cricket Ground,0.5,0.3076923076923077,0.6,0.0,0.6,0.4,0.5,12,13,0.5,1,1
1301333,2022-07-25,England,South Africa,"County Ground, Derby",0.6285714285714286,0.537117903930131,0.6,0.2,0.5,0.5,0.6363636363636364,245,229,0.5,1,1
1321286,2022-07-25,Austria,Slovenia,Kerava National Cricket Ground,0.5294117647058824,0.5,0.8,0.5,0.8,0.5,0.5,17,0,0.5,0,1
1276913,2022-07-27,England,South Africa,"County Ground, Bristol",0.6300813008130082,0.5347826086956522,0.8,0.0,0.6,0.4,0.6470588235294118,246,230,0.5,1,1
1307477,2022-07-27,New Zealand,Scotland,"Grange Cricket Club Ground, Raeburn Place, Edinburgh",0.5458715596330275,0.5357142857142857,0.8,0.4,0.6,0.4,1.0,218,84,0.5,1,1
1321291,2022-07-27,Slovenia,Bulgaria,Tikkurila Cricket Ground,0.0,0.36363636363636365,0.0,0.4,0.0,0.6,0.5,1,22,0.5,1,0
1321290,2022-07-27,Switzerland,Estonia,Kerava National Cricket Ground,0.8,0.0,0.8,0.0,0.8,0.0,0.5,5,6,0.5,1,1
1321289,2022-07-27,Guernsey,Austria,Tikkurila Cricket Ground,0.5384615384615384,0.5555555555555556,0.6,0.8,0.6,0.8,0.5,13,18,1.0,1,0
1321292,2022-07-27,France,Norway,Kerava National Cricket Ground,0.15384615384615385,0.26666666666666666,0.2,0.4,0.2,0.4,0.5,13,15,1.0,1,1
1276914,2022-07-28,South Africa,England,"Sophia Gardens, Cardiff",0.5324675324675324,0.631578947368421,0.0,1.0,0.4,0.6,0.34285714285714286,231,247,0.5,1,1
1321296,2022-07-28,Slovenia,Guernsey,Kerava National Cricket Ground,0.0,0.5,0.0,0.4,0.0,0.5,0.5,2,14,0.0,1,0
1321295,2022-07-28,Czech Republic,Estonia,Tikkurila Cricket Ground,0.4444444444444444,0.0,0.6,0.0,0.6,0.0,0.5,18,7,0.5,1,1
1321294,2022-07-28,Luxembourg,Bulgaria,Kerava National Cricket Ground,0.2857142857142857,0.391304347826087,0.0,0.4,0.3,0.7,1.0,14,23,0.0,1,1
1321293,2022-07-28,Norway,Switzerland,Tikkurila Cricket Ground,0.25,0.8333333333333334,0.2,0.8,0.4,0.8333333333333334,0.5,16,6,0.5,1,1
1307478,2022-07-29,New Zealand,Scotland,"Grange Cricket Club Ground, Raeburn Place, Edinburgh",0.547945205479452,0.5294117647058824,1.0,0.4,0.6,0.3,1.0,219,85,1.0,1,1
1289259,2022-07-29,India,Australia,"Edgbaston, Birmingham",0.6083333333333333,0.625,0.6,0.8,0.8,0.8,0.4722222222222222,240,248,1.0,1,0
1289260,2022-07-29,Barbados,Pakistan,"Edgbaston, Birmingham",0.5,0.555984555984556,0.5,0.8,0.5,0.9,0.5,0,259,0.5,0,1
1317903,2022-07-29,India,West Indies,"Brian Lara Stadium, Tarouba, Trinidad",0.6058091286307054,0.4541284403669725,0.6,0.4,0.7,0.5,0.7307692307692307,241,218,0.5,1,1
1289261,2022-07-30,New Zealand,South Africa,"Edgbaston, Birmingham",0.55,0.5344827586206896,1.0,0.2,0.6,0.4,0.4583333333333333,220,232,0.5,1,1
1289262,2022-07-30,Sri Lanka,England,"Edgbaston, Birmingham",0.38425925925925924,0.6290322580645161,0.4,0.8,0.2,0.6,0.23529411764705882,216,248,0.5,1,0
1323295,2022-07-30,Zimbabwe,Bangladesh,Harare Sports Club,0.42592592592592593,0.38414634146341464,1.0,0.4,0.7,0.3,0.3333333333333333,108,164,0.18518518518518517,1,1
1321298,2022-07-30,Switzerland,Czech Republic,Kerava National Cricket Ground,0.7142857142857143,0.47368421052631576,0.6,0.6,0.7142857142857143,0.7,0.5,7,19,1.0,1,0
1321299,2022-07-30,Luxembourg,Slovenia,Tikkurila Cricket Ground,0.3333333333333333,0.0,0.2,0.0,0.3,0.0,0.5,15,3,0.0,1,1
1289263,2022-07-31,Pakistan,India,"Edgbaston, Birmingham",0.5538461538461539,0.6074380165289256,0.8,0.6,0.8,0.7,0.25,260,242,0.0,1,0
1321302,2022-07-31,Guernsey,France,Kerava National Cricket Ground,0.5333333333333333,0.21428571428571427,0.6,0.4,0.5,0.2,0.5,15,14,1.0,1,1
1321303,2022-07-31,Luxembourg,Switzerland,Tikkurila Cricket Ground,0.375,0.625,0.4,0.4,0.3,0.625,0.5,16,8,0.5,1,1
1289264,2022-07-31,Barbados,Australia,"Edgbaston, Birmingham",1.0,0.6265060240963856,1.0,0.8,1.0,0.8,0.5,1,249,1.0,1,0
1276915,2022-07-31,South Africa,England,"The Rose Bowl, Southampton",0.5321888412017167,0.6305220883534136,0.2,0.8,0.3,0.6,0.3611111111111111,233,249,0.5,1,1
1321304,2022-07-31,Norway,Austria,Kerava National Cricket Ground,0.29411764705882354,0.5789473684210527,0.4,0.8,0.4,0.9,0.5,17,19,0.5,1,0
1323296,2022-07-31,Zimbabwe,Bangladesh,Harare Sports Club,0.43119266055045874,0.38181818181818183,1.0,0.2,0.7,0.3,0.375,109,165,0.21428571428571427,1,0
1321301,2022-07-31,Bulgaria,Czech Republic,Tikkurila Cricket Ground,0.375,0.5,0.4,0.8,0.6,0.7,0.0,24,20,0.5,1,0
1317904,2022-08-01,India,West Indies,"Warner Park, Basseterre, St Kitts",0.6090534979423868,0.4520547945205479,0.6,0.4,0.7,0.4,0.7407407407407407,243,219,0.5,1,0
1323297,2022-08-02,Zimbabwe,Bangladesh,Harare Sports Club,0.42727272727272725,0.3855421686746988,0.8,0.2,0.7,0.4,0.35294117647058826,110,166,0.20689655172413793,1,1
1317905,2022-08-02,West Indies,India,"Warner Park, Basseterre, St Kitts",0.45454545454545453,0.6065573770491803,0.6,0.4,0.5,0.6,0.2857142857142857,220,244,1.0,1,0
1289265,2022-08-02,England,South Africa,"Edgbaston, Birmingham",0.628,0.5341880341880342,0.6,0.4,0.6,0.3,0.6216216216216216,250,234,0.5,1,1
1289266,2022-08-02,New Zealand,Sri Lanka,"Edgbaston, Birmingham",0.5520361990950227,0.3824884792626728,1.0,0.4,0.7,0.2,0.6666666666666666,221,217,1.0,1,1
1303315,2022-08-03,South Africa,Ireland,"County Ground, Bristol",0.5319148936170213,0.4342105263157895,0.4,0.0,0.2,0.0,0.8888888888888888,235,152,0.0,1,1
1289267,2022-08-03,Australia,Pakistan,"Edgbaston, Birmingham",0.628,0.5517241379310345,0.8,0.6,0.8,0.7,0.6363636363636364,250,261,1.0,1,1
1289268,2022-08-03,India,Barbados,"Edgbaston, Birmingham",0.6081632653061224,0.5,0.6,0.5,0.6,0.5,0.5,245,2,0.6666666666666666,1,1
1310901,2022-08-04,New Zealand,Netherlands,"Sportpark Westvliet, The Hague",0.5540540540540541,0.5106382978723404,1.0,0.8,0.8,0.7,1.0,222,94,0.5,1,1
1289270,2022-08-04,New Zealand,England,"Edgbaston, Birmingham",0.5560538116591929,0.6294820717131474,1.0,0.6,0.9,0.7,0.2727272727272727,223,251,1.0,1,0
1289269,2022-08-04,Sri Lanka,South Africa,"Edgbaston, Birmingham",0.38073394495412843,0.5338983050847458,0.2,0.6,0.2,0.3,0.2962962962962963,218,236,0.0,1,0
1310902,2022-08-05,Netherlands,New Zealand,"Sportpark Westvliet, The Hague",0.5052631578947369,0.5535714285714286,0.6,0.8,0.7,0.9,0.0,95,224,0.0,1,0
1303316,2022-08-05,South Africa,Ireland,"County Ground, Bristol",0.5358649789029536,0.43137254901960786,0.6,0.0,0.4,0.0,0.9,237,153,0.5,1,1
1317906,2022-08-06,India,West Indies,"Central Broward Regional Park Stadium Turf Ground, Lauderhill",0.6097560975609756,0.45248868778280543,0.8,0.6,0.7,0.4,0.7241379310344828,246,221,0.5,1,1
1289272,2022-08-06,New Zealand,Australia,"Edgbaston, Birmingham",0.5555555555555556,0.6294820717131474,0.8,1.0,0.9,0.8,0.3225806451612903,225,251,0.6666666666666666,1,0
1289271,2022-08-06,India,England,"Edgbaston, Birmingham",0.611336032388664,0.6309523809523809,0.8,0.6,0.7,0.8,0.38461538461538464,247,252,0.75,1,1
1317907,2022-08-07,India,West Indies,"Central Broward Regional Park Stadium Turf Ground, Lauderhill",0.6129032258064516,0.45045045045045046,0.8,0.4,0.7,0.4,0.7333333333333333,248,222,1.0,1,1
1289273,2022-08-07,England,New Zealand,"Edgbaston, Birmingham",0.6284584980237155,0.5530973451327433,0.6,0.6,0.7,0.8,0.7352941176470589,253,226,0.6,1,0
1289274,2022-08-07,Australia,India,"Edgbaston, Birmingham",0.6309523809523809,0.6144578313253012,1.0,1.0,0.9,0.7,0.5405405405405406,252,249,1.0,1,1
1317908,2022-08-10,New Zealand,West Indies,"Sabina Park, Kingston, Jamaica",0.5550660792951542,0.4484304932735426,0.6,0.2,0.8,0.3,0.7222222222222222,227,223,0.5,1,1
1317909,2022-08-12,New Zealand,West Indies,"Sabina Park, Kingston, Jamaica",0.5570175438596491,0.44642857142857145,0.6,0.2,0.8,0.3,0.7368421052631579,228,224,1.0,1,1
1328470,2022-08-13,Kuwait,Bahrain,Al Amerat Cricket Ground Oman Cricket (Ministry Turf 1),0.2857142857142857,0.47058823529411764,0.2,0.2,0.3,0.4,0.6666666666666666,28,17,0.3333333333333333,1,1
1317910,2022-08-14,New Zealand,West Indies,"Sabina Park, Kingston, Jamaica",0.5589519650655022,0.4444444444444444,0.8,0.0,0.8,0.3,0.75,229,225,1.0,1,0
1328471,2022-08-14,Bahrain,Kuwait,Al Amerat Cricket Ground Oman Cricket (Ministry Turf 1),0.4444444444444444,0.3103448275862069,0.0,0.4,0.3,0.4,0.25,18,29,0.25,1,0
1328473,2022-08-17,Kuwait,Bahrain,Al Amerat Cricket Ground Oman Cricket (Ministry Turf 1),0.3333333333333333,0.42105263157894735,0.6,0.0,0.5,0.2,0.8,30,19,0.6,1,1
1328849,2022-08-20,Hong Kong,Singapore,Al Amerat Cricket Ground Oman Cricket (Ministry Turf 1),0.390625,0.35294117647058826,0.4,0.0,0.6,0.1,0.5,64,34,0.0,1,1
1328850,2022-08-21,United Arab Emirates,Kuwait,Al Amerat Cricket Ground Oman Cricket (Ministry Turf 1),0.6493506493506493,0.3548387096774194,1.0,0.8,1.0,0.5,1.0,77,31,0.875,1,0
1328851,2022-08-22,United Arab Emirates,Singapore,Al Amerat Cricket Ground Oman Cricket (Ministry Turf 1),0.6410256410256411,0.34285714285714286,0.8,0.0,0.9,0.1,1.0,78,35,0.7777777777777778,1,1
1328852,2022-08-23,Kuwait,Hong Kong,Al Amerat Cricket Ground Oman Cricket (Ministry Turf 1),0.375,0.4,0.8,0.6,0.6,0.6,0.0,32,65,0.7142857142857143,1,0
1328854,2022-08-24,United Arab Emirates,Hong Kong,Al Amerat Cricket Ground Oman Cricket (Ministry Turf 1),0.6455696202531646,0.4090909090909091,0.8,0.8,0.9,0.6,1.0,79,66,0.8,1,0
1328853,2022-08-24,Singapore,Kuwait,Al Amerat Cricket Ground Oman Cricket (Ministry Turf 1),0.3333333333333333,0.36363636363636365,0.0,0.8,0.0,0.5,0.5,36,33,0.0,1,0
1328474,2022-08-25,Kenya,Nepal,"Gymkhana Club Ground, Nairobi",0.4897959183673469,0.6338028169014085,0.6,0.8,0.4,0.6,0.5,49,71,0.5,1,0
1328476,2022-08-28,Kenya,Nepal,"Gymkhana Club Ground, Nairobi",0.48,0.6388888888888888,0.6,0.8,0.3,0.6,0.0,50,72,0.0,1,0
1327270,2022-08-28,Pakistan,India,Dubai International Cricket Stadium,0.549618320610687,0.612,0.4,0.8,0.6,0.7,0.23529411764705882,262,250,0.5769230769230769,1,0
1328477,2022-08-29,Kenya,Nepal,"Gymkhana Club Ground, Nairobi",0.47058823529411764,0.6438356164383562,0.4,0.8,0.3,0.7,0.0,51,73,0.0,1,1
1328478,2022-08-30,Nepal,Kenya,"Gymkhana Club Ground, Nairobi",0.6351351351351351,0.4807692307692308,0.6,0.4,0.7,0.4,0.6666666666666666,74,52,0.6666666666666666,1,1
1327272,2022-08-31,India,Hong Kong,Dubai International Cricket Stadium,0.6135458167330677,0.417910447761194,0.8,0.8,0.8,0.6,0.5,251,67,0.6,1,1
1327273,2022-09-01,Bangladesh,Sri Lanka,Dubai International Cricket Stadium,0.38323353293413176,0.3789954337899543,0.2,0.2,0.4,0.2,0.35294117647058826,167,219,0.0,1,0
1327274,2022-09-02,Pakistan,Hong Kong,Sharjah Cricket Stadium,0.5475285171102662,0.4117647058823529,0.2,0.6,0.5,0.5,0.5,263,68,0.5,1,1
1327276,2022-09-04,India,Pakistan,Dubai International Cricket Stadium,0.6150793650793651,0.5492424242424242,0.8,0.2,0.8,0.5,0.7777777777777778,252,264,0.6666666666666666,1,0
1330807,2022-09-05,Scotland,Ireland,"Grange Cricket Club Ground, Raeburn Place, Edinburgh",0.5232558139534884,0.42857142857142855,0.4,0.0,0.2,0.0,0.3333333333333333,86,154,0.2,1,0
1330808,2022-09-06,Scotland,Ireland,"Grange Cricket Club Ground, Raeburn Place, Edinburgh",0.5172413793103449,0.432258064516129,0.2,0.2,0.2,0.1,0.3125,87,155,0.16666666666666666,1,0
1327277,2022-09-06,India,Sri Lanka,Dubai International Cricket Stadium,0.6126482213438735,0.38181818181818183,0.6,0.4,0.7,0.3,0.7352941176470589,253,220,0.5714285714285714,1,0
1327280,2022-09-09,Pakistan,Sri Lanka,Dubai International Cricket Stadium,0.5509433962264151,0.38461538461538464,0.4,0.4,0.6,0.4,0.6666666666666666,265,221,0.5714285714285714,1,0
1333920,2022-09-10,Cook Islands,Fiji,"Independence Park, Port Vila",0.5,0.0,0.5,0.0,0.5,0.0,0.5,0,3,0.5,0,0
1333921,2022-09-10,Samoa,Vanuatu,"Independence Park, Port Vila",0.5,0.4166666666666667,0.5,0.6,0.5,0.4,1.0,2,12,0.5,1,0
1301334,2022-09-10,India,England,"Riverside Ground, Chester-le-Street",0.610236220472441,0.6259842519685039,0.4,0.4,0.7,0.6,0.4,254,254,0.5,1,0
1333922,2022-09-11,Vanuatu,Cook Islands,"Independence Park, Port Vila",0.46153846153846156,0.0,0.6,0.0,0.5,0.0,0.5,13,1,1.0,1,0
1333923,2022-09-11,Samoa,Fiji,"Independence Park, Port Vila",0.3333333333333333,0.25,0.3333333333333333,0.25,0.3333333333333333,0.25,0.5,3,4,0.0,1,0
1327281,2022-09-11,Sri Lanka,Pakistan,Dubai International Cricket Stadium,0.38738738738738737,0.5488721804511278,0.6,0.4,0.5,0.5,0.3548387096774194,222,266,0.6666666666666666,1,1
1329247,2022-09-12,Zimbabwe,United Arab Emirates,"ICC Academy, Dubai",0.43243243243243246,0.6375,0.8,0.6,0.7,0.8,1.0,111,80,0.5,1,1
1333924,2022-09-13,Samoa,Cook Islands,"Independence Park, Port Vila",0.25,0.5,0.25,0.5,0.25,0.5,0.5,4,2,0.0,1,0
1329250,2022-09-13,United States of America,United Arab Emirates,"ICC Academy, Dubai",0.5,0.6296296296296297,0.4,0.4,0.6,0.7,0.0,26,81,0.5,1,1
1333925,2022-09-13,Vanuatu,Fiji,"Independence Park, Port Vila",0.42857142857142855,0.4,0.4,0.4,0.5,0.4,0.5,14,5,0.5,1,1
1301335,2022-09-13,England,India,"County Ground, Derby",0.6274509803921569,0.6078431372549019,0.6,0.4,0.6,0.6,0.6097560975609756,255,255,1.0,1,0
1333926,2022-09-14,Samoa,Vanuatu,"Independence Park, Port Vila",0.2,0.4666666666666667,0.2,0.6,0.2,0.6,0.5,5,15,0.0,1,0
1333927,2022-09-14,Fiji,Cook Islands,"Independence Park, Port Vila",0.3333333333333333,0.6666666666666666,0.4,0.6666666666666666,0.3333333333333333,0.6666666666666666,1.0,6,3,0.6666666666666666,1,0
1332496,2022-09-15,Botswana,Uganda,"Willowmoore Park, Benoni",0.2413793103448276,0.5333333333333333,0.2,0.6,0.5,0.5,0.0,29,60,0.5,1,0
1301336,2022-09-15,India,England,"County Ground, Bristol",0.609375,0.625,0.4,0.4,0.6,0.5,0.40476190476190477,256,256,0.5,1,0
1333929,2022-09-15,Vanuatu,Cook Islands,"Independence Park, Port Vila",0.5,0.75,0.6,0.75,0.7,0.75,0.0,16,4,0.75,1,1
1333928,2022-09-15,Fiji,Samoa,"Independence Park, Port Vila",0.2857142857142857,0.16666666666666666,0.4,0.0,0.2857142857142857,0.16666666666666666,1.0,7,6,0.5,1,1
1332498,2022-09-16,Ghana,Mozambique,"Willowmoore Park, Benoni",0.46153846153846156,0.21428571428571427,0.8,0.4,0.6,0.2,0.5,13,14,0.5,1,1
1332497,2022-09-17,Kenya,Tanzania,"Willowmoore Park, Benoni",0.4716981132075472,0.782608695652174,0.2,1.0,0.4,0.7,0.3333333333333333,53,23,0.5,1,0
1331384,2022-09-18,United Arab Emirates,Thailand,"Sheikh Zayed Stadium, Abu Dhabi",0.6219512195121951,0.4523809523809524,0.2,0.0,0.6,0.2,0.0,82,42,0.5,1,0
1331385,2022-09-18,Bangladesh,Ireland,"Sheikh Zayed Stadium, Abu Dhabi",0.38095238095238093,0.4358974358974359,0.2,0.4,0.4,0.2,0.6,168,156,0.5,1,1
1331386,2022-09-18,Papua New Guinea,Zimbabwe,"Tolerance Oval, Abu Dhabi",0.5,0.4375,0.4,0.8,0.4,0.8,0.0,50,112,0.5,1,0
1331387,2022-09-18,Scotland,United States of America,"Tolerance Oval, Abu Dhabi",0.5113636363636364,0.5185185185185185,0.0,0.4,0.2,0.6,1.0,88,27,0.5,1,1
1332507,2022-09-18,Botswana,Ghana,"Willowmoore Park, Benoni",0.23333333333333334,0.5,0.0,0.8,0.4,0.7,0.5,30,14,0.0,1,1
1332503,2022-09-18,Uganda,Mozambique,"Willowmoore Park, Benoni",0.5409836065573771,0.2,0.6,0.2,0.6,0.2,0.5,61,15,1.0,1,1
1332506,2022-09-19,Cameroon,Kenya,"Willowmoore Park, Benoni",0.0,0.46296296296296297,0.0,0.2,0.0,0.4,0.5,5,54,0.5,1,0
1331390,2022-09-19,Papua New Guinea,United Arab Emirates,"Tolerance Oval, Abu Dhabi",0.49019607843137253,0.6144578313253012,0.4,0.2,0.4,0.5,0.25,51,83,0.0,1,1
1331388,2022-09-19,Thailand,Zimbabwe,"Sheikh Zayed Stadium, Abu Dhabi",0.46511627906976744,0.4424778761061947,0.2,0.8,0.3,0.9,0.6666666666666666,43,113,1.0,1,0
1331389,2022-09-19,Scotland,Bangladesh,"Sheikh Zayed Stadium, Abu Dhabi",0.5168539325842697,0.38461538461538464,0.2,0.4,0.3,0.4,0.25,89,169,0.5,1,0
1332504,2022-09-19,Botswana,Mozambique,"Willowmoore Park, Benoni",0.25806451612903225,0.1875,0.2,0.2,0.4,0.2,1.0,31,16,0.5,1,1
1331391,2022-09-19,United States of America,Ireland,"Tolerance Oval, Abu Dhabi",0.5,0.43312101910828027,0.2,0.4,0.5,0.2,0.5,28,157,0.0,1,0
1332505,2022-09-20,Tanzania,Malawi,"Willowmoore Park, Benoni",0.7916666666666666,0.5,1.0,0.6,0.7,0.5,0.5,24,8,1.0,1,1
1332501,2022-09-20,Ghana,Uganda,"Willowmoore Park, Benoni",0.4666666666666667,0.5483870967741935,0.6,0.8,0.7,0.6,0.0,15,62,0.5,1,0
1327503,2022-09-20,India,Australia,"Punjab Cricket Association IS Bindra Stadium, Mohali, Chandigarh",0.6070038910505836,0.6324110671936759,0.2,1.0,0.5,0.9,0.4473684210526316,257,253,0.5,1,0
1327228,2022-09-20,Pakistan,England,"National Stadium, Karachi",0.5468164794007491,0.6264591439688716,0.4,0.4,0.4,0.5,0.21875,267,257,1.0,1,0
1332508,2022-09-21,Kenya,Uganda,"Willowmoore Park, Benoni",0.4727272727272727,0.5555555555555556,0.4,1.0,0.5,0.7,0.5714285714285714,55,63,0.5,1,0
1332509,2022-09-21,Botswana,Tanzania,"Willowmoore Park, Benoni",0.28125,0.8,0.4,1.0,0.5,0.7,0.0,32,25,0.6666666666666666,1,0
1331395,2022-09-21,Zimbabwe,United Arab Emirates,"Tolerance Oval, Abu Dhabi",0.4473684210526316,0.6071428571428571,0.8,0.0,0.9,0.4,1.0,114,84,1.0,1,0
1331392,2022-09-21,Bangladesh,United States of America,"Sheikh Zayed Stadium, Abu Dhabi",0.38823529411764707,0.4827586206896552,0.6,0.2,0.4,0.4,1.0,170,29,1.0,1,1
1331394,2022-09-21,Ireland,Scotland,"Tolerance Oval, Abu Dhabi",0.43670886075949367,0.5111111111111111,0.6,0.2,0.3,0.3,0.7058823529411765,158,90,1.0,1,1
1327229,2022-09-22,England,Pakistan,"National Stadium, Karachi",0.627906976744186,0.5447761194029851,0.6,0.4,0.6,0.3,0.7878787878787878,258,268,1.0,1,0
1332510,2022-09-22,Tanzania,Uganda,"Willowmoore Park, Benoni",0.8076923076923077,0.5625,1.0,1.0,0.8,0.8,0.6,26,64,1.0,1,0
1331399,2022-09-23,United States of America,Papua New Guinea,"Tolerance Oval, Abu Dhabi",0.4666666666666667,0.5,0.2,0.4,0.3,0.4,0.0,30,52,0.0,1,0
1331398,2022-09-23,Bangladesh,Thailand,"Sheikh Zayed Stadium, Abu Dhabi",0.391812865497076,0.45454545454545453,0.6,0.2,0.4,0.3,1.0,171,44,1.0,1,1
1331397,2022-09-23,Scotland,United Arab Emirates,"Tolerance Oval, Abu Dhabi",0.5054945054945055,0.611764705882353,0.2,0.2,0.3,0.4,0.6666666666666666,91,85,0.5,1,1
1327504,2022-09-23,Australia,India,"Vidarbha Cricket Association Stadium, Jamtha, Nagpur",0.6338582677165354,0.6046511627906976,1.0,0.2,0.9,0.4,0.5641025641025641,254,258,0.5,1,0
1327230,2022-09-23,England,Pakistan,"National Stadium, Karachi",0.6254826254826255,0.5464684014869888,0.6,0.4,0.5,0.3,0.7647058823529411,259,269,0.5,1,1
1331396,2022-09-23,Ireland,Zimbabwe,"Sheikh Zayed Stadium, Abu Dhabi",0.44025157232704404,0.4434782608695652,0.8,0.8,0.4,0.8,0.625,159,115,0.0,1,1
1327505,2022-09-25,Australia,India,"Rajiv Gandhi International Stadium, Uppal, Hyderabad",0.6313725490196078,0.6061776061776062,0.8,0.4,0.8,0.4,0.55,255,259,0.5,1,0
1331403,2022-09-25,Scotland,Papua New Guinea,"Tolerance Oval, Abu Dhabi",0.5108695652173914,0.5094339622641509,0.4,0.6,0.3,0.5,0.8,92,53,0.6666666666666666,1,0
1331402,2022-09-25,United States of America,United Arab Emirates,"Tolerance Oval, Abu Dhabi",0.45161290322580644,0.6046511627906976,0.2,0.2,0.3,0.3,0.5,31,86,0.0,1,0
1331401,2022-09-25,Bangladesh,Ireland,"Sheikh Zayed Stadium, Abu Dhabi",0.3953488372093023,0.44375,0.8,0.8,0.5,0.5,0.6363636363636364,172,160,1.0,1,1
1331400,2022-09-25,Zimbabwe,Thailand,"Sheikh Zayed Stadium, Abu Dhabi",0.4396551724137931,0.4444444444444444,0.6,0.2,0.7,0.3,0.5,116,45,0.5,1,1
1336031,2022-09-25,Bangladesh,United Arab Emirates,Dubai International Cricket Stadium,0.3988439306358382,0.6091954022988506,1.0,0.4,0.6,0.3,1.0,173,87,0.0,1,1
1327231,2022-09-25,Pakistan,England,"National Stadium, Karachi",0.5444444444444444,0.6269230769230769,0.2,0.6,0.3,0.6,0.22857142857142856,270,260,0.6666666666666666,1,1
1336032,2022-09-27,Bangladesh,United Arab Emirates,Dubai International Cricket Stadium,0.40229885057471265,0.6022727272727273,1.0,0.4,0.7,0.3,1.0,174,88,0.3333333333333333,1,1
1327506,2022-09-28,South Africa,India,"Greenfield International Stadium, Thiruvananthapuram",0.5378151260504201,0.6076923076923076,0.8,0.6,0.5,0.5,0.4,238,260,0.5,1,0
1334415,2022-09-28,West Indies,New Zealand,"Sir Vivian Richards Stadium, North Sound, Antigua",0.4469026548672566,0.5565217391304348,0.2,0.6,0.4,0.7,0.2857142857142857,226,230,0.75,1,1
1327232,2022-09-28,Pakistan,England,"Gaddafi Stadium, Lahore",0.5461254612546126,0.6245210727969349,0.4,0.6,0.4,0.5,0.25,271,261,0.0,1,1
1327233,2022-09-30,Pakistan,England,"Gaddafi Stadium, Lahore",0.5477941176470589,0.6221374045801527,0.6,0.4,0.5,0.4,0.2702702702702703,272,262,0.5,1,0
1334416,2022-10-01,West Indies,New Zealand,"Sir Vivian Richards Stadium, North Sound, Antigua",0.44933920704845814,0.5541125541125541,0.4,0.6,0.4,0.6,0.3181818181818182,227,231,0.8,1,0
1335785,2022-10-01,Thailand,Bangladesh,"Sylhet International Cricket Stadium, Academy Ground",0.43478260869565216,0.4057142857142857,0.2,1.0,0.2,0.8,0.0,46,175,0.5,1,0
1335786,2022-10-01,India,Sri Lanka,"Sylhet International Cricket Stadium, Academy Ground",0.6091954022988506,0.3901345291479821,0.6,0.8,0.5,0.5,0.7142857142857143,261,223,0.5,1,1
1327507,2022-10-02,India,South Africa,"Barsapara Cricket Stadium, Guwahati",0.6106870229007634,0.5355648535564853,0.8,0.6,0.5,0.5,0.6129032258064516,262,239,0.5,1,1
1335788,2022-10-02,Sri Lanka,United Arab Emirates,"Sylhet International Cricket Stadium, Academy Ground",0.38839285714285715,0.5955056179775281,0.8,0.4,0.5,0.2,1.0,224,89,0.0,1,1
1335787,2022-10-02,Malaysia,Pakistan,"Sylhet International Cricket Stadium, Academy Ground",0.5,0.5457875457875457,1.0,0.6,1.0,0.5,0.0,66,273,0.5,1,0
1327234,2022-10-02,England,Pakistan,"Gaddafi Stadium, Lahore",0.623574144486692,0.5474452554744526,0.4,0.6,0.5,0.5,0.7368421052631579,263,274,0.5,1,1
1334417,2022-10-02,West Indies,New Zealand,"Sir Vivian Richards Stadium, North Sound, Antigua",0.4473684210526316,0.5560344827586207,0.4,0.6,0.3,0.6,0.30434782608695654,228,232,0.6666666666666666,1,0
1335790,2022-10-03,India,Malaysia,"Sylhet International Cricket Stadium, Academy Ground",0.6121673003802282,0.4925373134328358,1.0,0.8,0.6,0.9,1.0,263,67,1.0,1,1
1335789,2022-10-03,Bangladesh,Pakistan,"Sylhet International Cricket Stadium, Academy Ground",0.4090909090909091,0.5454545454545454,1.0,0.6,0.8,0.4,0.14285714285714285,176,275,1.0,1,0
1335792,2022-10-04,India,United Arab Emirates,"Sylhet International Cricket Stadium, Academy Ground",0.6136363636363636,0.5888888888888889,1.0,0.2,0.7,0.2,1.0,264,90,1.0,1,1
1335791,2022-10-04,Sri Lanka,Thailand,"Sylhet International Cricket Stadium, Academy Ground",0.39111111111111113,0.425531914893617,0.8,0.2,0.6,0.1,0.0,225,47,0.5,1,1
1327508,2022-10-04,South Africa,India,"Holkar Cricket Stadium, Indore",0.5333333333333333,0.6150943396226415,0.6,1.0,0.5,0.8,0.375,240,265,0.5,1,1
1335793,2022-10-05,Malaysia,United Arab Emirates,"Sylhet International Cricket Stadium, Academy Ground",0.4852941176470588,0.5824175824175825,0.6,0.2,0.8,0.2,0.0,68,91,0.0,1,0
1317482,2022-10-05,West Indies,Australia,Carrara Oval,0.44541484716157204,0.62890625,0.4,0.6,0.3,0.8,0.4230769230769231,229,256,0.5,1,0
1335795,2022-10-06,Bangladesh,Malaysia,Sylhet International Cricket Stadium,0.4067796610169492,0.4782608695652174,0.8,0.4,0.8,0.7,1.0,177,69,0.0,1,1
1335794,2022-10-06,Pakistan,Thailand,Sylhet International Cricket Stadium,0.5471014492753623,0.4166666666666667,0.6,0.0,0.5,0.1,1.0,276,48,0.5,1,0
1334419,2022-10-06,West Indies,New Zealand,"Sir Vivian Richards Stadium, North Sound, Antigua",0.4434782608695652,0.5579399141630901,0.4,0.6,0.2,0.6,0.2916666666666667,230,233,0.5714285714285714,1,0
1335797,2022-10-07,Pakistan,India,Sylhet International Cricket Stadium,0.5451263537906137,0.6127819548872181,0.4,0.8,0.5,0.7,0.2631578947368421,277,266,0.0,1,1
1335796,2022-10-07,Thailand,United Arab Emirates,Sylhet International Cricket Stadium,0.42857142857142855,0.5869565217391305,0.2,0.2,0.2,0.3,1.0,49,92,1.0,1,1
1322334,2022-10-07,Pakistan,Bangladesh,"Hagley Oval, Christchurch",0.5467625899280576,0.4101123595505618,0.6,0.8,0.6,0.9,0.8636363636363636,278,178,0.5,1,1
1317483,2022-10-07,Australia,West Indies,"Brisbane Cricket Ground, Woolloongabba, Brisbane",0.6303501945525292,0.44155844155844154,0.6,0.2,0.8,0.2,0.5925925925925926,257,231,0.5,1,1
1335798,2022-10-08,Sri Lanka,Malaysia,Sylhet International Cricket Stadium,0.3938053097345133,0.4714285714285714,0.8,0.2,0.6,0.6,1.0,226,70,1.0,1,1
1322335,2022-10-08,New Zealand,Pakistan,"Hagley Oval, Christchurch",0.5598290598290598,0.5483870967741935,0.6,0.6,0.7,0.6,0.5161290322580645,234,279,0.5,1,0
1335799,2022-10-08,India,Bangladesh,Sylhet International Cricket Stadium,0.6104868913857678,0.40782122905027934,0.6,0.6,0.7,0.8,0.8125,267,179,0.0,1,1
1335800,2022-10-09,Thailand,Malaysia,Sylhet International Cricket Stadium,0.44,0.4647887323943662,0.4,0.0,0.3,0.5,0.2857142857142857,50,71,1.0,1,1
1322336,2022-10-09,Bangladesh,New Zealand,"Hagley Oval, Christchurch",0.40555555555555556,0.5574468085106383,0.4,0.6,0.7,0.6,0.1875,180,235,0.0,1,0
1317486,2022-10-09,England,Australia,Perth Stadium,0.625,0.6317829457364341,0.6,0.6,0.6,0.8,0.4444444444444444,264,258,0.5,1,1
1335801,2022-10-09,Pakistan,United Arab Emirates,Sylhet International Cricket Stadium,0.55,0.5806451612903226,0.8,0.2,0.7,0.3,1.0,280,93,0.5,1,1
1333931,2022-10-10,Japan,Indonesia,Sano International Cricket Ground,0.5,0.6666666666666666,0.6,0.6666666666666666,0.5,0.6666666666666666,0.0,6,3,0.5,1,1
1335802,2022-10-10,Sri Lanka,Bangladesh,Sylhet International Cricket Stadium,0.3964757709251101,0.40331491712707185,0.8,0.2,0.7,0.6,0.6666666666666666,227,181,1.0,1,1
1335803,2022-10-10,Thailand,India,Sylhet International Cricket Stadium,0.45098039215686275,0.6119402985074627,0.6,0.6,0.4,0.8,0.0,51,268,1.0,1,0
1335805,2022-10-11,Sri Lanka,Pakistan,Sylhet International Cricket Stadium,0.3991228070175439,0.5516014234875445,0.8,0.8,0.8,0.7,0.375,228,281,1.0,1,0
1322337,2022-10-11,Pakistan,New Zealand,"Hagley Oval, Christchurch",0.5531914893617021,0.559322033898305,1.0,0.8,0.7,0.7,0.5,282,236,1.0,1,0
1333932,2022-10-11,Japan,Indonesia,Sano International Cricket Ground,0.5714285714285714,0.5,0.6,0.5,0.5714285714285714,0.5,0.5,7,4,1.0,1,0
1317487,2022-10-12,England,Australia,"Manuka Oval, Canberra",0.6264150943396226,0.6293436293436293,0.6,0.4,0.6,0.7,0.45652173913043476,265,259,0.5,1,1
1322338,2022-10-12,New Zealand,Bangladesh,"Hagley Oval, Christchurch",0.5611814345991561,0.4010989010989011,0.8,0.2,0.7,0.5,0.8235294117647058,237,182,0.6666666666666666,1,1
1322339,2022-10-13,Bangladesh,Pakistan,"Hagley Oval, Christchurch",0.3989071038251366,0.5512367491166078,0.0,0.8,0.4,0.7,0.13043478260869565,183,283,0.0,1,0
1335806,2022-10-13,India,Thailand,Sylhet International Cricket Stadium,0.6133828996282528,0.4423076923076923,0.6,0.6,0.8,0.4,1.0,269,52,0.6666666666666666,1,1
1335807,2022-10-13,Sri Lanka,Pakistan,Sylhet International Cricket Stadium,0.39737991266375544,0.5528169014084507,0.8,0.8,0.8,0.7,0.36363636363636365,229,284,0.75,1,1
1322340,2022-10-14,New Zealand,Pakistan,"Hagley Oval, Christchurch",0.5630252100840336,0.5508771929824562,0.8,0.6,0.7,0.7,0.5151515151515151,238,285,0.75,1,0
1335808,2022-10-15,Sri Lanka,India,Sylhet International Cricket Stadium,0.4,0.6148148148148148,0.8,0.6,0.8,0.8,0.2777777777777778,230,270,0.8,1,0
1336951,2022-10-15,Indonesia,South Korea,Sano International Cricket Ground,0.6,0.0,0.6,0.0,0.6,0.0,0.5,5,2,0.5,1,1
1336952,2022-10-15,Japan,South Korea,Sano International Cricket Ground,0.5,0.0,0.6,0.0,0.5,0.0,1.0,8,3,0.5,1,1
1298135,2022-10-16,Namibia,Sri Lanka,"GMHBA Stadium, South Geelong, Victoria",0.6666666666666666,0.39826839826839827,0.4,0.6,0.4,0.7,0.0,72,231,0.5,1,1
1336953,2022-10-16,Indonesia,Japan,Sano International Cricket Ground,0.6666666666666666,0.5555555555555556,0.8,0.8,0.6666666666666666,0.5555555555555556,0.6666666666666666,6,9,0.6666666666666666,1,0
1298136,2022-10-16,United Arab Emirates,Netherlands,"GMHBA Stadium, South Geelong, Victoria",0.574468085106383,0.5,0.2,0.4,0.3,0.6,0.42857142857142855,94,96,0.5,1,0
1298138,2022-10-17,Zimbabwe,Ireland,"Bellerive Oval, Hobart",0.4444444444444444,0.4409937888198758,0.6,0.6,0.7,0.5,0.3333333333333333,117,161,0.5,1,1
1298137,2022-10-17,Scotland,West Indies,"Bellerive Oval, Hobart",0.5053763440860215,0.4396551724137931,0.4,0.0,0.2,0.2,0.5,93,232,0.5,1,1
1336956,2022-10-18,South Korea,Indonesia,Sano International Cricket Ground,0.0,0.5714285714285714,0.0,0.6,0.0,0.5714285714285714,0.0,4,7,0.0,1,0
1336955,2022-10-18,Japan,Indonesia,Sano International Cricket Ground,0.6,0.625,0.8,0.6,0.6,0.625,0.5,10,8,0.75,1,0
1298139,2022-10-18,Namibia,Netherlands,"GMHBA Stadium, South Geelong, Victoria",0.6712328767123288,0.5051546391752577,0.4,0.4,0.5,0.6,0.2857142857142857,73,97,1.0,1,0
1298140,2022-10-18,Sri Lanka,United Arab Emirates,"GMHBA Stadium, South Geelong, Victoria",0.39655172413793105,0.5684210526315789,0.4,0.2,0.6,0.2,1.0,232,95,0.0,1,1
1298141,2022-10-19,Scotland,Ireland,"Bellerive Oval, Hobart",0.5106382978723404,0.4382716049382716,0.4,0.6,0.3,0.5,0.2777777777777778,94,162,1.0,1,0
1298142,2022-10-19,West Indies,Zimbabwe,"Bellerive Oval, Hobart",0.43776824034334766,0.4491525423728814,0.0,0.6,0.2,0.7,0.6666666666666666,233,118,0.0,1,1
1298144,2022-10-20,United Arab Emirates,Namibia,"GMHBA Stadium, South Geelong, Victoria",0.5625,0.6621621621621622,0.2,0.4,0.2,0.5,0.5,96,74,0.0,1,1
1298143,2022-10-20,Sri Lanka,Netherlands,"GMHBA Stadium, South Geelong, Victoria",0.39914163090128757,0.5102040816326531,0.4,0.4,0.6,0.7,1.0,233,98,0.5,1,1
1298146,2022-10-21,Scotland,Zimbabwe,"Bellerive Oval, Hobart",0.5052631578947369,0.44537815126050423,0.4,0.4,0.3,0.6,0.25,95,119,0.5,1,0
1298145,2022-10-21,West Indies,Ireland,"Bellerive Oval, Hobart",0.44017094017094016,0.44171779141104295,0.2,0.6,0.3,0.6,0.75,234,163,0.5,1,0
1298147,2022-10-22,New Zealand,Australia,Sydney Cricket Ground,0.5606694560669456,0.6269230769230769,0.6,0.4,0.6,0.6,0.3125,239,260,0.0,1,1
1298149,2022-10-23,Ireland,Sri Lanka,"Bellerive Oval, Hobart",0.4451219512195122,0.4017094017094017,0.6,0.6,0.7,0.7,0.0,164,234,0.6666666666666666,1,0
1298150,2022-10-23,Pakistan,India,Melbourne Cricket Ground,0.5524475524475524,0.6162361623616236,0.6,0.8,0.7,0.8,0.3,286,271,0.0,1,0
1298151,2022-10-24,Bangladesh,Netherlands,"Bellerive Oval, Hobart",0.3967391304347826,0.5050505050505051,0.0,0.4,0.3,0.6,0.75,184,99,0.5,1,1
1298153,2022-10-25,Sri Lanka,Australia,Perth Stadium,0.40425531914893614,0.6245210727969349,0.6,0.4,0.7,0.5,0.3333333333333333,235,261,0.5,1,0
1298154,2022-10-26,Ireland,England,Melbourne Cricket Ground,0.44242424242424244,0.6278195488721805,0.4,0.8,0.6,0.7,0.5,165,266,0.5,1,1
1298158,2022-10-27,Zimbabwe,Pakistan,Perth Stadium,0.45,0.5505226480836237,0.6,0.4,0.7,0.7,0.0625,120,287,0.5,1,1
1298157,2022-10-27,India,Netherlands,Sydney Cricket Ground,0.6176470588235294,0.5,1.0,0.4,0.8,0.5,0.5,272,100,0.6,1,1
1298156,2022-10-27,South Africa,Bangladesh,Sydney Cricket Ground,0.5352697095435685,0.4,0.6,0.2,0.6,0.3,1.0,241,185,0.0,1,1
1336979,2022-10-27,Japan,Hong Kong,Kaizuka Cricket Ground,0.5454545454545454,0.4057971014492754,0.6,0.6,0.6,0.5,1.0,11,69,0.5,1,0
1336980,2022-10-28,Japan,Hong Kong,Kaizuka Cricket Ground,0.5,0.4142857142857143,0.4,0.6,0.5,0.6,0.5,12,70,0.0,1,0
1298161,2022-10-29,New Zealand,Sri Lanka,Sydney Cricket Ground,0.5625,0.4025423728813559,0.8,0.6,0.7,0.6,0.6818181818181818,240,236,0.3333333333333333,1,1
1336981,2022-10-29,Hong Kong,Japan,Kaizuka Cricket Ground,0.4225352112676056,0.46153846153846156,0.6,0.4,0.7,0.5,0.6666666666666666,71,13,1.0,1,1
1298162,2022-10-30,Bangladesh,Zimbabwe,"Brisbane Cricket Ground, Woolloongabba, Brisbane",0.3978494623655914,0.45454545454545453,0.2,0.8,0.2,0.7,0.6111111111111112,186,121,0.5,1,1
1298164,2022-10-30,India,South Africa,Perth Stadium,0.6190476190476191,0.5371900826446281,1.0,0.6,0.8,0.6,0.6060606060606061,273,242,0.5,1,0
1298163,2022-10-30,Netherlands,Pakistan,Perth Stadium,0.49504950495049505,0.5486111111111112,0.4,0.4,0.4,0.6,0.0,101,288,0.5,1,0
1298165,2022-10-31,Australia,Ireland,"Brisbane Cricket Ground, Woolloongabba, Brisbane",0.6259541984732825,0.4457831325301205,0.4,0.6,0.5,0.6,1.0,262,166,1.0,1,1
1298167,2022-11-01,England,New Zealand,"Brisbane Cricket Ground, Woolloongabba, Brisbane",0.6254681647940075,0.5643153526970954,0.8,0.8,0.6,0.8,0.7142857142857143,267,241,0.5,1,1
1298169,2022-11-02,India,Bangladesh,Adelaide Oval,0.6167883211678832,0.40106951871657753,0.8,0.4,0.7,0.3,0.8235294117647058,274,187,1.0,1,1
1298168,2022-11-02,Zimbabwe,Netherlands,Adelaide Oval,0.45081967213114754,0.49019607843137253,0.6,0.2,0.6,0.3,0.6666666666666666,122,102,0.5,1,0
1298170,2022-11-03,Pakistan,South Africa,Sydney Cricket Ground,0.5501730103806228,0.5390946502057613,0.4,0.6,0.6,0.7,0.5294117647058824,289,243,0.5,1,1
1339205,2022-11-04,Italy,Germany,"Desert Springs Cricket Ground, Almeria",0.6428571428571429,0.5882352941176471,1.0,0.2,0.7,0.4,0.6666666666666666,14,51,0.5,1,0
1339206,2022-11-04,Italy,Germany,"Desert Springs Cricket Ground, Almeria",0.6,0.5961538461538461,0.8,0.4,0.6,0.5,0.5,15,52,0.42857142857142855,1,0
1298171,2022-11-04,New Zealand,Ireland,Adelaide Oval,0.5619834710743802,0.4431137724550898,0.6,0.6,0.7,0.6,1.0,242,167,1.0,1,1
1339207,2022-11-05,Italy,Spain,"Desert Springs Cricket Ground, Almeria",0.5625,0.7058823529411765,0.6,0.4,0.6,0.7,0.5,16,17,0.375,1,0
1339208,2022-11-05,Germany,Spain,"Desert Springs Cricket Ground, Almeria",0.6037735849056604,0.7222222222222222,0.6,0.6,0.6,0.7,0.4,53,18,0.5454545454545454,1,1
1298173,2022-11-05,Sri Lanka,England,Sydney Cricket Ground,0.4008438818565401,0.6268656716417911,0.6,0.8,0.5,0.6,0.2222222222222222,237,268,0.0,1,0
1298175,2022-11-06,Bangladesh,Pakistan,Adelaide Oval,0.39893617021276595,0.5517241379310345,0.4,0.6,0.2,0.6,0.125,188,290,0.0,1,0
1298174,2022-11-06,Netherlands,South Africa,Adelaide Oval,0.49514563106796117,0.5368852459016393,0.2,0.6,0.3,0.6,0.0,103,244,1.0,1,1
1298176,2022-11-06,India,Zimbabwe,Melbourne Cricket Ground,0.6181818181818182,0.44715447154471544,0.8,0.4,0.7,0.5,0.7142857142857143,275,123,0.6666666666666666,1,1
1339210,2022-11-06,Italy,Spain,"Desert Springs Cricket Ground, Almeria",0.5294117647058824,0.6842105263157895,0.4,0.4,0.6,0.6,0.0,17,19,0.3333333333333333,1,1
1339209,2022-11-06,Spain,Germany,"Desert Springs Cricket Ground, Almeria",0.65,0.6111111111111112,0.2,0.8,0.5,0.6,0.5,20,54,0.6,1,1
1298177,2022-11-09,New Zealand,Pakistan,Sydney Cricket Ground,0.5637860082304527,0.5532646048109966,0.6,0.6,0.7,0.6,0.5,243,291,0.5,1,0
1298178,2022-11-10,India,England,Adelaide Oval,0.6195652173913043,0.6282527881040892,0.8,0.8,0.8,0.7,0.3953488372093023,276,269,1.0,1,0
1308236,2022-11-12,Pakistan,Ireland,"Gaddafi Stadium, Lahore",0.5547945205479452,0.44047619047619047,0.8,0.4,0.6,0.5,0.8571428571428571,292,168,0.25,1,0
1298179,2022-11-13,Pakistan,England,Melbourne Cricket Ground,0.552901023890785,0.6296296296296297,0.8,0.8,0.6,0.7,0.2564102564102564,293,270,0.0,1,0
1339555,2022-11-13,Spain,Norway,"Desert Springs Cricket Ground, Almeria",0.6666666666666666,0.2777777777777778,0.4,0.4,0.5,0.3,1.0,21,18,0.6363636363636364,1,1
1339558,2022-11-14,Spain,Sweden,"Desert Springs Cricket Ground, Almeria",0.6818181818181818,0.4375,0.6,0.6,0.5,0.4,0.5,22,16,0.6666666666666666,1,1
1344782,2022-11-14,Saudi Arabia,Oman,Al Amerat Cricket Ground Oman Cricket (Ministry Turf 1),0.125,0.42857142857142855,0.0,0.4,0.125,0.4,0.0,8,49,0.0,1,0
1308237,2022-11-14,Ireland,Pakistan,"Gaddafi Stadium, Lahore",0.4437869822485207,0.5510204081632653,0.4,0.6,0.5,0.5,0.25,169,294,1.0,1,0
1344783,2022-11-14,Bahrain,Canada,Al Amerat Cricket Ground Oman Cricket (Ministry Turf 1),0.4,0.4838709677419355,0.0,0.6,0.2,0.7,0.0,20,31,0.16666666666666666,1,0
1344784,2022-11-15,Canada,Saudi Arabia,Al Amerat Cricket Ground Oman Cricket (Ministry Turf 1),0.5,0.1111111111111111,0.6,0.0,0.8,0.1111111111111111,0.5,32,9,0.6,1,1
1344785,2022-11-15,Oman,Bahrain,Al Amerat Cricket Ground Oman Cricket (Ministry Turf 1),0.44,0.38095238095238093,0.4,0.0,0.4,0.2,0.5,50,21,0.45454545454545453,1,0
1308238,2022-11-16,Ireland,Pakistan,"Gaddafi Stadium, Lahore",0.4411764705882353,0.5525423728813559,0.4,0.6,0.4,0.6,0.2222222222222222,170,295,0.5,1,1
1344787,2022-11-16,Canada,Oman,Al Amerat Cricket Ground Oman Cricket (Ministry Turf 1),0.5151515151515151,0.43137254901960786,0.8,0.2,0.8,0.4,0.0,33,51,0.6666666666666666,1,1
1344786,2022-11-16,Bahrain,Saudi Arabia,Al Amerat Cricket Ground Oman Cricket (Ministry Turf 1),0.4090909090909091,0.1,0.2,0.0,0.2,0.1,1.0,22,10,0.25,1,1
1344789,2022-11-17,Canada,Bahrain,Al Amerat Cricket Ground Oman Cricket (Ministry Turf 1),0.5294117647058824,0.43478260869565216,1.0,0.4,0.8,0.2,1.0,34,23,0.7142857142857143,1,0
1344788,2022-11-17,Saudi Arabia,Oman,Al Amerat Cricket Ground Oman Cricket (Ministry Turf 1),0.09090909090909091,0.4230769230769231,0.0,0.2,0.1,0.4,0.0,11,52,0.0,1,0
1343740,2022-11-17,Botswana,Rwanda,Gahanga International Cricket Stadium. Rwanda,0.2727272727272727,0.4642857142857143,0.4,0.4,0.4,0.4,0.0,33,28,0.375,1,0
1343741,2022-11-17,Lesotho,Mali,Integrated Polytechnic Regional Centre,0.0,0.0,0.0,0.0,0.0,0.0,0.5,8,1,0.0,1,1
1343744,2022-11-18,Rwanda,St Helena,Gahanga International Cricket Stadium. Rwanda,0.4827586206896552,0.5,0.6,0.5,0.5,0.5,0.5,29,0,0.5,0,1
1343745,2022-11-18,Lesotho,Botswana,Integrated Polytechnic Regional Centre,0.1111111111111111,0.2647058823529412,0.2,0.4,0.1111111111111111,0.3,0.0,9,34,0.3333333333333333,1,0
1344791,2022-11-19,Oman,Bahrain,Al Amerat Cricket Ground Oman Cricket (Ministry Turf 1),0.4339622641509434,0.4583333333333333,0.4,0.6,0.4,0.3,0.0,53,24,0.44,1,1
1344790,2022-11-19,Canada,Saudi Arabia,Al Amerat Cricket Ground Oman Cricket (Ministry Turf 1),0.5142857142857142,0.08333333333333333,0.8,0.0,0.7,0.0,1.0,35,12,0.625,1,1
1344792,2022-11-20,Oman,Canada,Al Amerat Cricket Ground Oman Cricket (Ministry Turf 1),0.4444444444444444,0.5277777777777778,0.6,0.8,0.5,0.7,0.6666666666666666,54,36,0.46153846153846156,1,0
1343750,2022-11-20,Rwanda,Kenya,Gahanga International Cricket Stadium. Rwanda,0.5,0.4642857142857143,0.8,0.4,0.6,0.4,0.0,30,56,0.5238095238095238,1,0
1344793,2022-11-20,Bahrain,Saudi Arabia,Al Amerat Cricket Ground Oman Cricket (Ministry Turf 1),0.44,0.07692307692307693,0.6,0.0,0.3,0.0,1.0,25,13,0.36363636363636365,1,0
1322276,2022-11-20,India,New Zealand,"Bay Oval, Mount Maunganui",0.6173285198555957,0.5614754098360656,0.6,0.6,0.8,0.6,0.44,277,244,0.5,1,1
1343749,2022-11-20,Mali,Kenya,Integrated Polytechnic Regional Centre,0.0,0.47368421052631576,0.0,0.4,0.0,0.4,0.5,2,57,0.0,1,0
1344795,2022-11-21,Oman,Canada,Al Amerat Cricket Ground Oman Cricket (Ministry Turf 1),0.43636363636363634,0.5405405405405406,0.4,0.8,0.4,0.7,0.5,55,37,0.4444444444444444,1,0
1344794,2022-11-21,Saudi Arabia,Bahrain,Al Amerat Cricket Ground Oman Cricket (Ministry Turf 1),0.14285714285714285,0.4230769230769231,0.2,0.6,0.1,0.3,0.25,14,26,0.14285714285714285,1,1
1343753,2022-11-21,Kenya,Lesotho,Integrated Polytechnic Regional Centre,0.4827586206896552,0.1,0.6,0.2,0.4,0.1,0.5,58,10,0.8333333333333334,1,1
1343757,2022-11-22,St Helena,Lesotho,Integrated Polytechnic Regional Centre,0.0,0.09090909090909091,0.0,0.2,0.0,0.1,0.5,1,11,0.5,1,1
1343756,2022-11-22,Mali,Botswana,Gahanga International Cricket Stadium. Rwanda,0.0,0.2857142857142857,0.0,0.6,0.0,0.3,0.5,3,35,0.0,1,0
1343760,2022-11-24,St Helena,Malawi,Gahanga International Cricket Stadium. Rwanda,0.5,0.4444444444444444,0.5,0.6,0.5,0.4444444444444444,0.5,2,9,0.0,1,0
1343761,2022-11-24,Rwanda,Seychelles,Integrated Polytechnic Regional Centre,0.4838709677419355,0.4,0.6,0.4,0.6,0.4,0.5,31,5,0.5,1,1
1343762,2022-11-24,Botswana,Kenya,Gahanga International Cricket Stadium. Rwanda,0.3055555555555556,0.4915254237288136,0.6,0.8,0.4,0.5,0.0,36,59,0.4,1,0
1343763,2022-11-24,Mali,Rwanda,Integrated Polytechnic Regional Centre,0.0,0.5,0.0,0.8,0.0,0.6,0.0,4,32,0.0,1,0
1343764,2022-11-25,Seychelles,Kenya,Gahanga International Cricket Stadium. Rwanda,0.3333333333333333,0.5,0.4,0.8,0.3333333333333333,0.6,0.5,6,60,0.5,1,0
1344507,2022-11-29,Netherlands,Thailand,Royal Chiangmai Golf Club,0.5,0.4339622641509434,0.4,0.6,0.4,0.3,0.0,104,53,0.5,1,0
1344508,2022-11-30,Thailand,Netherlands,Royal Chiangmai Golf Club,0.4444444444444444,0.49523809523809526,0.6,0.4,0.4,0.4,1.0,54,105,1.0,1,0
1343770,2022-12-01,Mozambique,Nigeria,Gahanga International Cricket Stadium. Rwanda,0.17647058823529413,0.325,0.0,0.6,0.2,0.3,0.0,17,40,0.25,1,0
1343771,2022-12-01,Gambia,Eswatini,Integrated Polytechnic Regional Centre,0.5,0.0,0.5,0.0,0.5,0.0,0.5,0,5,0.5,0,0
1343768,2022-12-01,Sierra Leone,Tanzania,Gahanga International Cricket Stadium. Rwanda,0.3684210526315789,0.7777777777777778,0.4,0.8,0.4,0.8,0.0,19,27,0.5,1,0
1344509,2022-12-02,Netherlands,Thailand,Royal Chiangmai Golf Club,0.5,0.43636363636363634,0.6,0.4,0.5,0.4,0.3333333333333333,106,55,0.5,1,0
1343773,2022-12-02,Ghana,Mozambique,Integrated Polytechnic Regional Centre,0.4375,0.16666666666666666,0.4,0.0,0.6,0.2,1.0,16,18,1.0,1,0
1343774,2022-12-02,Cameroon,Sierra Leone,Gahanga International Cricket Stadium. Rwanda,0.0,0.35,0.0,0.4,0.0,0.3,0.0,6,20,0.0,1,0
1343772,2022-12-02,Sierra Leone,Nigeria,Gahanga International Cricket Stadium. Rwanda,0.38095238095238093,0.34146341463414637,0.6,0.8,0.3,0.4,0.16666666666666666,21,41,0.5,1,0
1344619,2022-12-02,New Zealand,Bangladesh,"Hagley Oval, Christchurch",0.5591836734693878,0.3968253968253968,0.4,0.4,0.6,0.2,0.8333333333333334,245,189,0.6,1,1
1343775,2022-12-02,Eswatini,Mozambique,Integrated Polytechnic Regional Centre,0.16666666666666666,0.21052631578947367,0.2,0.2,0.16666666666666666,0.3,0.0,6,19,1.0,1,0
1344510,2022-12-03,Thailand,Netherlands,Royal Chiangmai Golf Club,0.44642857142857145,0.4953271028037383,0.4,0.6,0.5,0.4,0.75,56,107,0.6666666666666666,1,1
1343776,2022-12-04,Cameroon,Mozambique,Gahanga International Cricket Stadium. Rwanda,0.0,0.25,0.0,0.4,0.0,0.3,0.0,7,20,0.0,1,0
1343777,2022-12-04,Nigeria,Eswatini,Integrated Polytechnic Regional Centre,0.35714285714285715,0.14285714285714285,0.8,0.2,0.5,0.14285714285714285,0.5,42,7,0.3333333333333333,1,1
1343778,2022-12-04,Ghana,Tanzania,Gahanga International Cricket Stadium. Rwanda,0.4117647058823529,0.7857142857142857,0.2,0.8,0.6,0.9,0.5,17,28,0.625,1,0
1344620,2022-12-04,New Zealand,Bangladesh,"University Oval, Dunedin",0.5609756097560976,0.39473684210526316,0.4,0.2,0.6,0.2,0.8421052631578947,246,190,0.5,1,1
1343783,2022-12-05,Ghana,Sierra Leone,Integrated Polytechnic Regional Centre,0.3888888888888889,0.36363636363636365,0.2,0.6,0.5,0.3,0.5,18,22,0.5,1,0
1343780,2022-12-05,Mozambique,Tanzania,Gahanga International Cricket Stadium. Rwanda,0.2857142857142857,0.7931034482758621,0.6,0.8,0.4,0.9,0.0,21,29,0.3333333333333333,1,0
1343781,2022-12-05,Sierra Leone,Eswatini,Integrated Polytechnic Regional Centre,0.391304347826087,0.125,0.6,0.2,0.4,0.125,0.5,23,8,1.0,1,1
1343782,2022-12-05,Cameroon,Nigeria,Gahanga International Cricket Stadium. Rwanda,0.0,0.37209302325581395,0.0,0.8,0.0,0.6,0.5,8,43,0.0,1,0
1343784,2022-12-06,Tanzania,Eswatini,Gahanga International Cricket Stadium. Rwanda,0.8,0.1111111111111111,0.8,0.2,0.9,0.1111111111111111,1.0,30,9,0.7857142857142857,1,1
1343785,2022-12-06,Gambia,Sierra Leone,Integrated Polytechnic Regional Centre,0.0,0.4166666666666667,0.0,0.6,0.0,0.5,0.5,1,24,0.0,1,0
1343786,2022-12-06,Gambia,Tanzania,Gahanga International Cricket Stadium. Rwanda,0.0,0.8064516129032258,0.0,0.8,0.0,0.9,0.5,2,31,0.5,1,0
1344621,2022-12-07,New Zealand,Bangladesh,"John Davies Oval, Queenstown",0.562753036437247,0.39267015706806285,0.6,0.2,0.6,0.2,0.85,247,191,1.0,1,1
1343788,2022-12-08,Ghana,Gambia,Gahanga International Cricket Stadium. Rwanda,0.3684210526315789,0.0,0.0,0.0,0.4,0.0,0.5,19,3,0.5555555555555556,1,1
1343791,2022-12-08,Mozambique,Gambia,Integrated Polytechnic Regional Centre,0.2727272727272727,0.0,0.6,0.0,0.3,0.0,0.5,22,4,1.0,1,1
1343794,2022-12-09,Ghana,Nigeria,Gahanga International Cricket Stadium. Rwanda,0.4,0.38636363636363635,0.2,0.8,0.4,0.7,0.0,20,44,0.6,1,0
1343793,2022-12-09,Gambia,Cameroon,Integrated Polytechnic Regional Centre,0.0,0.0,0.0,0.0,0.0,0.0,0.5,5,9,0.0,1,1
1345424,2022-12-09,India,Australia,"Dr DY Patil Sports Academy, Mumbai",0.6187050359712231,0.6273764258555133,0.6,0.4,0.8,0.5,0.4634146341463415,278,263,0.5,1,0
1343795,2022-12-09,Tanzania,Cameroon,Integrated Polytechnic Regional Centre,0.8125,0.0,1.0,0.0,0.9,0.0,1.0,32,10,1.0,1,1
1343934,2022-12-11,West Indies,England,"Sir Vivian Richards Stadium, North Sound, Antigua",0.43829787234042555,0.6309963099630996,0.2,0.8,0.3,0.8,0.4358974358974359,235,271,0.5,1,0
1349124,2022-12-13,Tanzania,Rwanda,"Gahanga International Cricket Stadium, Rwanda",0.8181818181818182,0.5151515151515151,1.0,0.8,0.9,0.6,1.0,33,33,0.5,1,1
1349126,2022-12-14,Uganda,Rwanda,"Gahanga International Cricket Stadium, Rwanda",0.5692307692307692,0.5,1.0,0.6,0.8,0.6,1.0,65,34,0.5,1,1
1345426,2022-12-14,Australia,India,"Brabourne Stadium, Mumbai",0.6287878787878788,0.6164874551971327,0.6,0.6,0.5,0.7,0.5476190476190477,264,279,0.5,1,1
1343935,2022-12-14,England,West Indies,"Kensington Oval, Bridgetown, Barbados",0.6323529411764706,0.4364406779661017,1.0,0.2,0.9,0.2,0.575,272,236,0.4,1,1
1349379,2022-12-15,Singapore,Qatar,"UKM-YSD Cricket Oval, Bangi",0.32432432432432434,0.4,0.0,0.4,0.0,0.4,0.5,37,20,0.0,1,0
1346539,2022-12-15,Qatar,Kenya,"Gymkhana Club Ground, Nairobi",0.42857142857142855,0.5081967213114754,0.6,1.0,0.5,0.7,0.5,21,61,0.5,1,0
1349128,2022-12-15,Uganda,Rwanda,"Gahanga International Cricket Stadium, Rwanda",0.5757575757575758,0.4857142857142857,1.0,0.4,0.8,0.6,1.0,66,35,1.0,1,1
1349129,2022-12-15,Uganda,Tanzania,"Gahanga International Cricket Stadium, Rwanda",0.582089552238806,0.8235294117647058,1.0,1.0,0.9,0.9,0.5,67,34,1.0,1,1
1349380,2022-12-16,Qatar,Malaysia,"UKM-YSD Cricket Oval, Bangi",0.4090909090909091,0.4583333333333333,0.6,0.0,0.5,0.4,0.5,22,72,0.75,1,0
1349131,2022-12-16,Rwanda,Tanzania,"Gahanga International Cricket Stadium, Rwanda",0.4722222222222222,0.8,0.4,0.8,0.5,0.8,0.0,36,35,0.0,1,1
1343936,2022-12-17,England,West Indies,"Kensington Oval, Bridgetown, Barbados",0.6336996336996337,0.4345991561181435,1.0,0.2,0.9,0.1,0.5853658536585366,273,237,0.5,1,1
1345427,2022-12-17,Australia,India,"Brabourne Stadium, Mumbai",0.630188679245283,0.6142857142857143,0.8,0.4,0.6,0.6,0.5581395348837209,265,280,1.0,1,1
1349383,2022-12-18,Malaysia,Singapore,"UKM-YSD Cricket Oval, Bangi",0.4657534246575342,0.3157894736842105,0.2,0.0,0.4,0.0,0.75,73,38,0.875,1,1
1346543,2022-12-18,Kenya,Uganda,"Gymkhana Club Ground, Nairobi",0.5161290322580645,0.5882352941176471,1.0,1.0,0.7,1.0,0.5,62,68,0.4,1,0
1349150,2022-12-18,Tanzania,Qatar,"Gymkhana Club Ground, Nairobi",0.7777777777777778,0.391304347826087,0.6,0.4,0.7,0.4,0.5,36,23,0.5,1,1
1349133,2022-12-18,Rwanda,Tanzania,"Gahanga International Cricket Stadium, Rwanda",0.4864864864864865,0.7837837837837838,0.4,0.6,0.6,0.8,0.25,37,37,0.25,1,0
1349132,2022-12-18,Uganda,Tanzania,"Gahanga International Cricket Stadium, Rwanda",0.5942028985507246,0.7894736842105263,1.0,0.6,1.0,0.8,0.5714285714285714,69,38,1.0,1,1
1349382,2022-12-18,Bahrain,Qatar,"UKM-YSD Cricket Oval, Bangi",0.4074074074074074,0.375,0.4,0.2,0.3,0.4,0.5,27,24,0.0,1,1
1343937,2022-12-18,England,West Indies,"Kensington Oval, Bridgetown, Barbados",0.635036496350365,0.4327731092436975,1.0,0.2,0.9,0.1,0.5952380952380952,274,238,0.5714285714285714,1,1
1346545,2022-12-19,Tanzania,Kenya,"Gymkhana Club Ground, Nairobi",0.7692307692307693,0.5079365079365079,0.4,0.8,0.7,0.7,0.75,39,63,1.0,1,0
1349384,2022-12-19,Singapore,Qatar,"UKM-YSD Cricket Oval, Bangi",0.3076923076923077,0.36,0.0,0.2,0.0,0.3,0.3333333333333333,39,25,0.0,1,0
1349385,2022-12-19,Bahrain,Malaysia,"UKM-YSD Cricket Oval, Bangi",0.42857142857142855,0.47297297297297297,0.4,0.4,0.4,0.4,0.5,28,74,0.5,1,0
1349134,2022-12-19,Uganda,Tanzania,"Gahanga International Cricket Stadium, Rwanda",0.6,0.75,1.0,0.4,1.0,0.6,0.625,70,40,1.0,1,0
1345428,2022-12-20,Australia,India,"Brabourne Stadium, Mumbai",0.631578947368421,0.6120996441281139,1.0,0.2,0.7,0.5,0.5681818181818182,266,281,1.0,1,1
1349136,2022-12-20,Tanzania,Rwanda,"Gahanga International Cricket Stadium, Rwanda",0.7560975609756098,0.47368421052631576,0.6,0.2,0.6,0.5,0.8,41,38,0.5,1,1
1349137,2022-12-20,Rwanda,Uganda,"Gahanga International Cricket Stadium, Rwanda",0.46153846153846156,0.5915492957746479,0.2,0.8,0.4,0.9,0.0,39,71,0.16666666666666666,1,0
1349386,2022-12-21,Singapore,Bahrain,"UKM-YSD Cricket Oval, Bangi",0.3,0.41379310344827586,0.0,0.2,0.0,0.4,0.5,40,29,0.0,1,0
1349151,2022-12-21,Tanzania,Qatar,"Gymkhana Club Ground, Nairobi",0.7619047619047619,0.38461538461538464,0.6,0.2,0.6,0.4,1.0,42,26,0.5,1,1
1349152,2022-12-21,Kenya,Uganda,"Gymkhana Club Ground, Nairobi",0.515625,0.5972222222222222,0.8,0.8,0.8,0.9,0.4444444444444444,64,72,0.42857142857142855,1,0
1349388,2022-12-22,Malaysia,Singapore,"UKM-YSD Cricket Oval, Bangi",0.48,0.2926829268292683,0.6,0.0,0.4,0.0,0.7692307692307693,75,41,0.9,1,1
1349138,2022-12-22,Tanzania,Rwanda,"Gahanga International Cricket Stadium, Rwanda",0.7674418604651163,0.45,0.6,0.2,0.6,0.3,0.8333333333333334,43,40,0.5714285714285714,1,1
1349139,2022-12-22,Uganda,Tanzania,"Gahanga International Cricket Stadium, Rwanda",0.6027397260273972,0.7727272727272727,0.8,0.8,0.9,0.6,0.5555555555555556,73,44,0.8333333333333334,1,1
1343938,2022-12-22,West Indies,England,"Kensington Oval, Bridgetown, Barbados",0.4309623430962343,0.6363636363636364,0.0,1.0,0.1,0.9,0.3953488372093023,239,275,0.375,1,0
1349140,2022-12-23,Uganda,Rwanda,"Gahanga International Cricket Stadium, Rwanda",0.6081081081081081,0.43902439024390244,0.8,0.2,0.9,0.3,1.0,74,41,0.8571428571428571,1,1
1349391,2022-12-23,Malaysia,Bahrain,"UKM-YSD Cricket Oval, Bangi",0.4868421052631579,0.43333333333333335,0.8,0.4,0.4,0.5,1.0,76,30,0.9090909090909091,1,0
1349390,2022-12-23,Singapore,Qatar,"UKM-YSD Cricket Oval, Bangi",0.2857142857142857,0.37037037037037035,0.0,0.2,0.0,0.4,0.25,42,27,0.0,1,0
1348640,2023-01-03,India,Sri Lanka,"Wankhede Stadium, Mumbai",0.6099290780141844,0.39915966386554624,0.2,0.4,0.4,0.4,0.7297297297297297,282,238,0.5,1,1
1348641,2023-01-05,Sri Lanka,India,"Maharashtra Cricket Association Stadium, Pune",0.39748953974895396,0.6113074204946997,0.2,0.2,0.4,0.4,0.2631578947368421,239,283,0.5,1,1
1348642,2023-01-07,India,Sri Lanka,"Saurashtra Cricket Association Stadium, Rajkot",0.6091549295774648,0.4,0.2,0.2,0.4,0.4,0.717948717948718,284,240,1.0,1,1
1348323,2023-01-12,Ireland,Zimbabwe,Harare Sports Club,0.4444444444444444,0.4435483870967742,0.4,0.4,0.5,0.4,0.6,171,124,0.5,1,0
1348324,2023-01-14,Zimbabwe,Ireland,Harare Sports Club,0.448,0.4418604651162791,0.4,0.4,0.5,0.5,0.45454545454545453,125,172,0.25806451612903225,1,0
1348325,2023-01-15,Ireland,Zimbabwe,Harare Sports Club,0.44508670520231214,0.4444444444444444,0.6,0.2,0.5,0.5,0.5833333333333334,173,126,0.5,1,0
1344511,2023-01-19,India,South Africa,"Buffalo Park, East London",0.6105263157894737,0.5346938775510204,0.4,0.6,0.4,0.6,0.5882352941176471,285,245,0.5,1,1
1344512,2023-01-21,South Africa,West Indies,"Buffalo Park, East London",0.532520325203252,0.42916666666666664,0.4,0.0,0.5,0.1,0.5357142857142857,246,240,0.0,1,1
1344513,2023-01-23,India,West Indies,"Buffalo Park, East London",0.6118881118881119,0.42738589211618255,0.6,0.0,0.4,0.1,0.7419354838709677,286,241,1.0,1,1
1345095,2023-01-24,Pakistan,Australia,"North Sydney Oval, Sydney",0.5506756756756757,0.6329588014981273,0.4,1.0,0.5,0.7,0.35294117647058826,296,267,0.5,1,0
1344514,2023-01-25,West Indies,South Africa,"Buffalo Park, East London",0.4256198347107438,0.5344129554655871,0.0,0.4,0.1,0.5,0.4482758620689655,242,247,0.0,1,0
1345096,2023-01-26,Pakistan,Australia,"Bellerive Oval, Hobart",0.5488215488215489,0.6343283582089553,0.2,1.0,0.5,0.7,0.34285714285714286,297,268,0.5,1,0
1348649,2023-01-27,New Zealand,India,"JSCA International Stadium Complex, Ranchi",0.5645161290322581,0.6132404181184669,0.6,0.8,0.6,0.5,0.5384615384615384,248,287,0.0,1,1
1348650,2023-01-29,New Zealand,India,"Bharat Ratna Shri Atal Bihari Vajpayee Ekana Cricket Stadium, Lucknow",0.5662650602409639,0.6111111111111112,0.8,0.6,0.7,0.4,0.5555555555555556,249,288,0.5,1,0
1344516,2023-01-30,West Indies,India,"Buffalo Park, East London",0.42386831275720166,0.6124567474048442,0.0,0.8,0.1,0.5,0.25,243,289,0.0,1,0
1348651,2023-02-01,India,New Zealand,"Narendra Modi Stadium, Ahmedabad",0.6137931034482759,0.564,0.8,0.8,0.6,0.6,0.4642857142857143,290,250,0.5,1,1
1344517,2023-02-02,India,South Africa,"Buffalo Park, East London",0.6151202749140894,0.5362903225806451,0.8,0.4,0.7,0.5,0.6,291,248,1.0,1,0
1355838,2023-02-09,Singapore,Cambodia,Morodok Techo National Stadium,0.27906976744186046,0.5,0.0,0.5,0.0,0.5,0.5,43,0,0.5,0,1
1338040,2023-02-10,Sri Lanka,South Africa,"Newlands, Cape Town",0.3983402489626556,0.5381526104417671,0.2,0.6,0.4,0.6,0.2857142857142857,241,249,0.5,1,1
1355839,2023-02-10,Cambodia,Singapore,Morodok Techo National Stadium,0.0,0.29545454545454547,0.0,0.2,0.0,0.1,0.0,1,44,0.0,1,0
1338042,2023-02-11,Australia,New Zealand,"Boland Park, Paarl",0.6356877323420075,0.5617529880478087,1.0,0.6,0.8,0.5,0.6666666666666666,269,251,0.5,1,1
1338041,2023-02-11,West Indies,England,"Boland Park, Paarl",0.42213114754098363,0.6376811594202898,0.0,1.0,0.0,0.9,0.38636363636363635,244,276,0.5,1,0
1355840,2023-02-11,Cambodia,Singapore,Morodok Techo National Stadium,0.0,0.3111111111111111,0.0,0.4,0.0,0.2,0.0,2,45,0.0,1,0
1338044,2023-02-12,Bangladesh,Sri Lanka,"Newlands, Cape Town",0.390625,0.40082644628099173,0.0,0.4,0.2,0.5,0.3157894736842105,192,242,0.5,1,0
1338043,2023-02-12,Pakistan,India,"Newlands, Cape Town",0.5469798657718121,0.613013698630137,0.2,0.6,0.5,0.7,0.2857142857142857,298,292,0.5,1,0
1355841,2023-02-12,Cambodia,Singapore,Morodok Techo National Stadium,0.0,0.32608695652173914,0.0,0.6,0.0,0.3,0.0,3,46,0.0,1,0
1338046,2023-02-13,South Africa,New Zealand,"Boland Park, Paarl",0.536,0.5595238095238095,0.6,0.4,0.6,0.5,0.52,250,252,0.5,1,1
1338045,2023-02-13,Ireland,England,"Boland Park, Paarl",0.4425287356321839,0.6389891696750902,0.4,1.0,0.4,1.0,1.0,174,277,0.5,1,0
1338047,2023-02-14,Bangladesh,Australia,"St George's Park, Gqeberha",0.38860103626943004,0.6370370370370371,0.0,1.0,0.2,0.9,0.36363636363636365,193,270,0.5,1,0
1338049,2023-02-15,Pakistan,Ireland,"Newlands, Cape Town",0.5451505016722408,0.44,0.2,0.4,0.4,0.4,0.7,299,175,0.0,1,1
1338048,2023-02-15,West Indies,India,"Newlands, Cape Town",0.4204081632653061,0.6143344709897611,0.0,0.8,0.0,0.7,0.24242424242424243,245,293,0.5,1,0
1338050,2023-02-16,Sri Lanka,Australia,"St George's Park, Gqeberha",0.40329218106995884,0.6383763837638377,0.6,1.0,0.5,1.0,0.3225806451612903,243,271,0.5,1,0
1338052,2023-02-17,Ireland,West Indies,"Newlands, Cape Town",0.4375,0.4186991869918699,0.2,0.0,0.3,0.0,0.3333333333333333,176,246,0.0,1,0
1338051,2023-02-17,New Zealand,Bangladesh,"Newlands, Cape Town",0.5573122529644269,0.3865979381443299,0.2,0.0,0.4,0.2,0.8571428571428571,253,194,0.5,1,1
1338053,2023-02-18,England,India,"St George's Park, Gqeberha",0.6402877697841727,0.6156462585034014,1.0,0.8,1.0,0.8,0.6136363636363636,278,294,0.5,1,1
1338054,2023-02-18,South Africa,Australia,"St George's Park, Gqeberha",0.5378486055776892,0.6397058823529411,0.8,1.0,0.6,1.0,0.3333333333333333,251,272,0.5,1,0
1338056,2023-02-19,New Zealand,Sri Lanka,"Boland Park, Paarl",0.5590551181102362,0.4016393442622951,0.2,0.6,0.5,0.4,0.6956521739130435,254,244,0.0,1,1
1338055,2023-02-19,West Indies,Pakistan,"Boland Park, Paarl",0.42105263157894735,0.5466666666666666,0.2,0.2,0.1,0.4,0.34615384615384615,247,300,0.0,1,1
1338057,2023-02-20,India,Ireland,"St George's Park, Gqeberha",0.6135593220338983,0.4350282485875706,0.6,0.2,0.7,0.3,1.0,295,177,0.0,1,1
1338059,2023-02-21,Bangladesh,South Africa,"Newlands, Cape Town",0.38461538461538464,0.5357142857142857,0.0,0.6,0.1,0.5,0.0,195,252,0.0,1,0
1359786,2023-02-21,Argentina,Bermuda,"St Albans Club, Buenos Aires",0.2,0.42857142857142855,0.2,0.4,0.2,0.3,0.5,5,14,0.5,1,0
1338058,2023-02-21,England,Pakistan,"Newlands, Cape Town",0.6415770609318996,0.5448504983388704,1.0,0.2,1.0,0.3,0.75,279,301,0.5,1,1
1359787,2023-02-22,Bermuda,Argentina,"Belgrano Athletic Club Ground, Buenos Aires",0.4666666666666667,0.16666666666666666,0.6,0.2,0.3,0.16666666666666666,1.0,15,6,0.5,1,1
1338060,2023-02-23,Australia,India,"Newlands, Cape Town",0.6410256410256411,0.6148648648648649,1.0,0.6,1.0,0.7,0.5777777777777777,273,296,0.5,1,1
1338061,2023-02-24,South Africa,England,"Newlands, Cape Town",0.5375494071146245,0.6428571428571429,0.6,1.0,0.5,1.0,0.3684210526315789,253,280,0.5,1,1
1359795,2023-02-25,Bermuda,Cayman Islands,"St Albans Club, Buenos Aires",0.5,0.0,0.8,0.0,0.4,0.0,1.0,16,6,1.0,1,1
1354800,2023-02-25,Isle of Man,Spain,La Manga Club Bottom Ground,0.8,0.6956521739130435,0.8,0.6,0.8,0.6,0.5,10,23,0.5,1,0
1354801,2023-02-25,Isle of Man,Spain,La Manga Club Bottom Ground,0.7272727272727273,0.7083333333333334,0.6,0.8,0.8,0.6,0.0,11,24,0.0,1,0
1359794,2023-02-25,Panama,Argentina,"Hurlingham Club Ground, Buenos Aires",0.3333333333333333,0.14285714285714285,0.3333333333333333,0.2,0.3333333333333333,0.14285714285714285,0.5,3,7,0.5,1,1
1359792,2023-02-26,Panama,Bahamas,"Hurlingham Club Ground, Buenos Aires",0.5,0.25,0.5,0.25,0.5,0.25,1.0,4,4,1.0,1,0
1359793,2023-02-26,Bermuda,Argentina,"Belgrano Athletic Club Ground, Buenos Aires",0.5294117647058824,0.125,1.0,0.0,0.5,0.125,1.0,17,8,1.0,1,1
1354802,2023-02-26,Isle of Man,Spain,La Manga Club Bottom Ground,0.6666666666666666,0.72,0.4,1.0,0.7,0.6,0.0,12,25,0.0,1,0
1338062,2023-02-26,Australia,South Africa,"Newlands, Cape Town",0.6423357664233577,0.5393700787401575,1.0,0.6,1.0,0.6,0.68,274,254,1.0,1,1
1354803,2023-02-26,Isle of Man,Spain,La Manga Club Bottom Ground,0.6153846153846154,0.7307692307692307,0.2,1.0,0.6,0.7,0.0,13,26,0.0,1,0
1359788,2023-02-28,Cayman Islands,Bahamas,"St Albans Club, Buenos Aires",0.0,0.4,0.0,0.4,0.0,0.4,0.5,7,5,0.0,1,1
1359789,2023-02-28,Bermuda,Panama,"Belgrano Athletic Club Ground, Buenos Aires",0.5555555555555556,0.4,1.0,0.4,0.6,0.4,0.5,18,5,1.0,1,1
1359799,2023-03-02,Cayman Islands,Panama,"Hurlingham Club Ground, Buenos Aires",0.125,0.3333333333333333,0.2,0.4,0.125,0.3333333333333333,0.5,8,6,0.5,1,1
1359798,2023-03-02,Argentina,Bahamas,"St Albans Club, Buenos Aires",0.1111111111111111,0.3333333333333333,0.0,0.2,0.1111111111111111,0.3333333333333333,0.0,9,6,0.0,1,1
1359800,2023-03-04,Bahamas,Bermuda,"Hurlingham Club Ground, Buenos Aires",0.2857142857142857,0.5789473684210527,0.2,1.0,0.2857142857142857,0.7,0.0,7,19,1.0,1,0
1359802,2023-03-04,Argentina,Cayman Islands,"Belgrano Athletic Club Ground, Buenos Aires",0.2,0.2222222222222222,0.2,0.4,0.2,0.2222222222222222,0.5,10,9,0.0,1,0
1361770,2023-03-08,Kuwait,Malaysia,"Mission Road Ground, Mong Kok, Hong Kong",0.38235294117647056,0.4805194805194805,0.8,0.8,0.6,0.4,0.0,34,77,0.5,1,0
1361771,2023-03-08,Hong Kong,Bahrain,"Mission Road Ground, Mong Kok, Hong Kong",0.4305555555555556,0.45161290322580644,0.6,0.6,0.7,0.6,1.0,72,31,0.5,1,1
1351400,2023-03-09,England,Bangladesh,"Zahur Ahmed Chowdhury Stadium, Chattogram",0.6405693950177936,0.3826530612244898,0.8,0.0,0.9,0.1,1.0,281,196,0.5,1,0
1361772,2023-03-09,Malaysia,Bahrain,"Mission Road Ground, Mong Kok, Hong Kong",0.48717948717948717,0.4375,0.8,0.6,0.5,0.5,0.5,78,32,1.0,1,1
1361773,2023-03-09,Hong Kong,Kuwait,"Mission Road Ground, Mong Kok, Hong Kong",0.4383561643835616,0.37142857142857144,0.8,0.6,0.7,0.6,1.0,73,35,1.0,1,1
1361775,2023-03-11,Malaysia,Hong Kong,"Mission Road Ground, Mong Kok, Hong Kong",0.4936708860759494,0.44594594594594594,0.8,1.0,0.6,0.8,0.75,79,74,1.0,1,0
1361774,2023-03-11,Kuwait,Bahrain,"Mission Road Ground, Mong Kok, Hong Kong",0.3611111111111111,0.42424242424242425,0.4,0.4,0.6,0.4,0.8333333333333334,36,33,0.0,1,0
1362242,2023-03-12,Hong Kong,Malaysia,"Mission Road Ground, Mong Kok, Hong Kong",0.4533333333333333,0.4875,1.0,0.6,0.8,0.6,0.3333333333333333,75,80,1.0,1,1
1351401,2023-03-12,England,Bangladesh,"Shere Bangla National Stadium, Mirpur",0.6382978723404256,0.38578680203045684,0.6,0.2,0.8,0.1,0.75,282,197,0.5,1,0
1361776,2023-03-12,Bahrain,Kuwait,"Mission Road Ground, Mong Kok, Hong Kong",0.4411764705882353,0.35135135135135137,0.6,0.2,0.4,0.5,0.2857142857142857,34,37,0.3333333333333333,1,0
1351402,2023-03-14,Bangladesh,England,"Shere Bangla National Stadium, Mirpur",0.3888888888888889,0.6360424028268551,0.4,0.4,0.2,0.7,0.4,198,283,0.6,1,1
1339604,2023-03-25,South Africa,West Indies,"SuperSport Park, Centurion",0.5372549019607843,0.42338709677419356,0.6,0.4,0.6,0.2,0.5666666666666667,255,248,0.0,1,0
1339605,2023-03-26,West Indies,South Africa,"SuperSport Park, Centurion",0.42570281124497994,0.53515625,0.6,0.4,0.3,0.6,0.45161290322580644,249,256,1.0,1,0
1355720,2023-03-27,Bangladesh,Ireland,"Zahur Ahmed Chowdhury Stadium, Chattogram",0.39195979899497485,0.43258426966292135,0.6,0.0,0.3,0.3,0.6666666666666666,199,178,1.0,1,1
1365310,2023-03-27,Rwanda,Ghana,Tafawa Balewa Square (TBS) Cricket Oval,0.42857142857142855,0.38095238095238093,0.0,0.2,0.2,0.3,0.4,42,21,0.5,1,1
1339606,2023-03-28,West Indies,South Africa,"The Wanderers Stadium, Johannesburg",0.424,0.5369649805447471,0.6,0.6,0.3,0.6,0.4375,250,257,0.5,1,1
1355721,2023-03-29,Bangladesh,Ireland,"Zahur Ahmed Chowdhury Stadium, Chattogram",0.395,0.4301675977653631,0.8,0.0,0.4,0.2,0.6923076923076923,200,179,1.0,1,1
1355722,2023-03-31,Bangladesh,Ireland,"Zahur Ahmed Chowdhury Stadium, Chattogram",0.39800995024875624,0.42777777777777776,1.0,0.0,0.5,0.2,0.7142857142857143,201,180,1.0,1,0
1322363,2023-04-05,Sri Lanka,New Zealand,"University Oval, Dunedin",0.4,0.5607843137254902,0.4,0.4,0.3,0.6,0.2916666666666667,245,255,0.5,1,0
1322364,2023-04-08,Sri Lanka,New Zealand,"John Davies Oval, Queenstown",0.3983739837398374,0.5625,0.4,0.6,0.3,0.6,0.28,246,256,0.5,1,0
1367722,2023-04-10,Portugal,Gibraltar,Santarem Cricket Ground,0.5,0.10526315789473684,0.6,0.2,0.5,0.2,1.0,8,19,0.5,1,1
1367723,2023-04-11,Gibraltar,Portugal,Santarem Cricket Ground,0.1,0.5555555555555556,0.2,0.6,0.2,0.5555555555555556,0.0,20,9,0.0,1,0
1367724,2023-04-11,Gibraltar,Portugal,Santarem Cricket Ground,0.09523809523809523,0.6,0.2,0.6,0.2,0.6,0.0,21,10,0.0,1,0
1339614,2023-04-14,Pakistan,New Zealand,"Gaddafi Stadium, Lahore",0.543046357615894,0.5642023346303502,0.2,0.8,0.2,0.6,0.5142857142857142,302,257,0.2857142857142857,1,1
1339615,2023-04-15,Pakistan,New Zealand,"Gaddafi Stadium, Lahore",0.5445544554455446,0.562015503875969,0.4,0.8,0.3,0.5,0.5277777777777778,303,258,0.375,1,1
1339616,2023-04-17,New Zealand,Pakistan,"Gaddafi Stadium, Lahore",0.5598455598455598,0.5460526315789473,0.6,0.6,0.4,0.4,0.4594594594594595,259,304,0.0,1,1
1339618,2023-04-24,Pakistan,New Zealand,Rawalpindi Cricket Stadium,0.5442622950819672,0.5615384615384615,0.4,0.6,0.3,0.5,0.5263157894736842,305,260,1.0,1,0
1370902,2023-04-25,United Arab Emirates,Uganda,"United Cricket Club Ground, Windhoek",0.5670103092783505,0.6133333333333333,0.2,0.8,0.2,0.9,0.5,97,75,0.5,1,1
1365321,2023-04-25,Zimbabwe,Thailand,"Terdthai Cricket Ground, Bangkok",0.44881889763779526,0.45614035087719296,0.4,0.6,0.5,0.6,0.6,127,57,0.5,1,1
1370903,2023-04-25,Namibia,Hong Kong,"United Cricket Club Ground, Windhoek",0.6533333333333333,0.4605263157894737,0.4,1.0,0.4,0.8,0.5,75,76,0.6666666666666666,1,1
1370904,2023-04-26,United Arab Emirates,Hong Kong,"United Cricket Club Ground, Windhoek",0.5714285714285714,0.45454545454545453,0.4,0.8,0.3,0.7,0.8888888888888888,98,77,1.0,1,0
1370906,2023-04-27,United Arab Emirates,Namibia,"United Cricket Club Ground, Windhoek",0.5656565656565656,0.6578947368421053,0.4,0.4,0.3,0.5,1.0,99,76,0.5,1,0
1365322,2023-04-27,Zimbabwe,Thailand,"Terdthai Cricket Ground, Bangkok",0.453125,0.4482758620689655,0.6,0.6,0.5,0.6,0.6666666666666666,128,58,1.0,1,0
1370905,2023-04-27,Hong Kong,Uganda,"United Cricket Club Ground, Windhoek",0.46153846153846156,0.6052631578947368,0.8,0.8,0.8,0.8,0.0,78,76,0.5,1,0
1365323,2023-04-28,Zimbabwe,Thailand,"Terdthai Cricket Ground, Bangkok",0.4496124031007752,0.4576271186440678,0.6,0.6,0.5,0.6,0.5714285714285714,129,59,0.5,1,0
1370908,2023-04-29,Namibia,Uganda,"United Cricket Club Ground, Windhoek",0.6623376623376623,0.6103896103896104,0.6,0.8,0.5,0.8,0.9090909090909091,77,77,0.8,1,1
1370910,2023-04-30,Namibia,United Arab Emirates,"United Cricket Club Ground, Windhoek",0.6666666666666666,0.56,0.6,0.4,0.5,0.3,0.5,78,100,0.8333333333333334,1,1
1370912,2023-05-01,Namibia,Uganda,"United Cricket Club Ground, Windhoek",0.6708860759493671,0.6025641025641025,0.8,0.6,0.6,0.7,0.9166666666666666,79,78,0.8571428571428571,1,0
1370911,2023-05-01,United Arab Emirates,Hong Kong,"United Cricket Club Ground, Windhoek",0.5544554455445545,0.45569620253164556,0.4,0.6,0.3,0.8,0.8,101,79,0.25,1,1
1370914,2023-05-02,Uganda,Namibia,"United Cricket Club Ground, Windhoek",0.6075949367088608,0.6625,0.6,0.8,0.7,0.6,0.15384615384615385,79,80,0.42857142857142855,1,1
1367725,2023-05-04,Gibraltar,Portugal,Europa Sports Complex,0.09090909090909091,0.6363636363636364,0.2,0.8,0.2,0.7,0.0,22,11,0.5,1,0
1367726,2023-05-04,Portugal,Malta,Europa Sports Complex,0.6666666666666666,0.6363636363636364,0.8,0.6,0.8,0.8,1.0,12,22,1.0,1,1
1367727,2023-05-05,Gibraltar,Malta,Europa Sports Complex,0.08695652173913043,0.6086956521739131,0.0,0.4,0.1,0.7,0.0,23,23,0.0,1,1
1367729,2023-05-05,Portugal,Malta,Europa Sports Complex,0.6923076923076923,0.5833333333333334,1.0,0.4,0.8,0.6,1.0,13,24,1.0,1,1
1367733,2023-05-06,Malta,Portugal,Europa Sports Complex,0.56,0.7142857142857143,0.4,1.0,0.5,0.8,0.0,25,14,0.0,1,0
1367728,2023-05-06,Gibraltar,Portugal,Europa Sports Complex,0.125,0.7333333333333333,0.2,1.0,0.2,0.8,0.0,24,15,0.5,1,0
1367730,2023-05-06,Gibraltar,Malta,Europa Sports Complex,0.12,0.5384615384615384,0.2,0.2,0.2,0.4,0.16666666666666666,25,26,0.3333333333333333,1,1
1367732,2023-05-07,Gibraltar,Portugal,Europa Sports Complex,0.15384615384615385,0.75,0.4,1.0,0.3,0.9,0.0,26,16,0.5,1,0
1367731,2023-05-07,Malta,Gibraltar,Europa Sports Complex,0.5185185185185185,0.14814814814814814,0.0,0.4,0.3,0.3,0.7142857142857143,27,27,0.0,1,1
1371604,2023-05-09,Sri Lanka,Bangladesh,"Sinhalese Sports Club Ground, Colombo",0.3967611336032389,0.39603960396039606,0.2,0.8,0.3,0.5,0.7,247,202,0.5,1,0
1371605,2023-05-11,Bangladesh,Sri Lanka,"Sinhalese Sports Club Ground, Colombo",0.39901477832512317,0.3951612903225806,0.8,0.0,0.6,0.3,0.3333333333333333,203,248,1.0,1,0
1371606,2023-05-12,Sri Lanka,Bangladesh,"Sinhalese Sports Club Ground, Colombo",0.39759036144578314,0.39705882352941174,0.2,0.6,0.4,0.6,0.6818181818181818,249,204,0.5,1,1
1370783,2023-05-18,Denmark,Finland,"Svanholm Park, Brondby",0.4,0.5833333333333334,0.8,0.8,0.5,0.5,0.6666666666666666,20,12,0.6,1,1
1370782,2023-05-18,Norway,Denmark,"Svanholm Park, Brondby",0.2631578947368421,0.42857142857142855,0.4,0.8,0.3,0.6,0.0,19,21,0.5,1,0
1370787,2023-05-19,Finland,Denmark,"Svanholm Park, Brondby",0.5384615384615384,0.45454545454545453,0.6,0.8,0.5,0.7,0.25,13,22,0.25,1,0
1370785,2023-05-19,Denmark,Sweden,"Svanholm Park, Brondby",0.4782608695652174,0.4117647058823529,1.0,0.6,0.8,0.3,0.5,23,17,0.75,1,0
1370790,2023-05-20,Finland,Norway,"Solvangs Park, Glostrup",0.5,0.25,0.6,0.2,0.5,0.3,0.5,14,20,0.5,1,0
1378006,2023-05-29,Italy,Jersey,"Grainville, St Saviour, Jersey",0.5555555555555556,0.6818181818181818,0.4,0.4,0.6,0.7,0.0,18,22,0.5,1,0
1378007,2023-05-29,Turkey,Sweden,"FB Fields, St Clement",0.0,0.4444444444444444,0.0,0.6,0.0,0.4,0.5,4,18,0.5,1,0
1378008,2023-05-29,France,Italy,"Grainville, St Saviour, Jersey",0.2,0.5263157894736842,0.4,0.2,0.2,0.6,0.5,15,19,0.5,1,0
1376121,2023-05-29,Nepal,Malaysia,"YSD-UKM Cricket Oval, Bangi",0.64,0.48148148148148145,0.6,0.4,0.8,0.6,1.0,75,81,0.5,1,0
1378010,2023-05-30,Jersey,Germany,"Grainville, St Saviour, Jersey",0.6956521739130435,0.6,0.4,0.6,0.7,0.5,0.6666666666666666,23,55,1.0,1,0
1378011,2023-05-30,France,Sweden,"FB Fields, St Clement",0.1875,0.47368421052631576,0.4,0.8,0.2,0.5,0.5,16,19,0.5,1,1
1378012,2023-05-30,Turkey,Jersey,"Grainville, St Saviour, Jersey",0.0,0.6666666666666666,0.0,0.4,0.0,0.6,0.5,5,24,0.5,1,0
1376122,2023-05-30,Malaysia,Nepal,"YSD-UKM Cricket Oval, Bangi",0.4878048780487805,0.631578947368421,0.6,0.6,0.7,0.7,0.1111111111111111,82,76,1.0,1,0
1378014,2023-06-01,Germany,Italy,"Grainville, St Saviour, Jersey",0.6071428571428571,0.55,0.8,0.4,0.5,0.6,0.6,56,20,1.0,1,0
1378015,2023-06-01,France,Turkey,"FB Fields, St Clement",0.23529411764705882,0.0,0.4,0.0,0.3,0.0,0.5,17,6,1.0,1,1
1378016,2023-06-01,Sweden,Germany,"Grainville, St Saviour, Jersey",0.45,0.5964912280701754,0.6,0.6,0.5,0.5,0.0,20,57,0.5,1,0
1378017,2023-06-01,France,Jersey,"FB Fields, St Clement",0.2777777777777778,0.68,0.6,0.6,0.4,0.6,0.5,18,25,1.0,1,1
1376123,2023-06-01,Nepal,Malaysia,"YSD-UKM Cricket Oval, Bangi",0.6363636363636364,0.4819277108433735,0.6,0.4,0.7,0.6,0.9,77,83,0.5,1,1
1378020,2023-06-02,France,Germany,"Grainville, St Saviour, Jersey",0.3157894736842105,0.603448275862069,0.6,0.6,0.5,0.6,0.0,19,58,0.0,1,1
1378018,2023-06-02,Italy,Turkey,"Grainville, St Saviour, Jersey",0.5714285714285714,0.0,0.6,0.0,0.6,0.0,0.5,21,7,0.6666666666666666,1,1
1378019,2023-06-02,Jersey,Sweden,"FB Fields, St Clement",0.6538461538461539,0.42857142857142855,0.6,0.4,0.5,0.5,0.5,26,21,0.0,1,1
1376124,2023-06-03,Nepal,Malaysia,"YSD-UKM Cricket Oval, Bangi",0.6410256410256411,0.47619047619047616,0.6,0.2,0.7,0.5,0.9090909090909091,78,84,0.6666666666666666,1,0
1376125,2023-06-04,Malaysia,Nepal,"YSD-UKM Cricket Oval, Bangi",0.4823529411764706,0.6329113924050633,0.4,0.6,0.5,0.6,0.16666666666666666,85,79,0.5,1,0
1379577,2023-06-10,Kenya,Uganda,"Gymkhana Club Ground, Nairobi",0.5076923076923077,0.6125,0.6,0.6,0.7,0.7,0.4,65,80,0.375,1,1
1380583,2023-06-10,Belgium,Germany,Bayer Uerdingen Cricket Ground,0.7692307692307693,0.5932203389830508,0.8,0.4,0.7,0.6,0.5,13,59,0.5,1,0
1379578,2023-06-11,Rwanda,Uganda,"Gymkhana Club Ground, Nairobi",0.4418604651162791,0.6049382716049383,0.2,0.6,0.2,0.7,0.0,43,81,0.5,1,0
1379580,2023-06-11,Botswana,Kenya,"Gymkhana Club Ground, Nairobi",0.2972972972972973,0.5151515151515151,0.4,0.6,0.4,0.8,0.0,37,66,0.5,1,0
1380584,2023-06-11,Belgium,Germany,Bayer Uerdingen Cricket Ground,0.7142857142857143,0.6,0.6,0.6,0.7,0.6,0.0,14,60,0.0,1,0
1380587,2023-06-11,Hungary,Czech Republic,"Scott Page Field, Vinor",0.38461538461538464,0.5238095238095238,0.0,0.8,0.4,0.8,0.3333333333333333,13,21,0.5,1,0
1379586,2023-06-13,Rwanda,Botswana,"Gymkhana Club Ground, Nairobi",0.4318181818181818,0.2894736842105263,0.2,0.4,0.2,0.4,1.0,44,38,0.0,1,1
1379589,2023-06-13,Uganda,Kenya,"Gymkhana Club Ground, Nairobi",0.6097560975609756,0.5223880597014925,0.6,0.6,0.7,0.8,0.5454545454545454,82,67,0.75,1,1
1379582,2023-06-14,Rwanda,Kenya,"Gymkhana Club Ground, Nairobi",0.4444444444444444,0.5147058823529411,0.4,0.6,0.3,0.7,0.0,45,68,0.5,1,0
1379695,2023-06-14,Malaysia,United Arab Emirates,"Mission Road Ground, Mong Kok, Hong Kong",0.47674418604651164,0.5588235294117647,0.4,0.4,0.4,0.3,0.0,86,102,0.5,1,0
1379583,2023-06-14,Uganda,Botswana,"Gymkhana Club Ground, Nairobi",0.6144578313253012,0.28205128205128205,0.8,0.4,0.7,0.4,1.0,83,39,0.8,1,1
1379584,2023-06-15,Rwanda,Uganda,"Gymkhana Club Ground, Nairobi",0.43478260869565216,0.6190476190476191,0.4,0.8,0.3,0.7,0.0,46,84,0.3333333333333333,1,0
1379590,2023-06-15,Botswana,Kenya,"Gymkhana Club Ground, Nairobi",0.275,0.5217391304347826,0.2,0.6,0.4,0.7,0.0,40,69,0.0,1,1
1379575,2023-06-17,Botswana,Uganda,"Gymkhana Club Ground, Nairobi",0.2926829268292683,0.6235294117647059,0.2,0.8,0.4,0.7,0.0,41,85,0.25,1,0
1379576,2023-06-17,Rwanda,Kenya,"Gymkhana Club Ground, Nairobi",0.425531914893617,0.5142857142857142,0.4,0.6,0.2,0.6,0.0,47,70,0.25,1,0
1379581,2023-06-18,Kenya,Uganda,"Gymkhana Club Ground, Nairobi",0.5211267605633803,0.627906976744186,0.6,1.0,0.6,0.8,0.4166666666666667,71,86,0.5,1,0
1379579,2023-06-18,Botswana,Rwanda,"Gymkhana Club Ground, Nairobi",0.2857142857142857,0.4166666666666667,0.2,0.2,0.3,0.2,0.0,42,48,0.2,1,0
1379587,2023-06-19,Uganda,Rwanda,"Gymkhana Club Ground, Nairobi",0.632183908045977,0.42857142857142855,1.0,0.4,0.8,0.3,1.0,87,49,0.8888888888888888,1,1
1379585,2023-06-19,Botswana,Kenya,"Gymkhana Club Ground, Nairobi",0.27906976744186046,0.5138888888888888,0.2,0.4,0.3,0.5,0.25,43,72,0.16666666666666666,1,0
1379592,2023-06-21,Uganda,Kenya,"Gymkhana Club Ground, Nairobi",0.6363636363636364,0.5205479452054794,1.0,0.6,0.9,0.6,0.6153846153846154,88,73,0.9,1,1
1381453,2023-06-23,Serbia,Turkey,"National Sports Academy, Sofia",0.26666666666666666,0.0,0.4,0.0,0.4,0.0,1.0,15,8,0.0,1,1
1381455,2023-06-23,Bulgaria,Serbia,"National Sports Academy, Sofia",0.36,0.3125,0.2,0.6,0.5,0.5,0.7142857142857143,25,16,0.8,1,0
1381454,2023-06-23,Croatia,Bulgaria,"National Sports Academy, Sofia",0.4,0.34615384615384615,0.4,0.2,0.4,0.4,0.5,5,26,0.5,1,0
1381456,2023-06-24,Croatia,Turkey,"National Sports Academy, Sofia",0.3333333333333333,0.0,0.4,0.0,0.3333333333333333,0.0,0.5,6,9,0.0,1,0
1381457,2023-06-24,Croatia,Serbia,"National Sports Academy, Sofia",0.2857142857142857,0.35294117647058826,0.2,0.6,0.2857142857142857,0.6,1.0,7,17,0.0,1,0
1381458,2023-06-24,Turkey,Bulgaria,"National Sports Academy, Sofia",0.1,0.37037037037037035,0.2,0.4,0.1,0.4,0.5,10,27,0.5,1,0
1381451,2023-06-29,Austria,Germany,"Sportpark Het Schootsveld, Deventer",0.6,0.6065573770491803,0.8,0.6,0.9,0.7,0.14285714285714285,20,61,0.5,1,0
1381452,2023-06-30,Austria,Germany,"Sportpark Het Schootsveld, Deventer",0.5714285714285714,0.6129032258064516,0.8,0.8,0.8,0.7,0.125,21,62,0.0,1,0
1336074,2023-07-01,England,Australia,"Edgbaston, Birmingham",0.6338028169014085,0.6436363636363637,0.2,1.0,0.6,1.0,0.46808510638297873,284,275,0.5,1,0
1378194,2023-07-04,Ireland,West Indies,"Daren Sammy National Cricket Stadium, Gros Islet, St Lucia",0.430939226519337,0.4262948207171315,0.2,0.8,0.2,0.4,0.3,181,251,0.5,1,0
1336075,2023-07-05,England,Australia,"Kennington Oval, London",0.631578947368421,0.644927536231884,0.0,1.0,0.5,1.0,0.4583333333333333,285,276,0.5,1,1
1378195,2023-07-06,Ireland,West Indies,"Daren Sammy National Cricket Stadium, Gros Islet, St Lucia",0.42857142857142855,0.42857142857142855,0.2,0.8,0.2,0.5,0.2727272727272727,182,252,0.0,1,0
1379760,2023-07-08,Sri Lanka,New Zealand,"P Sara Oval, Colombo",0.4,0.5632183908045977,0.4,0.6,0.4,0.6,0.2692307692307692,250,261,0.5,1,0
1378196,2023-07-08,Ireland,West Indies,"Daren Sammy National Cricket Stadium, Gros Islet, St Lucia",0.4262295081967213,0.4308300395256917,0.2,0.8,0.1,0.6,0.25,183,253,0.0,1,0
1336076,2023-07-08,Australia,England,"Lord's, London",0.6425992779783394,0.6328671328671329,0.8,0.2,0.9,0.5,0.5306122448979592,277,286,0.5,1,0
1382163,2023-07-09,Bangladesh,India,"Shere Bangla National Stadium, Mirpur",0.3951219512195122,0.6127946127946128,0.4,0.6,0.6,0.6,0.16666666666666666,205,297,0.6190476190476191,1,0
1384582,2023-07-10,France,Malta,Marsa Sports Club,0.35,0.5357142857142857,0.8,0.2,0.6,0.3,0.5,20,28,0.5,1,1
1384583,2023-07-10,Malta,France,Marsa Sports Club,0.5172413793103449,0.38095238095238093,0.2,1.0,0.3,0.7,0.0,29,21,0.6,1,1
1384545,2023-07-10,Scotland,Thailand,"Sportpark Maarschalkerweerd, Utrecht",0.5,0.4666666666666667,0.4,0.8,0.3,0.6,1.0,96,60,0.5,1,0
1379761,2023-07-10,Sri Lanka,New Zealand,"P Sara Oval, Colombo",0.398406374501992,0.5648854961832062,0.4,0.6,0.4,0.7,0.25925925925925924,251,262,0.0,1,0
1384584,2023-07-11,Malta,Luxembourg,Marsa Sports Club,0.5333333333333333,0.4117647058823529,0.4,0.6,0.4,0.3,0.5,30,17,0.625,1,1
1384585,2023-07-11,France,Luxembourg,Marsa Sports Club,0.36363636363636365,0.3888888888888889,0.8,0.6,0.6,0.3,0.5,22,18,0.5,1,1
1382164,2023-07-11,India,Bangladesh,"Shere Bangla National Stadium, Mirpur",0.6140939597315436,0.3932038834951456,0.6,0.2,0.7,0.6,0.8421052631578947,298,206,1.0,1,1
1384546,2023-07-11,Thailand,Netherlands,"Sportpark Maarschalkerweerd, Utrecht",0.47540983606557374,0.49074074074074076,0.8,0.4,0.6,0.3,0.8,61,108,1.0,1,0
1384547,2023-07-12,Scotland,Netherlands,"Sportpark Maarschalkerweerd, Utrecht",0.4948453608247423,0.4954128440366973,0.2,0.4,0.3,0.4,0.625,97,109,0.0,1,1
1384586,2023-07-12,Malta,Luxembourg,Marsa Sports Club,0.5483870967741935,0.3684210526315789,0.6,0.6,0.4,0.3,1.0,31,19,0.6470588235294118,1,0
1384587,2023-07-12,Luxembourg,France,Marsa Sports Club,0.4,0.391304347826087,0.6,0.8,0.4,0.7,0.0,20,23,0.3333333333333333,1,0
1384588,2023-07-12,France,Malta,Marsa Sports Club,0.4166666666666667,0.53125,0.8,0.6,0.7,0.3,0.5,24,32,0.75,1,1
1379762,2023-07-12,New Zealand,Sri Lanka,"P Sara Oval, Colombo",0.5665399239543726,0.3968253968253968,0.8,0.4,0.8,0.3,0.75,263,252,1.0,1,0
1384589,2023-07-13,Luxembourg,Malta,Marsa Sports Club,0.38095238095238093,0.5151515151515151,0.4,0.4,0.4,0.3,0.5,21,33,0.25,1,0
1384590,2023-07-13,Romania,Switzerland,Marsa Sports Club,0.7272727272727273,0.5555555555555556,0.4,0.4,0.6,0.5555555555555556,0.5,22,9,0.6666666666666666,1,0
1382165,2023-07-13,India,Bangladesh,"Shere Bangla National Stadium, Mirpur",0.6153846153846154,0.391304347826087,0.6,0.2,0.7,0.5,0.85,299,207,1.0,1,0
1384548,2023-07-13,Thailand,Scotland,"Sportpark Maarschalkerweerd, Utrecht",0.46774193548387094,0.5,0.6,0.4,0.6,0.4,0.3333333333333333,62,98,0.5,1,0
1384591,2023-07-13,France,Romania,Marsa Sports Club,0.44,0.6956521739130435,0.8,0.2,0.8,0.6,0.5,25,23,0.8,1,1
1384592,2023-07-14,Luxembourg,Switzerland,Marsa Sports Club,0.36363636363636365,0.6,0.2,0.4,0.4,0.6,1.0,22,10,0.2,1,0
1384593,2023-07-14,Malta,Romania,Marsa Sports Club,0.5294117647058824,0.6666666666666666,0.6,0.2,0.4,0.5,0.3333333333333333,34,24,0.6,1,1
1384594,2023-07-14,France,Switzerland,Marsa Sports Club,0.46153846153846156,0.6363636363636364,0.8,0.4,0.9,0.6,0.0,26,11,0.8333333333333334,1,0
1384549,2023-07-14,Netherlands,Thailand,"Sportpark Maarschalkerweerd, Utrecht",0.4909090909090909,0.4603174603174603,0.4,0.6,0.4,0.6,0.3333333333333333,110,63,0.5,1,0
1384550,2023-07-15,Scotland,Netherlands,"Sportpark Maarschalkerweerd, Utrecht",0.5050505050505051,0.4864864864864865,0.4,0.2,0.4,0.4,0.6470588235294118,99,111,0.6666666666666666,1,0
1384595,2023-07-15,Romania,Luxembourg,Marsa Sports Club,0.64,0.34782608695652173,0.2,0.2,0.4,0.4,1.0,25,23,0.4444444444444444,1,0
1384596,2023-07-15,Malta,Switzerland,Marsa Sports Club,0.5428571428571428,0.6666666666666666,0.6,0.6,0.5,0.6,0.5,35,12,0.6190476190476191,1,0
1384597,2023-07-15,France,Luxembourg,Marsa Sports Club,0.4444444444444444,0.375,0.8,0.4,0.8,0.5,1.0,27,24,0.7142857142857143,1,0
1384600,2023-07-16,Malta,Switzerland,Marsa Sports Club,0.5277777777777778,0.6923076923076923,0.4,0.8,0.5,0.6,0.3333333333333333,36,13,0.5909090909090909,1,0
1384599,2023-07-16,Luxembourg,Romania,Marsa Sports Club,0.4,0.6153846153846154,0.4,0.0,0.5,0.3,0.5,25,26,0.375,1,0
1384598,2023-07-16,France,Malta,Marsa Sports Club,0.42857142857142855,0.5135135135135135,0.6,0.4,0.7,0.5,0.6666666666666666,28,37,0.625,1,0
1383068,2023-07-20,Austria,Jersey,"Grange Cricket Club Ground, Raeburn Place, Edinburgh",0.5454545454545454,0.6666666666666666,0.6,0.6,0.7,0.5,0.5,22,27,0.5,1,0
1383070,2023-07-20,Scotland,Germany,"Goldenacre, Edinburgh",0.5,0.6190476190476191,0.4,0.8,0.4,0.7,1.0,100,63,0.5,1,1
1383069,2023-07-20,Ireland,Italy,"Goldenacre, Edinburgh",0.42391304347826086,0.5909090909090909,0.2,0.8,0.1,0.6,0.5,184,22,0.5,1,1
1383071,2023-07-21,Denmark,Ireland,"Grange Cricket Club Ground, Raeburn Place, Edinburgh",0.4583333333333333,0.42702702702702705,0.8,0.4,0.8,0.2,0.5,24,185,0.5,1,0
1383072,2023-07-21,Austria,Germany,"Goldenacre, Edinburgh",0.5217391304347826,0.609375,0.4,0.8,0.6,0.6,0.1111111111111111,23,64,0.5,1,0
1383073,2023-07-21,Scotland,Jersey,"Grange Cricket Club Ground, Raeburn Place, Edinburgh",0.504950495049505,0.6785714285714286,0.6,0.6,0.5,0.5,0.5,101,28,0.14285714285714285,1,1
1383089,2023-07-22,Japan,Philippines,"Amini Park, Port Moresby",0.42857142857142855,0.125,0.2,0.0,0.5,0.125,0.5,14,8,0.5,1,1
1383090,2023-07-22,Vanuatu,Papua New Guinea,"Amini Park, Port Moresby",0.5294117647058824,0.5185185185185185,0.8,0.8,0.7,0.6,0.0,17,54,0.5,1,0
1383076,2023-07-23,Denmark,Germany,"Grange Cricket Club Ground, Raeburn Place, Edinburgh",0.44,0.6153846153846154,0.6,0.8,0.7,0.7,0.0,25,65,0.0,1,0
1383091,2023-07-23,Japan,Vanuatu,"Amini Park, Port Moresby",0.4666666666666667,0.5,0.2,0.6,0.5,0.6,0.0,15,18,1.0,1,1
1383074,2023-07-23,Ireland,Austria,"Grange Cricket Club Ground, Raeburn Place, Edinburgh",0.43010752688172044,0.5,0.4,0.2,0.3,0.5,0.5,186,24,1.0,1,1
1383075,2023-07-23,Italy,Jersey,"Goldenacre, Edinburgh",0.5652173913043478,0.6551724137931034,0.6,0.6,0.5,0.5,0.0,23,29,0.0,1,1
1383078,2023-07-24,Austria,Denmark,"Goldenacre, Edinburgh",0.48,0.4230769230769231,0.0,0.4,0.4,0.6,0.5,25,26,0.0,1,0
1383077,2023-07-24,Scotland,Italy,"Grange Cricket Club Ground, Raeburn Place, Edinburgh",0.5098039215686274,0.5833333333333334,0.8,0.8,0.5,0.5,0.5,102,24,0.25,1,1
1383079,2023-07-24,Jersey,Ireland,"Goldenacre, Edinburgh",0.6333333333333333,0.43315508021390375,0.4,0.6,0.5,0.4,0.0,30,187,0.0,1,0
1383094,2023-07-25,Japan,Papua New Guinea,"Amini Park, Port Moresby",0.5,0.5272727272727272,0.4,0.8,0.5,0.6,0.0,16,55,1.0,1,0
1383081,2023-07-25,Scotland,Austria,"Goldenacre, Edinburgh",0.5145631067961165,0.46153846153846156,0.8,0.0,0.6,0.4,0.5,103,26,1.0,1,1
1383082,2023-07-25,Jersey,Germany,"Grange Cricket Club Ground, Raeburn Place, Edinburgh",0.6129032258064516,0.6212121212121212,0.4,0.8,0.5,0.7,0.5,31,66,0.5,1,1
1383093,2023-07-25,Vanuatu,Philippines,"Amini Park, Port Moresby",0.47368421052631576,0.1111111111111111,0.6,0.0,0.5,0.1111111111111111,0.5,19,9,0.0,1,0
1383080,2023-07-25,Italy,Denmark,"Grange Cricket Club Ground, Raeburn Place, Edinburgh",0.56,0.4444444444444444,0.6,0.4,0.5,0.6,0.6666666666666666,25,27,0.0,1,1
1383102,2023-07-26,Bhutan,Myanmar,"Bayuemas Oval, Kuala Lumpur",0.35294117647058826,0.5,0.8,0.5,0.5,0.5,0.5,17,0,0.5,0,1
1383101,2023-07-26,China,Malaysia,"Bayuemas Oval, Kuala Lumpur",0.5555555555555556,0.47126436781609193,0.4,0.2,0.5555555555555556,0.4,1.0,9,87,0.5,1,0
1383095,2023-07-26,Papua New Guinea,Vanuatu,"Amini Park, Port Moresby",0.5357142857142857,0.45,1.0,0.4,0.7,0.5,1.0,56,20,1.0,1,1
1383096,2023-07-26,Japan,Philippines,"Amini Park, Port Moresby",0.47058823529411764,0.2,0.4,0.2,0.4,0.2,1.0,17,10,0.6666666666666666,1,1
1383083,2023-07-27,Scotland,Denmark,"Grange Cricket Club Ground, Raeburn Place, Edinburgh",0.5192307692307693,0.42857142857142855,0.8,0.2,0.6,0.6,0.5,104,28,0.3333333333333333,1,1
1383104,2023-07-27,Malaysia,Bhutan,"Bayuemas Oval, Kuala Lumpur",0.4772727272727273,0.3888888888888889,0.4,0.8,0.4,0.6,1.0,88,18,1.0,1,1
1383103,2023-07-27,China,Thailand,"Bayuemas Oval, Kuala Lumpur",0.5,0.46875,0.4,0.6,0.5,0.6,0.0,10,64,0.0,1,0
1383097,2023-07-28,Japan,Vanuatu,"Amini Park, Port Moresby",0.5,0.42857142857142855,0.6,0.2,0.5,0.4,0.5,18,21,0.75,1,0
1383086,2023-07-28,Germany,Italy,"Grange Cricket Club Ground, Raeburn Place, Edinburgh",0.6119402985074627,0.5769230769230769,0.6,0.6,0.7,0.6,0.5,67,26,0.5,1,0
1383105,2023-07-28,Thailand,Myanmar,"Bayuemas Oval, Kuala Lumpur",0.47692307692307695,0.0,0.6,0.0,0.7,0.0,0.5,65,1,1.0,1,1
1383087,2023-07-28,Jersey,Denmark,"Goldenacre, Edinburgh",0.625,0.41379310344827586,0.4,0.2,0.5,0.5,1.0,32,29,0.0,1,1
1383088,2023-07-28,Scotland,Ireland,"Grange Cricket Club Ground, Raeburn Place, Edinburgh",0.5238095238095238,0.43617021276595747,1.0,0.8,0.7,0.5,0.2631578947368421,105,188,0.4,1,1
1383098,2023-07-28,Papua New Guinea,Philippines,"Amini Park, Port Moresby",0.543859649122807,0.18181818181818182,1.0,0.2,0.7,0.2,1.0,57,11,1.0,1,1
1383099,2023-07-29,Philippines,Vanuatu,"Amini Park, Port Moresby",0.16666666666666666,0.45454545454545453,0.2,0.2,0.2,0.5,0.6666666666666666,12,22,0.25,1,0
1383100,2023-07-29,Japan,Papua New Guinea,"Amini Park, Port Moresby",0.47368421052631576,0.5517241379310345,0.6,1.0,0.4,0.8,0.0,19,58,0.6,1,0
1383106,2023-07-30,Bhutan,China,"Bayuemas Oval, Kuala Lumpur",0.3684210526315789,0.45454545454545453,0.6,0.4,0.6,0.5,0.5,19,11,0.5,1,1
1383107,2023-07-30,Malaysia,Myanmar,"Bayuemas Oval, Kuala Lumpur",0.48314606741573035,0.0,0.6,0.0,0.4,0.0,0.5,89,2,1.0,1,1
1383109,2023-07-31,Myanmar,China,"Bayuemas Oval, Kuala Lumpur",0.0,0.4166666666666667,0.0,0.4,0.0,0.4,0.5,3,12,0.0,1,0
1383108,2023-07-31,Bhutan,Thailand,"Bayuemas Oval, Kuala Lumpur",0.4,0.48484848484848486,0.6,0.6,0.7,0.7,1.0,20,66,0.6666666666666666,1,0
1383110,2023-08-01,Thailand,Malaysia,"Bayuemas Oval, Kuala Lumpur",0.4925373134328358,0.4888888888888889,0.8,0.6,0.7,0.5,0.375,67,90,1.0,1,0
1381217,2023-08-03,West Indies,India,"Brian Lara Stadium, Tarouba, Trinidad",0.4330708661417323,0.6133333333333333,0.8,0.6,0.7,0.6,0.23529411764705882,254,300,0.0,1,1
1387944,2023-08-04,Greece,Isle of Man,"Moara Vlasiei Cricket Ground, Ilfov County",0.2,0.5714285714285714,0.2,0.0,0.2,0.5,0.5,5,14,0.5,1,0
1387946,2023-08-04,Romania,Isle of Man,"Moara Vlasiei Cricket Ground, Ilfov County",0.6296296296296297,0.6,0.2,0.2,0.3,0.5,0.0,27,15,1.0,1,0
1387945,2023-08-04,Malta,Greece,"Moara Vlasiei Cricket Ground, Ilfov County",0.5263157894736842,0.16666666666666666,0.6,0.2,0.5,0.16666666666666666,0.5,38,6,0.3333333333333333,1,0
1387948,2023-08-05,Malta,Isle of Man,"Moara Vlasiei Cricket Ground, Ilfov County",0.5128205128205128,0.625,0.4,0.4,0.5,0.5,0.5,39,16,0.25,1,0
1387949,2023-08-05,Romania,Malta,"Moara Vlasiei Cricket Ground, Ilfov County",0.6071428571428571,0.5,0.2,0.2,0.2,0.4,0.5,28,40,0.8,1,1
1387947,2023-08-05,Greece,Romania,"Moara Vlasiei Cricket Ground, Ilfov County",0.2857142857142857,0.6206896551724138,0.2,0.4,0.2857142857142857,0.3,0.0,7,29,0.5,1,1
1390167,2023-08-05,Hungary,Croatia,"GB Oval, Szodliget",0.35714285714285715,0.25,0.0,0.2,0.3,0.25,0.5,14,8,0.5,1,1
1381218,2023-08-06,India,West Indies,"Providence Stadium, Guyana",0.6112956810631229,0.43529411764705883,0.4,1.0,0.5,0.8,0.7428571428571429,301,255,1.0,1,0
1390169,2023-08-06,Croatia,Hungary,"GB Oval, Szodliget",0.2222222222222222,0.4,0.2,0.2,0.2222222222222222,0.3,0.0,9,15,0.0,1,0
1387951,2023-08-06,Greece,Isle of Man,"Moara Vlasiei Cricket Ground, Ilfov County",0.375,0.6470588235294118,0.4,0.6,0.375,0.5,0.0,8,17,0.6666666666666666,1,0
1381219,2023-08-08,West Indies,India,"Providence Stadium, Guyana",0.4375,0.609271523178808,1.0,0.4,0.9,0.5,0.2777777777777778,256,302,0.2857142857142857,1,0
1381220,2023-08-12,West Indies,India,"Central Broward Regional Park Stadium Turf Ground, Lauderhill",0.4357976653696498,0.6105610561056105,0.8,0.4,0.8,0.5,0.2702702702702703,257,303,0.0,1,0
1381221,2023-08-13,India,West Indies,"Central Broward Regional Park Stadium Turf Ground, Lauderhill",0.6118421052631579,0.43410852713178294,0.4,0.6,0.5,0.7,0.7368421052631579,304,258,1.0,1,0
1387244,2023-08-14,Germany,Guernsey,"Sportpark Het Schootsveld, Deventer",0.6029411764705882,0.5625,0.4,0.8,0.6,0.6,1.0,68,16,1.0,1,0
1387243,2023-08-14,Guernsey,Germany,"Sportpark Het Schootsveld, Deventer",0.5882352941176471,0.5942028985507246,0.8,0.4,0.7,0.6,0.5,17,69,1.0,1,0
1378200,2023-08-14,Netherlands,Ireland,"VRA Ground, Amstelveen",0.49107142857142855,0.43386243386243384,0.4,0.8,0.5,0.5,0.4444444444444444,112,189,0.5,1,0
1387245,2023-08-15,Guernsey,Germany,"Sportpark Het Schootsveld, Deventer",0.5555555555555556,0.6,0.6,0.4,0.6,0.6,0.3333333333333333,18,70,0.5,1,1
1378201,2023-08-16,Ireland,Netherlands,"VRA Ground, Amstelveen",0.4368421052631579,0.48672566371681414,0.8,0.4,0.6,0.4,0.5789473684210527,190,113,1.0,1,1
1378202,2023-08-17,Netherlands,Ireland,"VRA Ground, Amstelveen",0.4824561403508772,0.4397905759162304,0.2,0.8,0.3,0.6,0.4,114,191,0.0,1,0
1377727,2023-08-17,New Zealand,United Arab Emirates,Dubai International Cricket Stadium,0.5643939393939394,0.5631067961165048,0.8,0.4,0.7,0.4,0.5,264,103,0.3333333333333333,1,1
1391332,2023-08-18,Romania,Malta,"Moara Vlasiei Cricket Ground, Ilfov County",0.6,0.4878048780487805,0.4,0.2,0.3,0.3,0.6,30,41,0.7142857142857143,1,0
1384634,2023-08-18,Ireland,India,"Malahide, Dublin",0.4427083333333333,0.6098360655737705,0.8,0.4,0.7,0.5,0.0,192,305,0.5,1,0
1377728,2023-08-19,New Zealand,United Arab Emirates,Dubai International Cricket Stadium,0.5660377358490566,0.5576923076923077,0.8,0.4,0.7,0.4,1.0,265,104,0.4,1,0
1391335,2023-08-19,Malta,Romania,"Moara Vlasiei Cricket Ground, Ilfov County",0.5,0.5806451612903226,0.4,0.4,0.4,0.2,0.5,42,31,0.2857142857142857,1,0
1391333,2023-08-19,Romania,Malta,"Moara Vlasiei Cricket Ground, Ilfov County",0.59375,0.4883720930232558,0.4,0.2,0.3,0.4,0.5714285714285714,32,43,0.6666666666666666,1,0
1393309,2023-08-20,Uganda,Rwanda,"Gahanga International Cricket Stadium, Rwanda",0.6404494382022472,0.42,1.0,0.2,0.9,0.3,1.0,89,50,0.875,1,1
1391336,2023-08-20,Malta,Romania,"Moara Vlasiei Cricket Ground, Ilfov County",0.5,0.5757575757575758,0.4,0.4,0.4,0.3,0.5,44,33,0.3333333333333333,1,0
1384637,2023-08-20,India,Ireland,"Malahide, Dublin",0.6111111111111112,0.44041450777202074,0.6,0.6,0.5,0.7,1.0,306,193,1.0,1,1
1377729,2023-08-20,New Zealand,United Arab Emirates,Dubai International Cricket Stadium,0.5639097744360902,0.5619047619047619,0.6,0.6,0.6,0.5,0.5,266,105,0.36363636363636365,1,1
1391337,2023-08-20,Romania,Malta,"Moara Vlasiei Cricket Ground, Ilfov County",0.5882352941176471,0.4888888888888889,0.4,0.4,0.4,0.3,0.5555555555555556,34,45,0.6363636363636364,1,1
1393310,2023-08-20,Tanzania,Uganda,"Gahanga International Cricket Stadium, Rwanda",0.7555555555555555,0.6444444444444445,0.8,1.0,0.6,0.9,0.4,45,90,0.5555555555555556,1,0
1393311,2023-08-21,Uganda,Tanzania,"Gahanga International Cricket Stadium, Rwanda",0.6483516483516484,0.7391304347826086,1.0,0.6,1.0,0.6,0.6363636363636364,91,46,0.9,1,0
1393312,2023-08-22,Uganda,Rwanda,"Gahanga International Cricket Stadium, Rwanda",0.6413043478260869,0.4117647058823529,0.8,0.2,0.9,0.3,1.0,92,51,0.8181818181818182,1,1
1393328,2023-08-22,Rwanda,Tanzania,"Gahanga International Cricket Stadium, Rwanda",0.40384615384615385,0.7446808510638298,0.2,0.6,0.3,0.6,0.14285714285714285,52,47,0.09090909090909091,1,0
1393591,2023-08-22,Hong Kong,Nepal,"Bayuemas Oval, Kuala Lumpur",0.45,0.6375,0.4,0.6,0.7,0.6,0.5714285714285714,80,80,0.5,1,0
1393590,2023-08-22,Kuwait,Malaysia,"Bayuemas Oval, Kuala Lumpur",0.3684210526315789,0.4945054945054945,0.4,0.8,0.6,0.6,0.0,38,91,0.5,1,0
1393592,2023-08-23,Malaysia,Hong Kong,"Bayuemas Oval, Kuala Lumpur",0.5,0.4444444444444444,1.0,0.2,0.6,0.6,0.6,92,81,1.0,1,0
1393593,2023-08-23,Nepal,Kuwait,"Bayuemas Oval, Kuala Lumpur",0.6419753086419753,0.358974358974359,0.8,0.2,0.7,0.5,1.0,81,39,1.0,1,1
1393313,2023-08-24,Uganda,Rwanda,"Gahanga International Cricket Stadium, Rwanda",0.6451612903225806,0.39622641509433965,0.8,0.2,0.9,0.2,1.0,93,53,0.8333333333333334,1,1
1391708,2023-08-24,Netherlands,Jersey,"Sportpark Maarschalkerweerd, Utrecht",0.4782608695652174,0.6363636363636364,0.2,0.4,0.3,0.5,0.5,115,33,0.5,1,1
1391707,2023-08-24,Netherlands,Jersey,"Sportpark Maarschalkerweerd, Utrecht",0.4827586206896552,0.6176470588235294,0.4,0.4,0.3,0.5,1.0,116,34,0.6,1,1
1393314,2023-08-24,Uganda,Tanzania,"Gahanga International Cricket Stadium, Rwanda",0.648936170212766,0.75,0.8,0.6,0.9,0.6,0.5833333333333334,94,48,0.8461538461538461,1,1
1391650,2023-08-24,Singapore,Myanmar,"Indian Association Ground, Singapore",0.3404255319148936,0.0,0.8,0.0,0.4,0.0,0.5,47,4,0.25,1,0
1393315,2023-08-25,Rwanda,Tanzania,"Gahanga International Cricket Stadium, Rwanda",0.3888888888888889,0.7346938775510204,0.0,0.4,0.2,0.6,0.125,54,49,0.07692307692307693,1,0
1393329,2023-08-25,Uganda,Tanzania,"Gahanga International Cricket Stadium, Rwanda",0.6526315789473685,0.74,0.8,0.6,0.9,0.7,0.6153846153846154,95,50,0.8571428571428571,1,1
1393594,2023-08-25,Hong Kong,Kuwait,"Bayuemas Oval, Kuala Lumpur",0.45121951219512196,0.35,0.4,0.2,0.6,0.4,1.0,82,40,0.5,1,1
1393595,2023-08-25,Nepal,Malaysia,"Bayuemas Oval, Kuala Lumpur",0.6463414634146342,0.4946236559139785,0.8,0.8,0.7,0.6,0.8461538461538461,82,93,1.0,1,0
1391655,2023-08-25,Denmark,Sweden,Tikkurila Cricket Ground,0.4,0.4090909090909091,0.2,0.4,0.4,0.5,0.3333333333333333,30,22,0.5,1,0
1393597,2023-08-26,Hong Kong,Nepal,"Bayuemas Oval, Kuala Lumpur",0.4578313253012048,0.6385542168674698,0.4,0.6,0.6,0.6,0.5,83,83,0.6666666666666666,1,0
1391658,2023-08-26,Denmark,Sweden,Kerava National Cricket Ground,0.3870967741935484,0.43478260869565216,0.2,0.4,0.3,0.5,0.25,31,23,0.5,1,0
1391651,2023-08-26,Singapore,Myanmar,"Indian Association Ground, Singapore",0.3333333333333333,0.2,0.8,0.2,0.4,0.2,0.0,48,5,0.2222222222222222,1,0
1391652,2023-08-27,Singapore,Myanmar,Turf City B Cricket Ground,0.32653061224489793,0.3333333333333333,0.6,0.4,0.4,0.3333333333333333,0.0,49,6,0.5,1,0
1393316,2023-08-27,Rwanda,Uganda,"Gahanga International Cricket Stadium, Rwanda",0.38181818181818183,0.65625,0.0,0.8,0.1,0.9,0.0,55,96,0.07142857142857142,1,0
1393330,2023-08-27,Tanzania,Rwanda,"Gahanga International Cricket Stadium, Rwanda",0.7254901960784313,0.375,0.6,0.0,0.6,0.1,0.8888888888888888,51,56,0.5333333333333333,1,1
1393876,2023-08-28,Japan,Vanuatu,Vanuatu Cricket Ground,0.45,0.4782608695652174,0.4,0.4,0.3,0.5,0.3333333333333333,20,23,0.5,1,0
1393317,2023-08-28,Uganda,Tanzania,"Gahanga International Cricket Stadium, Rwanda",0.6597938144329897,0.7307692307692307,1.0,0.6,0.9,0.6,0.6428571428571429,97,52,0.875,1,1
1393318,2023-08-28,Rwanda,Uganda,"Gahanga International Cricket Stadium, Rwanda",0.3684210526315789,0.6632653061224489,0.0,1.0,0.1,0.9,0.0,57,98,0.0625,1,0
1393331,2023-08-30,Tanzania,Rwanda,"Gahanga International Cricket Stadium, Rwanda",0.7169811320754716,0.3620689655172414,0.4,0.0,0.5,0.1,0.9,53,58,0.5294117647058824,1,1
1336048,2023-08-30,New Zealand,England,"Riverside Ground, Chester-le-Street",0.5655430711610487,0.6341463414634146,0.6,0.4,0.6,0.5,0.2777777777777778,267,287,0.5,1,0
1393877,2023-08-30,Vanuatu,Japan,Vanuatu Cricket Ground,0.5,0.42857142857142855,0.6,0.2,0.6,0.3,0.75,24,21,1.0,1,1
1373568,2023-08-30,Australia,South Africa,"Kingsmead, Durban",0.6402877697841727,0.5348837209302325,0.6,0.4,0.8,0.5,0.6923076923076923,278,258,0.5,1,1
1393319,2023-08-30,Uganda,Tanzania,"Gahanga International Cricket Stadium, Rwanda",0.6666666666666666,0.7222222222222222,1.0,0.6,0.9,0.5,0.6666666666666666,99,54,0.8888888888888888,1,1
1394753,2023-08-31,Bhutan,United Arab Emirates,"Selangor Turf Club, Kuala Lumpur",0.38095238095238093,0.5566037735849056,0.4,0.6,0.6,0.5,0.0,21,106,0.5,1,0
1393320,2023-08-31,Rwanda,Uganda,"Gahanga International Cricket Stadium, Rwanda",0.3559322033898305,0.67,0.0,1.0,0.0,0.9,0.0,59,100,0.05555555555555555,1,0
1394751,2023-08-31,Nepal,Malaysia,"Bayuemas Oval, Kuala Lumpur",0.6428571428571429,0.5,0.8,0.8,0.7,0.7,0.7857142857142857,84,94,0.75,1,1
1394755,2023-08-31,Myanmar,Hong Kong,"UKM-YSD Cricket Oval, Bangi",0.42857142857142855,0.4523809523809524,0.6,0.4,0.42857142857142855,0.5,0.5,7,84,0.5,1,0
1394752,2023-08-31,Qatar,Bahrain,"UKM-YSD Cricket Oval, Bangi",0.39285714285714285,0.42857142857142855,0.4,0.4,0.4,0.4,0.3333333333333333,28,35,0.625,1,0
1336080,2023-08-31,England,Sri Lanka,"County Ground, Hove",0.6354166666666666,0.39920948616600793,0.6,0.6,0.5,0.3,0.7894736842105263,288,253,0.0,1,1
1393332,2023-08-31,Tanzania,Rwanda,"Gahanga International Cricket Stadium, Rwanda",0.7090909090909091,0.35,0.4,0.0,0.5,0.0,0.9090909090909091,55,60,0.5263157894736842,1,1
1394754,2023-08-31,Kuwait,China,"Bayuemas Oval, Kuala Lumpur",0.34146341463414637,0.46153846153846156,0.2,0.4,0.3,0.4,0.0,41,13,0.0,1,1
1394758,2023-09-01,Qatar,Bhutan,"Bayuemas Oval, Kuala Lumpur",0.3793103448275862,0.36363636363636365,0.4,0.4,0.3,0.6,0.5,29,22,0.5,1,0
1373569,2023-09-01,South Africa,Australia,"Kingsmead, Durban",0.5328185328185329,0.6415770609318996,0.2,0.6,0.4,0.8,0.2962962962962963,259,279,0.0,1,0
1394794,2023-09-01,Papua New Guinea,Vanuatu,Vanuatu Cricket Ground,0.559322033898305,0.52,1.0,0.8,0.9,0.6,1.0,59,25,0.5,1,0
1394792,2023-09-01,Japan,Cook Islands,Vanuatu Cricket Ground,0.4090909090909091,0.6,0.2,0.6,0.3,0.6,0.5,22,5,0.0,1,1
1394757,2023-09-01,China,Hong Kong,"Selangor Turf Club, Kuala Lumpur",0.42857142857142855,0.4588235294117647,0.2,0.6,0.3,0.5,0.6666666666666666,14,85,0.5,1,0
1394760,2023-09-01,Bahrain,Nepal,"Selangor Turf Club, Kuala Lumpur",0.4444444444444444,0.6470588235294118,0.4,0.8,0.5,0.7,0.0,36,85,0.5,1,0
1382160,2023-09-01,South Africa,Pakistan,"National Stadium, Karachi",0.5307692307692308,0.5424836601307189,0.2,0.4,0.4,0.3,0.45714285714285713,260,306,0.5,1,0
1394759,2023-09-01,Malaysia,United Arab Emirates,"UKM-YSD Cricket Oval, Bangi",0.49473684210526314,0.5607476635514018,0.6,0.6,0.6,0.5,0.0,95,107,0.8333333333333334,1,0
1336049,2023-09-01,England,New Zealand,"Old Trafford, Manchester",0.6366782006920415,0.5634328358208955,0.8,0.4,0.5,0.6,0.7297297297297297,289,268,1.0,1,1
1394795,2023-09-01,Fiji,Samoa,Vanuatu Cricket Ground (Oval 2),0.375,0.14285714285714285,0.6,0.0,0.375,0.14285714285714285,1.0,8,7,0.5,1,1
1394919,2023-09-02,Mozambique,Eswatini,"Botswana Cricket Association Oval 1, Gaborone",0.30434782608695654,0.1,0.8,0.2,0.4,0.1,1.0,23,10,0.25,1,1
1394918,2023-09-02,Malawi,Lesotho,"Botswana Cricket Association Oval 2, Gaborone",0.5,0.08333333333333333,0.6,0.2,0.5,0.1,1.0,10,12,0.5,1,1
1394917,2023-09-02,Kenya,Botswana,"Botswana Cricket Association Oval 1, Gaborone",0.5135135135135135,0.2727272727272727,0.4,0.2,0.5,0.3,0.8,74,44,0.5,1,1
1394798,2023-09-02,Japan,Samoa,Vanuatu Cricket Ground (Oval 2),0.43478260869565216,0.125,0.2,0.0,0.4,0.125,0.5,23,8,0.5,1,1
1394796,2023-09-02,Papua New Guinea,Cook Islands,Vanuatu Cricket Ground,0.55,0.5,0.8,0.6,0.8,0.5,0.5,60,6,0.0,1,1
1394920,2023-09-02,Cameroon,Sierra Leone,"Botswana Cricket Association Oval 2, Gaborone",0.0,0.44,0.0,0.8,0.0,0.6,0.0,11,25,0.0,1,0
1336081,2023-09-02,England,Sri Lanka,"County Ground, Chelmsford",0.6379310344827587,0.39763779527559057,1.0,0.4,0.5,0.3,0.8,290,254,1.0,1,0
1394765,2023-09-03,China,Thailand,"UKM-YSD Cricket Oval, Bangi",0.4,0.4852941176470588,0.2,0.8,0.3,0.7,0.0,15,68,0.5,1,0
1394763,2023-09-03,United Arab Emirates,Qatar,"Selangor Turf Club, Kuala Lumpur",0.5648148148148148,0.36666666666666664,0.6,0.4,0.5,0.3,1.0,108,30,1.0,1,1
1394762,2023-09-03,Bhutan,Nepal,"UKM-YSD Cricket Oval, Bangi",0.391304347826087,0.6511627906976745,0.4,0.8,0.6,0.8,0.0,23,86,0.5555555555555556,1,0
1373570,2023-09-03,South Africa,Australia,"Kingsmead, Durban",0.5287356321839081,0.6428571428571429,0.2,0.6,0.3,0.8,0.2857142857142857,261,280,0.0,1,0
1336050,2023-09-03,New Zealand,England,"Edgbaston, Birmingham",0.5613382899628253,0.6357388316151202,0.4,0.8,0.6,0.5,0.2631578947368421,269,291,0.6,1,1
1394761,2023-09-03,Malaysia,Bahrain,"Bayuemas Oval, Kuala Lumpur",0.4895833333333333,0.43243243243243246,0.4,0.4,0.6,0.5,0.6666666666666666,96,37,0.75,1,1
1394921,2023-09-03,Malawi,Kenya,"Botswana Cricket Association Oval 1, Gaborone",0.5454545454545454,0.52,0.8,0.6,0.6,0.6,0.5,11,75,0.5,1,0
1394922,2023-09-03,Botswana,Lesotho,"Botswana Cricket Association Oval 2, Gaborone",0.26666666666666666,0.07692307692307693,0.2,0.2,0.2,0.1,1.0,45,13,0.5,1,1
1394764,2023-09-03,Kuwait,Hong Kong,"Bayuemas Oval, Kuala Lumpur",0.35714285714285715,0.46511627906976744,0.4,0.8,0.3,0.5,0.0,42,86,0.25,1,0
1394924,2023-09-03,Cameroon,Eswatini,"Botswana Cricket Association Oval 2, Gaborone",0.0,0.09090909090909091,0.0,0.0,0.0,0.1,0.5,12,11,0.0,1,1
1394923,2023-09-03,Mozambique,Sierra Leone,"Botswana Cricket Association Oval 1, Gaborone",0.3333333333333333,0.46153846153846156,0.8,0.8,0.5,0.7,0.0,24,26,0.4,1,0
1382161,2023-09-03,South Africa,Pakistan,"National Stadium, Karachi",0.5267175572519084,0.5439739413680782,0.0,0.6,0.3,0.4,0.4444444444444444,262,307,0.0,1,0
1394768,2023-09-04,Bhutan,Malaysia,"Selangor Turf Club, Kuala Lumpur",0.375,0.4948453608247423,0.4,0.4,0.5,0.7,0.0,24,97,0.0,1,0
1394769,2023-09-04,Myanmar,China,"UKM-YSD Cricket Oval, Bangi",0.375,0.375,0.6,0.2,0.375,0.3,0.0,8,16,0.0,1,0
1395007,2023-09-04,United States of America,Argentina,"Woodley Cricket Field, Los Angeles",0.4375,0.18181818181818182,0.0,0.2,0.2,0.2,1.0,32,11,0.5,1,1
1394800,2023-09-04,Cook Islands,Vanuatu,Vanuatu Cricket Ground (Oval 2),0.42857142857142855,0.5384615384615384,0.4,1.0,0.42857142857142855,0.6,0.5,7,26,0.5,1,0
1394801,2023-09-04,Indonesia,Cook Islands,Vanuatu Cricket Ground,0.6666666666666666,0.375,0.8,0.2,0.6666666666666666,0.375,0.5,9,8,0.5,1,1
1394767,2023-09-04,Qatar,Nepal,"UKM-YSD Cricket Oval, Bangi",0.3548387096774194,0.6551724137931034,0.2,0.8,0.2,0.8,0.25,31,87,0.5555555555555556,1,0
1394766,2023-09-04,United Arab Emirates,Bahrain,"Bayuemas Oval, Kuala Lumpur",0.5688073394495413,0.42105263157894735,0.8,0.4,0.6,0.4,0.5,109,38,0.5,1,1
1394799,2023-09-04,Samoa,Papua New Guinea,Vanuatu Cricket Ground,0.1111111111111111,0.5573770491803278,0.0,0.8,0.1111111111111111,0.9,0.0,9,61,0.5,1,0
1382162,2023-09-04,Pakistan,South Africa,"National Stadium, Karachi",0.5454545454545454,0.5247148288973384,0.6,0.0,0.5,0.2,0.5675675675675675,308,263,0.7777777777777778,1,1
1395008,2023-09-04,Canada,Brazil,"Woodley Cricket Field, Los Angeles",0.5526315789473685,0.4,0.8,0.4,0.8,0.4,0.5,38,5,0.5,1,1
1394802,2023-09-04,Fiji,Japan,Vanuatu Cricket Ground (Oval 2),0.4444444444444444,0.4583333333333333,0.6,0.4,0.4444444444444444,0.5,0.0,9,24,1.0,1,0
1394928,2023-09-05,Kenya,Lesotho,"Botswana Cricket Association Oval 2, Gaborone",0.5263157894736842,0.07142857142857142,0.6,0.0,0.6,0.1,1.0,76,14,0.5,1,1
1336051,2023-09-05,England,New Zealand,"Trent Bridge, Nottingham",0.6335616438356164,0.562962962962963,0.6,0.4,0.5,0.6,0.717948717948718,292,270,0.5,1,0
1394926,2023-09-05,Sierra Leone,Eswatini,"Botswana Cricket Association Oval 2, Gaborone",0.48148148148148145,0.08333333333333333,1.0,0.0,0.8,0.1,1.0,27,12,0.5,1,1
1394927,2023-09-05,Botswana,Malawi,"Botswana Cricket Association Oval 1, Gaborone",0.2826086956521739,0.5,0.2,0.6,0.2,0.6,0.5,46,12,0.5,1,1
1395009,2023-09-05,United States of America,Brazil,"Woodley Cricket Field, Los Angeles",0.45454545454545453,0.3333333333333333,0.2,0.2,0.2,0.3333333333333333,0.5,33,6,1.0,1,1
1394925,2023-09-05,Cameroon,Mozambique,"Botswana Cricket Association Oval 1, Gaborone",0.07692307692307693,0.32,0.2,0.6,0.1,0.5,0.0,13,25,0.5,1,1
1395010,2023-09-05,Canada,Argentina,"Woodley Cricket Field, Los Angeles",0.5641025641025641,0.16666666666666666,0.8,0.2,0.9,0.2,1.0,39,12,1.0,1,1
1394805,2023-09-05,Samoa,Indonesia,Vanuatu Cricket Ground (Oval 2),0.1,0.7,0.0,0.8,0.1,0.7,0.5,10,10,0.0,1,0
1394775,2023-09-06,Thailand,Hong Kong,"UKM-YSD Cricket Oval, Bangi",0.4927536231884058,0.47126436781609193,0.8,0.8,0.7,0.6,0.5,69,87,0.16666666666666666,1,1
1394774,2023-09-06,Kuwait,Myanmar,"Bayuemas Oval, Kuala Lumpur",0.3488372093023256,0.3333333333333333,0.2,0.6,0.3,0.3333333333333333,0.5,43,9,0.2,1,1
1395026,2023-09-06,France,Netherlands,"Desert Springs Cricket Ground, Almeria",0.41379310344827586,0.48717948717948717,0.4,0.4,0.6,0.4,0.0,29,117,0.5,1,0
1336082,2023-09-06,England,Sri Lanka,"County Ground, Derby",0.6313993174061433,0.4,0.4,0.4,0.5,0.4,0.7619047619047619,293,255,0.5,1,0
1394929,2023-09-06,Botswana,Sierra Leone,"Botswana Cricket Association Oval 1, Gaborone",0.2978723404255319,0.5,0.4,1.0,0.3,0.8,0.5,47,28,0.6,1,1
1394930,2023-09-06,Kenya,Cameroon,"Botswana Cricket Association Oval 1, Gaborone",0.5324675324675324,0.14285714285714285,0.8,0.4,0.6,0.2,1.0,77,14,1.0,1,1
1394807,2023-09-07,Fiji,Papua New Guinea,Vanuatu Cricket Ground (Oval 2),0.4,0.5645161290322581,0.4,0.8,0.4,0.9,0.0,10,62,0.5,1,0
1394806,2023-09-07,Japan,Indonesia,Vanuatu Cricket Ground,0.48,0.7272727272727273,0.6,0.8,0.5,0.8,0.4,25,11,0.3333333333333333,1,0
1395028,2023-09-07,Netherlands,Scotland,"Desert Springs Cricket Ground, Almeria",0.4915254237288136,0.5283018867924528,0.6,1.0,0.5,0.8,0.3888888888888889,118,106,1.0,1,1
1394797,2023-09-07,Vanuatu,Indonesia,Vanuatu Cricket Ground (Oval 2),0.5555555555555556,0.75,1.0,1.0,0.6,0.8,0.5,27,12,1.0,1,1
1395012,2023-09-07,Brazil,Argentina,"Woodley Cricket Field, Los Angeles",0.2857142857142857,0.15384615384615385,0.2,0.2,0.2857142857142857,0.1,1.0,7,13,0.0,1,1
1395011,2023-09-07,United States of America,Canada,"Woodley Cricket Field, Los Angeles",0.47058823529411764,0.575,0.4,1.0,0.3,0.9,0.5,34,40,1.0,1,1
1395029,2023-09-07,Italy,France,"Desert Springs Cricket Ground, Almeria",0.5925925925925926,0.4,0.6,0.2,0.7,0.5,1.0,27,30,0.4,1,1
1395014,2023-09-08,United States of America,Argentina,"Woodley Cricket Field, Los Angeles",0.4857142857142857,0.14285714285714285,0.6,0.2,0.4,0.1,1.0,35,14,1.0,1,1
1395013,2023-09-08,Canada,Brazil,"Woodley Cricket Field, Los Angeles",0.5609756097560976,0.375,0.8,0.4,0.8,0.375,1.0,41,8,0.6666666666666666,1,1
1395031,2023-09-08,France,Scotland,"Desert Springs Cricket Ground, Almeria",0.3870967741935484,0.5233644859813084,0.0,0.8,0.4,0.8,0.0,31,107,0.0,1,0
1394776,2023-09-08,United Arab Emirates,Hong Kong,"Bayuemas Oval, Kuala Lumpur",0.5727272727272728,0.4659090909090909,0.8,0.6,0.7,0.5,0.8181818181818182,110,88,1.0,1,1
1395030,2023-09-08,Italy,Netherlands,"Desert Springs Cricket Ground, Almeria",0.6071428571428571,0.4957983193277311,0.8,0.8,0.7,0.5,0.5,28,119,0.45454545454545453,1,0
1394931,2023-09-08,Cameroon,Sierra Leone,"Botswana Cricket Association Oval 1, Gaborone",0.13333333333333333,0.4827586206896552,0.4,0.8,0.2,0.7,0.0,15,29,0.5,1,0
1394811,2023-09-08,Papua New Guinea,Indonesia,Vanuatu Cricket Ground,0.5714285714285714,0.6923076923076923,0.8,0.8,0.9,0.7,1.0,63,13,0.6666666666666666,1,1
1394810,2023-09-08,Fiji,Cook Islands,Vanuatu Cricket Ground (Oval 2),0.36363636363636365,0.3333333333333333,0.4,0.0,0.4,0.3333333333333333,0.5,11,9,0.3333333333333333,1,0
1394809,2023-09-08,Samoa,Vanuatu,Vanuatu Cricket Ground,0.09090909090909091,0.5714285714285714,0.0,1.0,0.0,0.7,0.3333333333333333,11,28,0.0,1,0
1394777,2023-09-08,Thailand,Nepal,"UKM-YSD Cricket Oval, Bangi",0.5,0.6590909090909091,0.8,1.0,0.7,0.8,0.5,70,88,0.2857142857142857,1,1
1394932,2023-09-08,Botswana,Kenya,"Botswana Cricket Association Oval 1, Gaborone",0.3125,0.5384615384615384,0.6,0.8,0.4,0.7,0.16666666666666666,48,78,0.6666666666666666,1,0
1394778,2023-09-09,United Arab Emirates,Thailand,"Bayuemas Oval, Kuala Lumpur",0.5765765765765766,0.5070422535211268,1.0,0.8,0.8,0.7,0.0,111,71,1.0,1,1
1395016,2023-09-10,Brazil,United States of America,"Woodley Cricket Field, Los Angeles",0.3333333333333333,0.5,0.2,0.8,0.3333333333333333,0.5,0.0,9,36,0.25,1,0
1395032,2023-09-10,Scotland,Italy,"Desert Springs Cricket Ground, Almeria",0.5277777777777778,0.5862068965517241,0.8,0.6,0.8,0.7,1.0,108,29,0.5,1,1
1395033,2023-09-10,France,Netherlands,"Desert Springs Cricket Ground, Almeria",0.375,0.5,0.0,1.0,0.4,0.6,0.0,32,120,0.0,1,0
1395015,2023-09-10,Canada,Argentina,"Woodley Cricket Field, Los Angeles",0.5714285714285714,0.13333333333333333,0.8,0.0,0.8,0.1,1.0,42,15,0.75,1,1
1395017,2023-09-11,Argentina,Brazil,"Woodley Cricket Field, Los Angeles",0.125,0.3,0.0,0.2,0.1,0.3,0.0,16,10,0.0,1,0
1395035,2023-09-11,Scotland,Netherlands,"Desert Springs Cricket Ground, Almeria",0.5321100917431193,0.5041322314049587,0.8,1.0,0.8,0.7,0.5789473684210527,109,121,0.6666666666666666,1,1
1395018,2023-09-11,United States of America,Canada,"Woodley Cricket Field, Los Angeles",0.5135135135135135,0.5813953488372093,1.0,0.8,0.5,0.8,0.5714285714285714,37,43,1.0,1,1
1395036,2023-09-12,Scotland,France,"Desert Springs Cricket Ground, Almeria",0.5363636363636364,0.36363636363636365,0.8,0.0,0.9,0.3,1.0,110,33,0.75,1,1
1395037,2023-09-12,Italy,Netherlands,"Desert Springs Cricket Ground, Almeria",0.5666666666666667,0.5,0.6,0.8,0.6,0.6,0.0,30,122,0.38461538461538464,1,0
1392802,2023-09-15,Saudi Arabia,Kuwait,"West End Park International Cricket Stadium, Doha",0.2,0.36363636363636365,0.4,0.4,0.2,0.3,0.0,15,44,0.5,1,0
1392803,2023-09-15,Qatar,Bahrain,"West End Park International Cricket Stadium, Doha",0.34375,0.41025641025641024,0.2,0.2,0.2,0.4,0.25,32,39,0.4,1,1
1392805,2023-09-16,Bahrain,Kuwait,"West End Park International Cricket Stadium, Doha",0.4,0.37777777777777777,0.2,0.6,0.3,0.4,0.25,40,45,0.5,1,0
1392808,2023-09-18,Qatar,Kuwait,"West End Park International Cricket Stadium, Doha",0.36363636363636365,0.391304347826087,0.2,0.8,0.3,0.5,0.3333333333333333,33,46,0.5,1,1
1392809,2023-09-18,Saudi Arabia,Bahrain,"West End Park International Cricket Stadium, Doha",0.1875,0.3902439024390244,0.4,0.0,0.2,0.2,0.4,16,41,0.3333333333333333,1,0
1392811,2023-09-19,Bahrain,Oman,"West End Park International Cricket Stadium, Doha",0.40476190476190477,0.42857142857142855,0.2,0.4,0.3,0.3,0.5,42,56,0.5,1,1
1398295,2023-09-19,Malaysia,Hong Kong,"Bayuemas Oval, Kuala Lumpur",0.5,0.4606741573033708,0.6,0.6,0.7,0.5,0.5454545454545454,98,89,0.7777777777777778,1,1
1398296,2023-09-20,Malaysia,Papua New Guinea,"Bayuemas Oval, Kuala Lumpur",0.5050505050505051,0.578125,0.6,0.8,0.7,0.9,0.5,99,64,0.8,1,0
1392812,2023-09-20,United Arab Emirates,Qatar,"West End Park International Cricket Stadium, Doha",0.5803571428571429,0.38235294117647056,1.0,0.4,0.8,0.4,1.0,112,34,0.5,1,1
1397437,2023-09-22,Bahrain,United Arab Emirates,"West End Park International Cricket Stadium, Doha",0.4186046511627907,0.584070796460177,0.4,1.0,0.4,0.8,0.3333333333333333,43,113,0.5714285714285714,1,1
1399057,2023-09-22,Thailand,Sri Lanka,Zhejiang University of Technology Cricket Field,0.5,0.40234375,0.6,0.6,0.7,0.5,0.5,72,256,0.5,1,0
1398298,2023-09-22,Malaysia,Hong Kong,"Bayuemas Oval, Kuala Lumpur",0.5,0.45555555555555555,0.6,0.4,0.6,0.5,0.5833333333333334,100,90,0.7272727272727273,1,1
1397438,2023-09-22,Oman,Kuwait,"West End Park International Cricket Stadium, Doha",0.42105263157894735,0.3829787234042553,0.4,0.6,0.3,0.5,1.0,57,47,0.0,1,1
1398299,2023-09-23,Malaysia,Papua New Guinea,"Bayuemas Oval, Kuala Lumpur",0.504950495049505,0.5846153846153846,0.8,1.0,0.6,0.9,0.3333333333333333,101,65,0.75,1,0
1397439,2023-09-23,United Arab Emirates,Oman,"West End Park International Cricket Stadium, Doha",0.5789473684210527,0.43103448275862066,0.8,0.4,0.8,0.4,0.6,114,58,0.5,1,0
1398300,2023-09-24,Hong Kong,Papua New Guinea,"Bayuemas Oval, Kuala Lumpur",0.45054945054945056,0.5909090909090909,0.2,1.0,0.5,0.9,1.0,91,66,0.375,1,0
1399059,2023-09-24,Bangladesh,India,Zhejiang University of Technology Cricket Field,0.3942307692307692,0.6123778501628665,0.2,0.8,0.5,0.6,0.19047619047619047,208,307,0.5,1,0
1399060,2023-09-24,Pakistan,Sri Lanka,Zhejiang University of Technology Cricket Field,0.5469255663430421,0.4046692607003891,0.6,0.8,0.6,0.6,0.6176470588235294,309,257,0.5,1,0
1399062,2023-09-25,India,Sri Lanka,Zhejiang University of Technology Cricket Field,0.6136363636363636,0.4069767441860465,0.8,0.8,0.6,0.7,0.725,308,258,1.0,1,1
1399061,2023-09-25,Pakistan,Bangladesh,Zhejiang University of Technology Cricket Field,0.5451612903225806,0.3923444976076555,0.6,0.2,0.5,0.4,0.88,310,209,0.0,1,0
1400036,2023-09-26,United Arab Emirates,Namibia,Dubai International Cricket Stadium,0.5739130434782609,0.654320987654321,0.6,0.6,0.7,0.5,0.3333333333333333,115,81,0.125,1,1
1399104,2023-09-27,Nepal,Mongolia,Zhejiang University of Technology Cricket Field,0.651685393258427,0.5,0.8,0.5,0.8,0.5,0.5,89,0,0.5,0,1
1400037,2023-09-27,United Arab Emirates,Namibia,Dubai International Cricket Stadium,0.5775862068965517,0.6463414634146342,0.6,0.4,0.8,0.5,0.5,116,82,0.2222222222222222,1,0
1399138,2023-09-28,Qatar,Kuwait,"West End Park International Cricket Stadium, Doha",0.37142857142857144,0.375,0.4,0.6,0.4,0.4,0.5,35,48,0.5,1,0
1399140,2023-09-29,Maldives,Kuwait,"West End Park International Cricket Stadium, Doha",0.17647058823529413,0.3877551020408163,0.2,0.6,0.1,0.5,0.0,17,49,0.0,1,0
1400038,2023-09-29,United Arab Emirates,Namibia,Dubai International Cricket Stadium,0.5726495726495726,0.6506024096385542,0.4,0.4,0.7,0.5,0.4,117,83,0.2,1,0
1399150,2023-09-30,Bermuda,Canada,"White Hill Field, Sandys Parish",0.6,0.5681818181818182,1.0,0.6,0.8,0.7,0.5,20,44,1.0,1,1
1399151,2023-09-30,Panama,Cayman Islands,"White Hill Field, Sandys Parish",0.2857142857142857,0.3,0.2,0.6,0.2857142857142857,0.3,0.0,7,10,0.5,1,0
1400039,2023-09-30,Namibia,United Arab Emirates,Dubai International Cricket Stadium,0.6547619047619048,0.5677966101694916,0.4,0.2,0.6,0.6,0.6666666666666666,84,118,0.5555555555555556,1,1
1391339,2023-09-30,Gibraltar,Estonia,Europa Sports Complex,0.14285714285714285,0.0,0.4,0.0,0.2,0.0,0.5,28,8,0.3333333333333333,1,0
1391338,2023-09-30,Estonia,Gibraltar,Europa Sports Complex,0.1111111111111111,0.13793103448275862,0.2,0.2,0.1111111111111111,0.2,1.0,9,29,1.0,1,0
1399142,2023-10-01,Maldives,Qatar,"West End Park International Cricket Stadium, Doha",0.16666666666666666,0.3611111111111111,0.2,0.4,0.1,0.3,0.0,18,36,0.0,1,0
1399143,2023-10-01,Kuwait,Saudi Arabia,"West End Park International Cricket Stadium, Doha",0.4,0.17647058823529413,0.6,0.4,0.6,0.2,1.0,50,17,0.6666666666666666,1,0
1399153,2023-10-01,Canada,Cayman Islands,"White Hill Field, Sandys Parish",0.5555555555555556,0.36363636363636365,0.4,0.8,0.7,0.4,1.0,45,11,0.8,1,1
1375863,2023-10-01,West Indies,Australia,"North Sydney Oval, Sydney",0.4362934362934363,0.6441281138790036,0.6,0.6,0.7,0.8,0.39285714285714285,259,281,0.5,1,0
1399152,2023-10-01,Panama,Bermuda,"White Hill Field, Sandys Parish",0.25,0.6190476190476191,0.2,1.0,0.25,0.9,0.0,8,21,0.0,1,0
1399144,2023-10-02,Qatar,Kuwait,"West End Park International Cricket Stadium, Doha",0.3783783783783784,0.39215686274509803,0.6,0.4,0.4,0.6,0.4,37,51,0.5,1,0
1399145,2023-10-02,Maldives,Saudi Arabia,"West End Park International Cricket Stadium, Doha",0.15789473684210525,0.2222222222222222,0.2,0.6,0.1,0.3,0.0,19,18,0.0,1,0
1375864,2023-10-02,Australia,West Indies,"North Sydney Oval, Sydney",0.6453900709219859,0.4346153846153846,0.8,0.4,0.8,0.7,0.6206896551724138,282,260,1.0,1,0
1400040,2023-10-02,United Arab Emirates,Namibia,Dubai International Cricket Stadium,0.5630252100840336,0.6588235294117647,0.2,0.6,0.5,0.7,0.2857142857142857,119,85,0.16666666666666666,1,0
1400041,2023-10-03,Namibia,United Arab Emirates,"ICC Academy, Dubai",0.6627906976744186,0.5583333333333333,0.8,0.2,0.7,0.4,0.75,86,120,1.0,1,0
1399114,2023-10-03,Pakistan,Hong Kong,Zhejiang University of Technology Cricket Field,0.5434083601286174,0.44565217391304346,0.6,0.0,0.5,0.4,1.0,311,92,0.0,1,1
1399113,2023-10-03,India,Nepal,Zhejiang University of Technology Cricket Field,0.6148867313915858,0.6555555555555556,0.8,0.8,0.6,0.8,0.5,309,90,1.0,1,1
1399155,2023-10-03,Bermuda,Cayman Islands,"National Stadium, Hamilton",0.6363636363636364,0.3333333333333333,1.0,0.8,1.0,0.4,1.0,22,12,0.5,1,1
1399154,2023-10-03,Canada,Panama,"National Stadium, Hamilton",0.5652173913043478,0.2222222222222222,0.6,0.0,0.7,0.2222222222222222,1.0,46,9,0.5,1,1
1400972,2023-10-04,Nigeria,Rwanda,"Tafawa Balewa Square Cricket Oval, Lagos",0.4,0.3442622950819672,1.0,0.0,0.8,0.0,0.0,45,61,0.5,1,1
1399157,2023-10-04,Panama,Bermuda,"National Stadium, Hamilton",0.2,0.6521739130434783,0.0,1.0,0.2,1.0,0.0,10,23,0.0,1,0
1400973,2023-10-04,Sierra Leone,Ghana,"Tafawa Balewa Square Cricket Oval, Lagos",0.5,0.36363636363636365,0.8,0.2,0.8,0.2,1.0,30,22,0.5,1,0
1399156,2023-10-04,Canada,Cayman Islands,"National Stadium, Hamilton",0.574468085106383,0.3076923076923077,0.6,0.6,0.7,0.4,1.0,47,13,1.0,1,1
1399146,2023-10-04,Maldives,Kuwait,"West End Park International Cricket Stadium, Doha",0.15,0.40384615384615385,0.2,0.6,0.1,0.6,0.0,20,52,0.0,1,0
1399116,2023-10-04,Bangladesh,Malaysia,Zhejiang University of Technology Cricket Field,0.3952380952380952,0.5,0.4,0.6,0.4,0.5,1.0,210,102,0.5,1,1
1400054,2023-10-05,Serbia,Gibraltar,Europa Sports Complex,0.3888888888888889,0.16666666666666666,0.8,0.4,0.6,0.3,0.5,18,30,0.5,1,0
1399149,2023-10-05,Saudi Arabia,Kuwait,"West End Park International Cricket Stadium, Doha",0.2631578947368421,0.41509433962264153,0.6,0.8,0.4,0.7,0.3333333333333333,19,53,0.5,1,0
1399148,2023-10-05,Qatar,Maldives,"West End Park International Cricket Stadium, Doha",0.3684210526315789,0.14285714285714285,0.4,0.2,0.3,0.1,1.0,38,21,0.45454545454545453,1,1
1400053,2023-10-05,Serbia,Gibraltar,Europa Sports Complex,0.3684210526315789,0.1935483870967742,0.6,0.4,0.6,0.4,0.0,19,31,0.0,1,0
1375865,2023-10-05,Australia,West Indies,"Allan Border Field, Brisbane",0.6431095406360424,0.4367816091954023,0.8,0.4,0.7,0.7,0.6,283,261,0.5,1,1
1400974,2023-10-05,Nigeria,Sierra Leone,"Tafawa Balewa Square Cricket Oval, Lagos",0.41304347826086957,0.4838709677419355,1.0,0.6,0.9,0.7,0.8571428571428571,46,31,1.0,1,1
1400977,2023-10-06,Rwanda,Sierra Leone,"Tafawa Balewa Square Cricket Oval, Lagos",0.3387096774193548,0.46875,0.0,0.4,0.0,0.7,0.5,62,32,0.0,1,1
1399117,2023-10-06,Bangladesh,India,Zhejiang University of Technology Cricket Field,0.3981042654028436,0.6161290322580645,0.6,1.0,0.4,0.7,0.18181818181818182,211,310,0.6666666666666666,1,0
1400976,2023-10-06,Nigeria,Ghana,"Tafawa Balewa Square Cricket Oval, Lagos",0.425531914893617,0.391304347826087,1.0,0.4,0.9,0.3,1.0,47,23,1.0,1,1
1399161,2023-10-07,Canada,Bermuda,"National Stadium, Hamilton",0.5833333333333334,0.6666666666666666,0.6,1.0,0.7,1.0,0.0,48,24,1.0,1,1
1400978,2023-10-07,Rwanda,Nigeria,"Tafawa Balewa Square Cricket Oval, Lagos",0.3492063492063492,0.4375,0.2,1.0,0.1,0.9,0.75,63,48,0.5,1,0
1399119,2023-10-07,Pakistan,Bangladesh,Zhejiang University of Technology Cricket Field,0.5448717948717948,0.39622641509433965,0.6,0.6,0.6,0.4,0.8461538461538461,312,212,0.3333333333333333,1,0
1400981,2023-10-08,Rwanda,Ghana,"Tafawa Balewa Square Cricket Oval, Lagos",0.34375,0.375,0.2,0.4,0.1,0.2,0.5,64,24,0.3333333333333333,1,1
1400980,2023-10-08,Sierra Leone,Nigeria,"Tafawa Balewa Square Cricket Oval, Lagos",0.45454545454545453,0.4489795918367347,0.2,1.0,0.6,0.9,0.125,33,49,0.0,1,0
1400983,2023-10-10,Sierra Leone,Rwanda,"Tafawa Balewa Square Cricket Oval, Lagos",0.4411764705882353,0.35384615384615387,0.2,0.4,0.5,0.2,0.0,34,65,0.0,1,1
1400982,2023-10-10,Nigeria,Ghana,"Tafawa Balewa Square Cricket Oval, Lagos",0.46,0.36,1.0,0.2,1.0,0.2,1.0,50,25,1.0,1,1
1400985,2023-10-11,Sierra Leone,Rwanda,"Tafawa Balewa Square Cricket Oval, Lagos",0.45714285714285713,0.3484848484848485,0.2,0.4,0.5,0.2,0.5,35,66,0.2,1,0
1400984,2023-10-11,Ghana,Nigeria,"Tafawa Balewa Square Cricket Oval, Lagos",0.34615384615384615,0.47058823529411764,0.2,1.0,0.2,1.0,0.0,26,51,0.25,1,0
1400986,2023-10-12,Ghana,Rwanda,"Tafawa Balewa Square Cricket Oval, Lagos",0.3333333333333333,0.3582089552238806,0.2,0.6,0.2,0.3,0.42857142857142855,27,67,0.2,1,0
1400987,2023-10-12,Nigeria,Sierra Leone,"Tafawa Balewa Square Cricket Oval, Lagos",0.4807692307692308,0.4444444444444444,1.0,0.2,1.0,0.4,0.8888888888888888,52,36,1.0,1,1
1402765,2023-10-14,Argentina,Chile,San Albano,0.11764705882352941,0.5,0.0,0.5,0.1,0.5,0.5,17,0,0.5,0,1
1400988,2023-10-14,Rwanda,Nigeria,"Tafawa Balewa Square Cricket Oval, Lagos",0.36764705882352944,0.49056603773584906,0.6,1.0,0.4,1.0,0.6,68,53,0.5714285714285714,1,0
1400989,2023-10-14,Ghana,Sierra Leone,"Tafawa Balewa Square Cricket Oval, Lagos",0.32142857142857145,0.43243243243243246,0.0,0.2,0.2,0.3,0.5,28,37,0.16666666666666666,1,1
1392354,2023-10-14,South Africa,New Zealand,"Willowmoore Park, Benoni",0.5227272727272727,0.5645756457564576,0.0,0.6,0.1,0.6,0.5384615384615384,264,271,0.5,1,0
1400056,2023-10-15,Luxembourg,Gibraltar,Europa Sports Complex,0.38461538461538464,0.21875,0.4,0.6,0.4,0.5,0.5,26,32,0.5,1,1
1400055,2023-10-15,Gibraltar,Luxembourg,Europa Sports Complex,0.21212121212121213,0.4074074074074074,0.6,0.6,0.5,0.4,0.0,33,27,0.45454545454545453,1,1
1400990,2023-10-15,Ghana,Sierra Leone,"Tafawa Balewa Square Cricket Oval, Lagos",0.3448275862068966,0.42105263157894735,0.2,0.2,0.3,0.2,0.6666666666666666,29,38,0.2857142857142857,1,0
1400991,2023-10-15,Nigeria,Rwanda,"Tafawa Balewa Square Cricket Oval, Lagos",0.5,0.36231884057971014,1.0,0.6,1.0,0.4,0.5,54,69,1.0,1,1
1402766,2023-10-15,Argentina,Chile,San Albano,0.16666666666666666,0.0,0.2,0.0,0.2,0.0,1.0,18,1,1.0,1,1
1392355,2023-10-15,South Africa,New Zealand,"Willowmoore Park, Benoni",0.5207547169811321,0.5661764705882353,0.0,0.6,0.1,0.6,0.5185185185185185,265,272,0.0,1,1
1403297,2023-10-18,Chile,Mexico,St Georges Quilmes,0.0,0.5,0.0,0.5,0.0,0.5,0.5,2,0,0.5,0,0
1403288,2023-10-18,United Arab Emirates,Nepal,Mulpani Cricket Ground,0.5619834710743802,0.6483516483516484,0.2,0.6,0.4,0.7,0.5714285714285714,121,91,0.5,1,0
1403301,2023-10-19,Mexico,Argentina,St Georges Quilmes,1.0,0.21052631578947367,1.0,0.4,1.0,0.3,0.5,1,19,1.0,1,0
1403289,2023-10-19,Hong Kong,Nepal,Mulpani Cricket Ground,0.44086021505376344,0.6521739130434783,0.0,0.6,0.3,0.7,0.4444444444444444,93,92,0.5,1,0
1403305,2023-10-20,Chile,Argentina,St Georges Quilmes,0.0,0.25,0.0,0.6,0.0,0.3,0.0,3,20,0.0,1,0
1403290,2023-10-21,Nepal,Hong Kong,Mulpani Cricket Ground,0.6559139784946236,0.43617021276595747,0.6,0.0,0.8,0.3,0.6,93,94,1.0,1,1
1403291,2023-10-22,Hong Kong,United Arab Emirates,Mulpani Cricket Ground,0.43157894736842106,0.5573770491803278,0.0,0.2,0.2,0.3,0.16666666666666666,95,122,0.0,1,0
1403686,2023-10-23,Scotland,Ireland,"Desert Springs Cricket Ground, Almeria",0.5405405405405406,0.4381443298969072,0.8,0.6,0.9,0.7,0.3,111,194,0.8,1,0
1403292,2023-10-23,United Arab Emirates,Nepal,Mulpani Cricket Ground,0.5609756097560976,0.6595744680851063,0.4,0.8,0.3,0.8,0.5,123,94,0.5,1,0
1403687,2023-10-24,Ireland,Scotland,"Desert Springs Cricket Ground, Almeria",0.441025641025641,0.5357142857142857,0.6,0.8,0.7,0.8,0.7142857142857143,195,112,1.0,1,0
1404390,2023-10-24,Zimbabwe,Namibia,"Wanderers Cricket Ground, Windhoek",0.4461538461538462,0.6551724137931034,0.4,0.8,0.4,0.6,0.6363636363636364,130,87,0.5,1,0
1404391,2023-10-25,Namibia,Zimbabwe,"Wanderers Cricket Ground, Windhoek",0.6590909090909091,0.44274809160305345,0.8,0.4,0.6,0.3,0.4166666666666667,88,131,1.0,1,0
1403293,2023-10-25,Hong Kong,United Arab Emirates,Mulpani Cricket Ground,0.4270833333333333,0.5564516129032258,0.0,0.4,0.1,0.3,0.15384615384615385,96,124,0.0,1,1
1405121,2023-10-25,Pakistan,Bangladesh,"Zahur Ahmed Chowdhury Stadium, Chattogram",0.5431309904153354,0.39906103286384975,0.4,0.6,0.5,0.4,0.8148148148148148,313,213,0.5,1,0
1403294,2023-10-27,Nepal,United Arab Emirates,"Tribhuvan University International Cricket Ground, Kirtipur",0.6631578947368421,0.552,0.8,0.4,0.8,0.3,0.5555555555555556,95,125,0.7333333333333333,1,0
1405122,2023-10-27,Bangladesh,Pakistan,"Zahur Ahmed Chowdhury Stadium, Chattogram",0.40186915887850466,0.5414012738853503,0.8,0.2,0.5,0.4,0.21428571428571427,214,314,0.8,1,1
1404392,2023-10-27,Namibia,Zimbabwe,"United Cricket Club Ground, Windhoek",0.651685393258427,0.44696969696969696,0.6,0.4,0.5,0.4,0.38461538461538464,89,132,0.6666666666666666,1,0
1405123,2023-10-29,Pakistan,Bangladesh,"Zahur Ahmed Chowdhury Stadium, Chattogram",0.5396825396825397,0.4046511627906977,0.2,0.8,0.4,0.6,0.7586206896551724,315,215,0.0,1,1
1404393,2023-10-29,Zimbabwe,Namibia,"United Cricket Club Ground, Windhoek",0.45112781954887216,0.6444444444444445,0.4,0.4,0.5,0.5,0.6428571428571429,133,90,1.0,1,0
1405313,2023-10-30,Bahrain,United Arab Emirates,Mulpani Cricket Ground,0.4318181818181818,0.5555555555555556,0.6,0.4,0.4,0.3,0.5,44,126,0.5,1,0
1405314,2023-10-30,Singapore,Nepal,"Tribhuvan University International Cricket Ground, Kirtipur",0.32,0.65625,0.4,0.8,0.4,0.7,0.5,50,96,0.5,1,0
1405315,2023-10-30,Oman,Malaysia,"Tribhuvan University International Cricket Ground, Kirtipur",0.4406779661016949,0.49514563106796117,0.4,0.4,0.5,0.5,0.0,59,103,0.5,1,1
1404394,2023-10-30,Namibia,Zimbabwe,"United Cricket Club Ground, Windhoek",0.6483516483516484,0.44776119402985076,0.4,0.4,0.6,0.5,0.4,91,134,0.6363636363636364,1,1
1405316,2023-10-30,Hong Kong,Kuwait,Mulpani Cricket Ground,0.4329896907216495,0.42592592592592593,0.2,0.8,0.1,0.7,1.0,97,54,0.25,1,1
1405317,2023-10-31,Oman,Singapore,"Tribhuvan University International Cricket Ground, Kirtipur",0.45,0.3137254901960784,0.6,0.2,0.5,0.4,0.0,60,51,1.0,1,1
1405318,2023-10-31,Bahrain,Hong Kong,Mulpani Cricket Ground,0.4222222222222222,0.4387755102040816,0.6,0.4,0.4,0.2,0.0,45,98,0.0,1,1
1405320,2023-10-31,Kuwait,United Arab Emirates,Mulpani Cricket Ground,0.41818181818181815,0.5590551181102362,0.6,0.6,0.6,0.4,0.2,55,127,0.0,1,0
1405319,2023-10-31,Malaysia,Nepal,"Tribhuvan University International Cricket Ground, Kirtipur",0.49038461538461536,0.6597938144329897,0.2,0.8,0.4,0.7,0.2,104,97,0.125,1,0
1405321,2023-11-02,Oman,Nepal,"Tribhuvan University International Cricket Ground, Kirtipur",0.45901639344262296,0.6632653061224489,0.8,0.8,0.6,0.7,0.25,61,98,1.0,1,1
1405322,2023-11-02,United Arab Emirates,Hong Kong,Mulpani Cricket Ground,0.5625,0.43434343434343436,0.6,0.4,0.5,0.2,0.7857142857142857,128,99,0.5,1,1
1405323,2023-11-02,Malaysia,Singapore,"Tribhuvan University International Cricket Ground, Kirtipur",0.4857142857142857,0.3076923076923077,0.2,0.0,0.4,0.4,0.7857142857142857,105,52,0.1111111111111111,1,1
1405324,2023-11-02,Bahrain,Kuwait,Mulpani Cricket Ground,0.43478260869565216,0.4107142857142857,0.8,0.6,0.4,0.5,0.2222222222222222,46,56,0.5,1,0
1405325,2023-11-03,Bahrain,Oman,"Tribhuvan University International Cricket Ground, Kirtipur",0.425531914893617,0.46774193548387094,0.6,1.0,0.4,0.7,0.6666666666666666,47,62,0.5,1,0
1405326,2023-11-03,United Arab Emirates,Nepal,Mulpani Cricket Ground,0.5658914728682171,0.6565656565656566,0.8,0.6,0.6,0.7,0.5,129,99,0.5714285714285714,1,0
1407868,2023-11-15,Tanzania,Nepal,Hong Kong Cricket Club,0.7142857142857143,0.66,0.6,0.6,0.6,0.7,0.5,56,100,0.5,1,1
1407869,2023-11-15,Japan,Hong Kong,Hong Kong Cricket Club,0.46153846153846156,0.43,0.6,0.4,0.4,0.2,0.25,26,100,0.5,1,0
1407866,2023-11-16,Tanzania,Japan,Hong Kong Cricket Club,0.7192982456140351,0.4444444444444444,0.6,0.6,0.6,0.4,0.5,57,27,1.0,1,1
1407867,2023-11-16,Nepal,Hong Kong,Hong Kong Cricket Club,0.6534653465346535,0.43564356435643564,0.6,0.6,0.7,0.3,0.6363636363636364,101,101,0.0,1,0
1407864,2023-11-18,Nepal,Japan,Hong Kong Cricket Club,0.6470588235294118,0.42857142857142855,0.4,0.4,0.6,0.3,0.5,102,28,0.0,1,1
1407865,2023-11-18,Tanzania,Hong Kong,Hong Kong Cricket Club,0.7241379310344828,0.4411764705882353,0.8,0.6,0.6,0.4,0.5,58,102,1.0,1,0
1407870,2023-11-19,Nepal,Japan,Hong Kong Cricket Club,0.6504854368932039,0.41379310344827586,0.4,0.2,0.6,0.3,1.0,103,29,0.3333333333333333,1,1
1407871,2023-11-19,Tanzania,Hong Kong,Hong Kong Cricket Club,0.711864406779661,0.44660194174757284,0.6,0.6,0.6,0.5,0.0,59,103,0.6666666666666666,1,0
1407714,2023-11-20,Cambodia,Indonesia,Udayana Cricket Ground,0.0,0.6428571428571429,0.0,0.6,0.0,0.7,0.5,4,14,0.5,1,0
1407715,2023-11-20,Cambodia,Indonesia,Udayana Cricket Ground,0.0,0.6666666666666666,0.0,0.6,0.0,0.7,0.0,5,15,0.0,1,0
1407716,2023-11-21,Indonesia,Cambodia,Udayana Cricket Ground,0.6875,0.0,0.6,0.0,0.7,0.0,1.0,16,6,1.0,1,0
1407717,2023-11-21,Indonesia,Cambodia,Udayana Cricket Ground,0.6470588235294118,0.14285714285714285,0.4,0.2,0.7,0.14285714285714285,0.6666666666666666,17,7,0.6666666666666666,1,1
1407091,2023-11-22,Zimbabwe,Namibia,"Wanderers Cricket Ground, Windhoek",0.4444444444444444,0.6521739130434783,0.4,0.6,0.4,0.7,0.5625,135,92,0.5,1,0
1407090,2023-11-22,Tanzania,Uganda,"Wanderers Cricket Ground, Windhoek",0.7,0.6732673267326733,0.6,1.0,0.5,0.9,0.3125,60,101,0.5,1,0
1407089,2023-11-22,Kenya,Rwanda,"United Cricket Club Ground, Windhoek",0.5443037974683544,0.35714285714285715,1.0,0.4,0.7,0.4,1.0,79,70,0.5,1,1
1407718,2023-11-22,Indonesia,Cambodia,Udayana Cricket Ground,0.6666666666666666,0.125,0.6,0.2,0.7,0.125,0.75,18,8,0.75,1,0
1407093,2023-11-23,Tanzania,Zimbabwe,"United Cricket Club Ground, Windhoek",0.6885245901639344,0.4411764705882353,0.4,0.4,0.5,0.4,0.0,61,136,0.5,1,0
1407092,2023-11-23,Nigeria,Kenya,"United Cricket Club Ground, Windhoek",0.509090909090909,0.55,1.0,1.0,1.0,0.8,0.2,55,80,0.5,1,0
1407719,2023-11-23,Cambodia,Indonesia,Udayana Cricket Ground,0.2222222222222222,0.631578947368421,0.4,0.6,0.2222222222222222,0.6,0.4,9,19,0.4,1,0
1389391,2023-11-23,Australia,India,"Dr. Y.S. Rajasekhara Reddy ACA-VDCA Cricket Stadium, Visakhapatnam",0.6443661971830986,0.617363344051447,0.8,1.0,0.7,0.8,0.5869565217391305,284,311,0.5,1,0
1407095,2023-11-24,Uganda,Namibia,"Wanderers Cricket Ground, Windhoek",0.6764705882352942,0.6559139784946236,1.0,0.6,1.0,0.7,0.21428571428571427,102,93,0.3333333333333333,1,0
1407097,2023-11-25,Namibia,Rwanda,"Wanderers Cricket Ground, Windhoek",0.6595744680851063,0.352112676056338,0.8,0.4,0.7,0.4,1.0,94,71,0.8333333333333334,1,1
1407096,2023-11-25,Kenya,Tanzania,"Wanderers Cricket Ground, Windhoek",0.5555555555555556,0.6774193548387096,1.0,0.2,0.8,0.4,0.4,81,62,0.5,1,1
1389392,2023-11-26,India,Australia,"Greenfield International Stadium, Thiruvananthapuram",0.6185897435897436,0.6421052631578947,1.0,0.6,0.9,0.6,0.425531914893617,312,285,1.0,1,1
1407099,2023-11-26,Zimbabwe,Uganda,"United Cricket Club Ground, Windhoek",0.44525547445255476,0.6699029126213593,0.4,0.8,0.4,0.9,1.0,137,103,0.5,1,0
1407098,2023-11-26,Tanzania,Nigeria,"United Cricket Club Ground, Windhoek",0.6666666666666666,0.5,0.0,0.8,0.4,0.9,1.0,63,56,0.0,1,0
1407100,2023-11-27,Nigeria,Uganda,"United Cricket Club Ground, Windhoek",0.5087719298245614,0.6730769230769231,0.8,0.8,0.9,0.9,0.0,57,104,0.5,1,0
1407101,2023-11-27,Zimbabwe,Rwanda,"Wanderers Cricket Ground, Windhoek",0.4420289855072464,0.3472222222222222,0.2,0.2,0.3,0.4,1.0,138,72,0.3333333333333333,1,1
1407102,2023-11-27,Kenya,Namibia,"United Cricket Club Ground, Windhoek",0.5609756097560976,0.6631578947368421,1.0,1.0,0.9,0.7,0.5,82,95,1.0,1,0
1389393,2023-11-28,India,Australia,"Barsapara Cricket Stadium, Guwahati",0.6198083067092651,0.6398601398601399,1.0,0.4,0.9,0.5,0.4375,313,286,1.0,1,0
1407103,2023-11-28,Namibia,Tanzania,"Wanderers Cricket Ground, Windhoek",0.6666666666666666,0.65625,1.0,0.0,0.7,0.3,0.5,96,64,0.8571428571428571,1,1
1407104,2023-11-29,Nigeria,Zimbabwe,"United Cricket Club Ground, Windhoek",0.5,0.4460431654676259,0.6,0.4,0.8,0.4,0.0,58,139,0.3333333333333333,1,0
1407106,2023-11-29,Uganda,Kenya,"Wanderers Cricket Ground, Windhoek",0.6761904761904762,0.5542168674698795,0.8,0.8,0.9,0.8,0.6428571428571429,105,83,0.25,1,1
1407105,2023-11-29,Tanzania,Rwanda,"Wanderers Cricket Ground, Windhoek",0.6461538461538462,0.3424657534246575,0.0,0.0,0.3,0.3,0.9166666666666666,65,73,0.0,1,1
1407107,2023-11-30,Zimbabwe,Kenya,"United Cricket Club Ground, Windhoek",0.45,0.5476190476190477,0.6,0.6,0.5,0.8,0.5,140,84,0.5,1,1
1407108,2023-11-30,Rwanda,Uganda,"Wanderers Cricket Ground, Windhoek",0.33783783783783783,0.6792452830188679,0.0,0.8,0.3,0.9,0.0,74,106,0.0,1,0
1407109,2023-11-30,Nigeria,Namibia,"Wanderers Cricket Ground, Windhoek",0.4915254237288136,0.6701030927835051,0.4,1.0,0.7,0.8,0.0,59,97,0.5,1,0
1389394,2023-12-01,India,Australia,"Shaheed Veer Narayan Singh International Stadium, Raipur",0.6178343949044586,0.6411149825783972,0.8,0.4,0.8,0.6,0.42857142857142855,314,287,0.5,1,1
1388196,2023-12-03,New Zealand,Pakistan,"University Oval, Dunedin",0.5641025641025641,0.5411392405063291,0.6,0.4,0.5,0.5,0.48717948717948717,273,316,1.0,1,0
1398254,2023-12-03,Bangladesh,South Africa,"Willowmoore Park, Benoni",0.4027777777777778,0.5225563909774437,0.6,0.2,0.6,0.2,0.0,216,266,0.5,1,1
1389395,2023-12-03,India,Australia,"M Chinnaswamy Stadium, Bengaluru",0.6190476190476191,0.6388888888888888,0.8,0.4,0.9,0.6,0.44,315,288,0.5,1,1
1388197,2023-12-05,Pakistan,New Zealand,"University Oval, Dunedin",0.5425867507886435,0.5620437956204379,0.4,0.6,0.5,0.5,0.525,317,274,1.0,1,1
1406073,2023-12-06,England,India,"Wankhede Stadium, Mumbai",0.6292517006802721,0.620253164556962,0.2,0.8,0.5,0.9,0.6222222222222222,294,316,0.5,1,1
1408103,2023-12-07,Ireland,Zimbabwe,Harare Sports Club,0.4387755102040816,0.45390070921985815,0.4,0.8,0.6,0.6,0.5384615384615384,196,141,0.3333333333333333,1,0
1398256,2023-12-08,Bangladesh,South Africa,"Diamond Oval, Kimberley",0.4055299539170507,0.5205992509363296,0.8,0.2,0.7,0.1,0.06666666666666667,217,267,0.5,1,0
1408104,2023-12-09,Zimbabwe,Ireland,Harare Sports Club,0.45774647887323944,0.4365482233502538,0.8,0.2,0.6,0.5,0.5,142,197,0.29411764705882354,1,0
1411261,2023-12-09,Zimbabwe,Kenya,Entebbe Cricket Oval,0.45454545454545453,0.5411764705882353,0.8,0.4,0.5,0.7,1.0,143,85,0.5,1,1
1406074,2023-12-09,India,England,"Wankhede Stadium, Mumbai",0.6182965299684543,0.6305084745762712,0.6,0.2,0.8,0.6,0.3695652173913043,317,295,0.5,1,0
1388198,2023-12-09,Pakistan,New Zealand,"John Davies Oval, Queenstown",0.5440251572327044,0.56,0.6,0.4,0.5,0.4,0.5365853658536586,318,275,0.5,1,0
1411262,2023-12-09,Botswana,Tanzania,Entebbe Cricket Oval,0.30612244897959184,0.6515151515151515,0.6,0.2,0.4,0.3,0.0,49,66,0.5,1,0
1408105,2023-12-10,Zimbabwe,Ireland,Harare Sports Club,0.4583333333333333,0.4393939393939394,0.8,0.4,0.6,0.5,0.4666666666666667,144,198,0.2857142857142857,1,0
1406075,2023-12-10,England,India,"Wankhede Stadium, Mumbai",0.6317567567567568,0.6163522012578616,0.4,0.4,0.6,0.7,0.6382978723404256,296,318,1.0,1,0
1411264,2023-12-10,Rwanda,Uganda,Entebbe Cricket Oval,0.3333333333333333,0.6822429906542056,0.0,0.8,0.2,0.9,0.0,75,107,0.5,1,0
1411263,2023-12-10,Namibia,Nigeria,Entebbe Cricket Oval,0.673469387755102,0.48333333333333334,1.0,0.2,0.8,0.6,1.0,98,60,0.5,1,1
1411266,2023-12-11,Zimbabwe,Botswana,Entebbe Cricket Oval,0.45517241379310347,0.3,0.6,0.6,0.6,0.4,0.5,145,50,1.0,1,1
1411265,2023-12-11,Kenya,Tanzania,Entebbe Cricket Oval,0.5348837209302325,0.6567164179104478,0.2,0.4,0.6,0.3,0.5,86,67,0.5,1,0
1387598,2023-12-12,India,South Africa,"St George's Park, Gqeberha",0.6175548589341693,0.5223880597014925,0.6,0.4,0.7,0.2,0.5833333333333334,319,268,0.5,1,0
1411267,2023-12-12,Rwanda,Nigeria,Entebbe Cricket Oval,0.32894736842105265,0.47540983606557374,0.0,0.2,0.2,0.5,0.42857142857142855,76,61,0.0,1,0
1373579,2023-12-12,England,West Indies,"Kensington Oval, Bridgetown, Barbados",0.6296296296296297,0.4351145038167939,0.4,0.4,0.5,0.6,0.6222222222222222,297,262,0.6666666666666666,1,0
1411268,2023-12-12,Namibia,Uganda,Entebbe Cricket Oval,0.6767676767676768,0.6851851851851852,1.0,1.0,0.9,0.9,0.8,99,108,1.0,1,0
1411270,2023-12-13,Tanzania,Zimbabwe,Entebbe Cricket Oval,0.6617647058823529,0.4589041095890411,0.6,0.6,0.3,0.7,0.0,68,146,1.0,1,0
1411269,2023-12-13,Botswana,Kenya,Entebbe Cricket Oval,0.29411764705882354,0.5287356321839081,0.4,0.0,0.3,0.5,0.14285714285714285,51,87,0.0,1,0
1387599,2023-12-14,India,South Africa,"The Wanderers Stadium, Johannesburg",0.615625,0.5241635687732342,0.4,0.6,0.6,0.3,0.5675675675675675,320,269,0.5,1,1
1411272,2023-12-14,Nigeria,Uganda,Entebbe Cricket Oval,0.4838709677419355,0.6880733944954128,0.2,1.0,0.5,0.9,0.0,62,109,0.25,1,0
1411271,2023-12-14,Namibia,Rwanda,Entebbe Cricket Oval,0.67,0.3246753246753247,0.8,0.0,0.9,0.1,1.0,100,77,0.5,1,1
1373580,2023-12-14,West Indies,England,"National Cricket Stadium, St George's, Grenada",0.4372623574144487,0.62751677852349,0.6,0.4,0.6,0.4,0.391304347826087,263,298,0.4,1,1
1373581,2023-12-16,West Indies,England,"National Cricket Stadium, St George's, Grenada",0.4393939393939394,0.6254180602006689,0.6,0.4,0.6,0.3,0.40425531914893614,264,299,0.5,1,0
1411273,2023-12-16,Zimbabwe,Namibia,Entebbe Cricket Oval,0.46258503401360546,0.6732673267326733,0.6,0.8,0.7,0.9,0.5294117647058824,147,101,1.0,1,1
1411274,2023-12-16,Uganda,Tanzania,Entebbe Cricket Oval,0.6909090909090909,0.6521739130434783,1.0,0.6,0.9,0.3,0.7058823529411765,110,69,0.875,1,1
1411276,2023-12-17,Uganda,Zimbabwe,Entebbe Cricket Oval,0.6936936936936937,0.46621621621621623,1.0,0.8,0.9,0.8,0.2,111,148,0.8888888888888888,1,0
1373582,2023-12-19,England,West Indies,"Brian Lara Stadium, Tarouba, Trinidad",0.6266666666666667,0.4377358490566038,0.4,0.6,0.3,0.5,0.6041666666666666,300,265,0.5,1,1
1373583,2023-12-21,England,West Indies,"Brian Lara Stadium, Tarouba, Trinidad",0.627906976744186,0.43609022556390975,0.4,0.4,0.4,0.4,0.6122448979591837,301,266,1.0,1,0
1412530,2023-12-22,Philippines,Indonesia,Udayana Cricket Ground,0.15384615384615385,0.65,0.2,0.6,0.1,0.6,0.5,13,20,0.5,1,1
1412531,2023-12-23,Philippines,Indonesia,Udayana Cricket Ground,0.21428571428571427,0.6190476190476191,0.4,0.4,0.2,0.5,1.0,14,21,1.0,1,0
1412532,2023-12-23,Indonesia,Philippines,Udayana Cricket Ground,0.6363636363636364,0.2,0.6,0.2,0.5,0.2,0.5,22,15,0.625,1,1
1412533,2023-12-24,Indonesia,Philippines,Udayana Cricket Ground,0.6521739130434783,0.1875,0.6,0.2,0.6,0.2,0.6666666666666666,23,16,0.6666666666666666,1,0
1412535,2023-12-26,Indonesia,Philippines,Udayana Cricket Ground,0.625,0.23529411764705882,0.6,0.4,0.6,0.3,0.5,24,17,0.6,1,0
1388213,2023-12-27,New Zealand,Bangladesh,"McLean Park, Napier",0.5615942028985508,0.4036697247706422,0.4,0.6,0.5,0.6,0.8636363636363636,276,218,0.5,1,0
1388215,2023-12-31,Bangladesh,New Zealand,"Bay Oval, Mount Maunganui",0.4063926940639269,0.5595667870036101,0.6,0.2,0.7,0.4,0.17391304347826086,219,277,0.5,1,0
1406081,2024-01-05,Australia,India,"Dr DY Patil Sports Academy, Mumbai",0.6366782006920415,0.616822429906542,0.2,0.4,0.5,0.6,0.5490196078431373,289,321,1.0,1,0
1406082,2024-01-07,India,Australia,"Dr DY Patil Sports Academy, Mumbai",0.6180124223602484,0.6344827586206897,0.6,0.2,0.6,0.4,0.46153846153846156,322,290,0.5,1,0
1406083,2024-01-09,India,Australia,"Dr DY Patil Sports Academy, Mumbai",0.6160990712074303,0.6357388316151202,0.6,0.4,0.5,0.4,0.4528301886792453,323,291,0.3333333333333333,1,0
1388216,2024-01-12,New Zealand,Pakistan,"Eden Park, Auckland",0.5611510791366906,0.542319749216301,0.4,0.6,0.5,0.4,0.47619047619047616,278,319,0.5,1,1
1412542,2024-01-14,Zimbabwe,Sri Lanka,"R Premadasa Stadium, Colombo",0.4697986577181208,0.40540540540540543,0.8,0.8,0.8,0.6,0.0,149,259,0.5,1,0
1388217,2024-01-14,New Zealand,Pakistan,"Seddon Park, Hamilton",0.5627240143369175,0.540625,0.6,0.6,0.6,0.4,0.4883720930232558,279,320,0.5,1,1
1412543,2024-01-16,Sri Lanka,Zimbabwe,"R Premadasa Stadium, Colombo",0.4076923076923077,0.4666666666666667,0.8,0.8,0.6,0.7,1.0,260,150,0.3333333333333333,1,0
1388218,2024-01-17,New Zealand,Pakistan,"University Oval, Dunedin",0.5642857142857143,0.5389408099688473,0.8,0.4,0.6,0.4,0.5,280,321,0.5,1,1
1412544,2024-01-18,Zimbabwe,Sri Lanka,"R Premadasa Stadium, Colombo",0.47019867549668876,0.4061302681992337,0.8,0.6,0.7,0.6,0.25,151,261,0.5,1,0
1388219,2024-01-19,Pakistan,New Zealand,"Hagley Oval, Christchurch",0.5372670807453416,0.5658362989323843,0.2,0.8,0.3,0.6,0.4888888888888889,322,281,0.8,1,0
1388220,2024-01-21,Pakistan,New Zealand,"Hagley Oval, Christchurch",0.5356037151702786,0.5673758865248227,0.0,1.0,0.3,0.6,0.4782608695652174,323,282,0.6666666666666666,1,1
1415983,2024-01-26,Ireland,Zimbabwe,Harare Sports Club,0.44221105527638194,0.46710526315789475,0.6,0.6,0.6,0.6,0.5625,199,152,0.5,1,1
1418176,2024-01-27,Myanmar,Cambodia,"Terdthai Cricket Ground, Bangkok",0.3,0.2,0.4,0.4,0.3,0.2,0.5,10,10,0.5,1,0
1375869,2024-01-27,South Africa,Australia,"Manuka Oval, Canberra",0.5222222222222223,0.636986301369863,0.6,0.4,0.3,0.4,0.27586206896551724,270,292,0.5,1,0
1418177,2024-01-28,Cambodia,China,"Terdthai Cricket Ground, Bangkok",0.2727272727272727,0.4117647058823529,0.6,0.4,0.3,0.4,0.5,11,17,1.0,1,1
1415984,2024-01-28,Ireland,Zimbabwe,Harare Sports Club,0.445,0.46405228758169936,0.6,0.4,0.6,0.6,0.5882352941176471,200,153,0.5714285714285714,1,1
1375870,2024-01-28,Australia,South Africa,"Manuka Oval, Canberra",0.6382252559726962,0.5202952029520295,0.6,0.4,0.5,0.3,0.7333333333333333,293,271,0.6666666666666666,1,0
1375871,2024-01-30,South Africa,Australia,"Bellerive Oval, Hobart",0.5220588235294118,0.6360544217687075,0.6,0.6,0.4,0.4,0.2903225806451613,272,294,0.5,1,0
1415985,2024-01-30,Ireland,Zimbabwe,Harare Sports Club,0.44776119402985076,0.461038961038961,0.8,0.2,0.6,0.5,0.6111111111111112,201,154,0.625,1,1
1415986,2024-02-01,Zimbabwe,Ireland,Harare Sports Club,0.45806451612903226,0.4504950495049505,0.2,1.0,0.5,0.6,0.3684210526315789,155,202,0.2564102564102564,1,0
1418181,2024-02-01,Indonesia,Bhutan,"Terdthai Cricket Ground, Bangkok",0.6,0.36,0.4,0.2,0.5,0.4,0.5,25,25,0.5,1,1
1418182,2024-02-02,Singapore,Maldives,"Terdthai Cricket Ground, Bangkok",0.3018867924528302,0.13636363636363635,0.0,0.0,0.4,0.1,0.5,53,22,0.5,1,1
1415987,2024-02-02,Ireland,Zimbabwe,Harare Sports Club,0.45320197044334976,0.4551282051282051,1.0,0.0,0.7,0.4,0.65,203,156,0.7,1,1
1418183,2024-02-02,Japan,Thailand,"Terdthai Cricket Ground, Bangkok",0.4,0.4931506849315068,0.0,0.6,0.3,0.7,0.5,30,73,0.5,1,1
1418184,2024-02-03,Bhutan,Saudi Arabia,"Terdthai Cricket Ground, Bangkok",0.34615384615384615,0.25,0.2,0.4,0.3,0.4,0.5,26,20,0.0,1,0
1418185,2024-02-03,Indonesia,Cambodia,"Terdthai Cricket Ground, Bangkok",0.6153846153846154,0.3333333333333333,0.6,0.6,0.5,0.4,0.6666666666666666,26,12,1.0,1,0
1418187,2024-02-04,Japan,Maldives,"Terdthai Cricket Ground, Bangkok",0.41935483870967744,0.13043478260869565,0.2,0.0,0.4,0.1,0.5,31,23,1.0,1,1
1419510,2024-02-04,Malaysia,Kuwait,Johor Cricket Academy Oval,0.49056603773584906,0.42105263157894735,0.2,0.6,0.5,0.6,1.0,106,57,0.5,1,1
1418186,2024-02-04,Singapore,Thailand,"Terdthai Cricket Ground, Bangkok",0.3148148148148148,0.4864864864864865,0.2,0.4,0.4,0.6,1.0,54,74,1.0,1,0
1418188,2024-02-05,Saudi Arabia,Indonesia,"Terdthai Cricket Ground, Bangkok",0.2857142857142857,0.5925925925925926,0.6,0.4,0.5,0.5,0.5,21,27,1.0,1,1
1419511,2024-02-05,Kuwait,Malaysia,Johor Cricket Academy Oval,0.41379310344827586,0.4953271028037383,0.4,0.4,0.6,0.5,0.0,58,107,0.0,1,0
1418191,2024-02-06,Maldives,Thailand,"Terdthai Cricket Ground, Bangkok",0.125,0.49333333333333335,0.0,0.4,0.1,0.6,0.6666666666666666,24,75,0.0,1,0
1418190,2024-02-06,Singapore,Japan,"Terdthai Cricket Ground, Bangkok",0.3090909090909091,0.4375,0.2,0.4,0.3,0.5,0.5,55,32,0.5,1,1
1418193,2024-02-07,Maldives,Bhutan,"Terdthai Cricket Ground, Bangkok",0.12,0.3333333333333333,0.0,0.2,0.1,0.3,0.3333333333333333,25,27,0.0,1,1
1418192,2024-02-07,Indonesia,Thailand,"Terdthai Cricket Ground, Bangkok",0.5714285714285714,0.5,0.2,0.4,0.4,0.6,0.5,28,76,0.3333333333333333,1,0
1418194,2024-02-09,Japan,Saudi Arabia,"Terdthai Cricket Ground, Bangkok",0.42424242424242425,0.3181818181818182,0.4,0.8,0.4,0.6,0.5,33,22,0.6666666666666666,1,0
1375850,2024-02-09,Australia,West Indies,"Bellerive Oval, Hobart",0.6372881355932203,0.43820224719101125,0.8,0.6,0.5,0.5,0.6129032258064516,295,267,1.0,1,1
1418195,2024-02-09,Singapore,Cambodia,"Terdthai Cricket Ground, Bangkok",0.32142857142857145,0.38461538461538464,0.4,0.8,0.3,0.5,1.0,56,13,0.6666666666666666,1,0
1419912,2024-02-10,Bahrain,Qatar,"Royal Selangor Club, Kuala Lumpur",0.4166666666666667,0.38461538461538464,0.4,0.4,0.4,0.4,0.6,48,39,0.5,1,0
1419913,2024-02-10,Bhutan,Maldives,"Selangor Turf Club, Kuala Lumpur",0.32142857142857145,0.15384615384615385,0.0,0.2,0.2,0.2,0.5,28,26,0.0,1,1
1419911,2024-02-10,Japan,Oman,"YSD-UKM Cricket Oval, Bangi",0.4117647058823529,0.47619047619047616,0.4,1.0,0.3,0.7,0.5,34,63,0.5,1,1
1419908,2024-02-10,Indonesia,Malaysia,"Royal Selangor Club, Kuala Lumpur",0.5517241379310345,0.5,0.2,0.6,0.4,0.5,0.5,29,108,0.5,1,0
1419909,2024-02-10,Hong Kong,Nepal,"Selangor Turf Club, Kuala Lumpur",0.4519230769230769,0.6538461538461539,0.8,0.6,0.6,0.6,0.4166666666666667,104,104,1.0,1,0
1419906,2024-02-10,Myanmar,Thailand,"Bayuemas Oval, Kuala Lumpur",0.2727272727272727,0.5064935064935064,0.2,0.6,0.3,0.6,0.0,11,77,0.0,1,0
1419907,2024-02-10,United Arab Emirates,China,"YSD-UKM Cricket Oval, Bangi",0.5615384615384615,0.3888888888888889,0.8,0.2,0.6,0.3,1.0,130,18,0.5,1,1
1419910,2024-02-10,Singapore,Kuwait,"Bayuemas Oval, Kuala Lumpur",0.3157894736842105,0.4067796610169492,0.4,0.2,0.2,0.5,0.0,57,59,0.5,1,0
1419921,2024-02-11,Hong Kong,Maldives,"Bayuemas Oval, Kuala Lumpur",0.44761904761904764,0.14814814814814814,0.8,0.2,0.6,0.1,0.5,105,27,0.3333333333333333,1,1
1418196,2024-02-11,Japan,Singapore,"Terdthai Cricket Ground, Bangkok",0.42857142857142855,0.3103448275862069,0.6,0.4,0.3,0.2,0.0,35,58,0.5,1,0
1419919,2024-02-11,China,Japan,"Royal Selangor Club, Kuala Lumpur",0.3684210526315789,0.4166666666666667,0.2,0.4,0.2,0.3,0.5,19,36,0.5,1,0
1419920,2024-02-11,Malaysia,Qatar,"Selangor Turf Club, Kuala Lumpur",0.5045871559633027,0.4,0.8,0.6,0.5,0.5,0.6666666666666666,109,40,1.0,1,1
1419917,2024-02-11,Bhutan,Nepal,"Bayuemas Oval, Kuala Lumpur",0.3448275862068966,0.6571428571428571,0.2,0.6,0.3,0.6,0.0,29,105,0.6,1,0
1419916,2024-02-11,Indonesia,Bahrain,"Selangor Turf Club, Kuala Lumpur",0.5333333333333333,0.40816326530612246,0.2,0.2,0.3,0.4,0.5,30,49,0.5,1,1
1419915,2024-02-11,United Arab Emirates,Oman,"Royal Selangor Club, Kuala Lumpur",0.5648854961832062,0.46875,0.8,0.8,0.6,0.6,0.5,131,64,0.5,1,1
1419914,2024-02-11,Thailand,Kuwait,"YSD-UKM Cricket Oval, Bangi",0.5128205128205128,0.4166666666666667,0.8,0.4,0.7,0.5,1.0,78,60,0.5,1,1
1375851,2024-02-11,Australia,West Indies,Adelaide Oval,0.6385135135135135,0.43656716417910446,0.8,0.4,0.6,0.5,0.625,296,268,0.42857142857142855,1,1
1419918,2024-02-11,Singapore,Myanmar,"YSD-UKM Cricket Oval, Bangi",0.3220338983050847,0.25,0.4,0.0,0.3,0.3,0.0,59,12,0.5,1,0
1418197,2024-02-11,Cambodia,Saudi Arabia,"Terdthai Cricket Ground, Bangkok",0.42857142857142855,0.34782608695652173,0.8,0.8,0.6,0.7,0.5,14,23,1.0,1,0
1420801,2024-02-12,Bhutan,Thailand,"Terdthai Cricket Ground, Bangkok",0.3333333333333333,0.5189873417721519,0.2,1.0,0.2,0.7,0.6666666666666666,30,79,0.0,1,0
1420802,2024-02-12,Saudi Arabia,Maldives,"Terdthai Cricket Ground, Bangkok",0.375,0.14285714285714285,0.8,0.2,0.7,0.1,1.0,24,28,1.0,1,1
1420804,2024-02-13,Bhutan,Maldives,"Terdthai Cricket Ground, Bangkok",0.3225806451612903,0.13793103448275862,0.2,0.2,0.2,0.1,0.6,31,29,0.0,1,0
1375852,2024-02-13,West Indies,Australia,Perth Stadium,0.4349442379182156,0.6397306397306397,0.2,0.8,0.4,0.6,0.36363636363636365,269,297,0.5,1,1
1419925,2024-02-13,Hong Kong,Bhutan,"YSD-UKM Cricket Oval, Bangi",0.4528301886792453,0.3125,0.8,0.2,0.7,0.2,1.0,106,32,0.5,1,1
1419928,2024-02-13,Qatar,Indonesia,"Bayuemas Oval, Kuala Lumpur",0.3902439024390244,0.5483870967741935,0.6,0.2,0.5,0.4,0.5,41,31,0.0,1,0
1419927,2024-02-13,Japan,United Arab Emirates,"Selangor Turf Club, Kuala Lumpur",0.43243243243243246,0.5681818181818182,0.4,0.8,0.4,0.7,0.5,37,132,0.5,1,0
1419926,2024-02-13,Thailand,Singapore,"Royal Selangor Club, Kuala Lumpur",0.525,0.31666666666666665,1.0,0.4,0.7,0.3,0.5,80,60,0.5,1,1
1419924,2024-02-13,Malaysia,Bahrain,"Bayuemas Oval, Kuala Lumpur",0.509090909090909,0.4,1.0,0.2,0.6,0.4,0.75,110,50,0.6923076923076923,1,1
1419923,2024-02-13,Oman,China,"Selangor Turf Club, Kuala Lumpur",0.46153846153846156,0.35,0.6,0.2,0.6,0.2,0.5,65,20,0.5,1,0
1419922,2024-02-13,Kuwait,Myanmar,"Royal Selangor Club, Kuala Lumpur",0.4098360655737705,0.3076923076923077,0.4,0.2,0.5,0.4,1.0,61,13,0.5,1,1
1419929,2024-02-13,Nepal,Maldives,"YSD-UKM Cricket Oval, Bangi",0.660377358490566,0.16666666666666666,0.8,0.4,0.7,0.2,1.0,106,30,0.6,1,1
1420803,2024-02-13,Thailand,Saudi Arabia,"Terdthai Cricket Ground, Bangkok",0.5308641975308642,0.4,1.0,1.0,0.7,0.7,0.5,81,25,0.75,1,0
1418540,2024-02-14,Japan,Hong Kong,"Mission Road Ground, Mong Kok, Hong Kong",0.42105263157894735,0.45794392523364486,0.4,0.8,0.4,0.7,0.2,38,107,0.5,1,0
1419930,2024-02-14,Hong Kong,Thailand,"Bayuemas Oval, Kuala Lumpur",0.46296296296296297,0.524390243902439,0.8,0.8,0.7,0.7,0.3333333333333333,108,82,0.4,1,0
1419933,2024-02-14,Kuwait,Nepal,"YSD-UKM Cricket Oval, Bangi",0.41935483870967744,0.6635514018691588,0.4,1.0,0.5,0.7,0.0,62,107,0.0,1,0
1419932,2024-02-14,Malaysia,Japan,"Bayuemas Oval, Kuala Lumpur",0.5135135135135135,0.41025641025641024,1.0,0.4,0.6,0.4,0.5,111,39,0.7142857142857143,1,1
1419931,2024-02-14,United Arab Emirates,Indonesia,"YSD-UKM Cricket Oval, Bangi",0.5714285714285714,0.5625,0.8,0.4,0.7,0.4,0.5,133,32,1.0,1,1
1418539,2024-02-14,Hong Kong,China,"Mission Road Ground, Mong Kok, Hong Kong",0.45871559633027525,0.38095238095238093,0.6,0.4,0.7,0.3,0.5,109,21,1.0,1,1
1420805,2024-02-15,Maldives,Thailand,"Terdthai Cricket Ground, Bangkok",0.16129032258064516,0.5301204819277109,0.2,0.8,0.2,0.8,0.5,31,83,0.3333333333333333,1,0
1420806,2024-02-15,Saudi Arabia,Bhutan,"Terdthai Cricket Ground, Bangkok",0.4230769230769231,0.30303030303030304,1.0,0.2,0.8,0.1,1.0,26,33,1.0,1,1
1418542,2024-02-15,Hong Kong,Japan,"Mission Road Ground, Mong Kok, Hong Kong",0.4636363636363636,0.4,0.8,0.2,0.8,0.4,0.8333333333333334,110,40,1.0,1,1
1418541,2024-02-15,Japan,China,"Mission Road Ground, Mong Kok, Hong Kong",0.3902439024390244,0.36363636363636365,0.2,0.2,0.3,0.3,1.0,41,22,0.0,1,1
1418543,2024-02-16,China,Hong Kong,"Mission Road Ground, Mong Kok, Hong Kong",0.34782608695652173,0.46846846846846846,0.2,0.8,0.2,0.8,0.4,23,111,0.0,1,0
1419935,2024-02-16,Nepal,Malaysia,"Bayuemas Oval, Kuala Lumpur",0.6666666666666666,0.5178571428571429,1.0,1.0,0.7,0.7,0.8125,108,112,0.8333333333333334,1,0
1420807,2024-02-16,Thailand,Saudi Arabia,"Terdthai Cricket Ground, Bangkok",0.5357142857142857,0.4444444444444444,0.8,1.0,0.9,0.9,0.0,84,27,0.7,1,0
1418544,2024-02-16,Japan,China,"Mission Road Ground, Mong Kok, Hong Kong",0.40476190476190477,0.3333333333333333,0.2,0.2,0.3,0.2,1.0,42,24,0.3333333333333333,1,1
1419934,2024-02-16,United Arab Emirates,Thailand,"Bayuemas Oval, Kuala Lumpur",0.5746268656716418,0.5294117647058824,0.8,0.6,0.8,0.8,0.2,134,85,1.0,1,1
1420808,2024-02-16,Maldives,Bhutan,"Terdthai Cricket Ground, Bangkok",0.15625,0.29411764705882354,0.2,0.0,0.2,0.1,0.5,32,34,0.2857142857142857,1,0
1418545,2024-02-17,Hong Kong,Japan,"Mission Road Ground, Mong Kok, Hong Kong",0.4732142857142857,0.4186046511627907,0.8,0.4,0.8,0.4,0.8571428571428571,112,43,1.0,1,1
1419936,2024-02-18,United Arab Emirates,Malaysia,"Bayuemas Oval, Kuala Lumpur",0.5777777777777777,0.5221238938053098,1.0,1.0,0.9,0.8,1.0,135,113,1.0,1,1
1388223,2024-02-21,New Zealand,Australia,"Sky Stadium, Wellington",0.5653710247349824,0.6375838926174496,0.8,0.6,0.6,0.6,0.3235294117647059,283,298,0.5,1,0
1388224,2024-02-23,Australia,New Zealand,"Eden Park, Auckland",0.6387959866220736,0.5633802816901409,0.8,0.6,0.7,0.6,0.6857142857142857,299,284,0.5,1,1
1388225,2024-02-25,Australia,New Zealand,"Eden Park, Auckland",0.64,0.5614035087719298,0.8,0.4,0.8,0.6,0.6944444444444444,300,285,1.0,1,1
1422802,2024-02-27,Hong Kong,Qatar,University of Doha for Science and Technology,0.4778761061946903,0.38095238095238093,0.8,0.4,0.8,0.5,0.5,113,42,0.5,1,1
1422037,2024-02-27,Namibia,Nepal,"Tribhuvan University International Cricket Ground, Kirtipur",0.6666666666666666,0.6605504587155964,0.6,0.8,0.8,0.7,0.5,102,109,0.5,1,1
1422038,2024-02-28,Netherlands,Nepal,"Tribhuvan University International Cricket Ground, Kirtipur",0.5040650406504065,0.6545454545454545,0.8,0.6,0.7,0.6,0.5,123,110,0.5,1,1
1422803,2024-02-29,Hong Kong,Qatar,University of Doha for Science and Technology,0.4824561403508772,0.37209302325581395,1.0,0.4,0.8,0.4,1.0,114,43,1.0,1,0
1422039,2024-02-29,Netherlands,Namibia,"Tribhuvan University International Cricket Ground, Kirtipur",0.5080645161290323,0.6699029126213593,0.8,0.6,0.8,0.8,0.75,124,103,0.6,1,1
1422040,2024-03-01,Nepal,Namibia,"Tribhuvan University International Cricket Ground, Kirtipur",0.6486486486486487,0.6634615384615384,0.4,0.4,0.6,0.7,0.0,111,104,0.6190476190476191,1,1
1422041,2024-03-02,Netherlands,Nepal,"Tribhuvan University International Cricket Ground, Kirtipur",0.512,0.6517857142857143,0.8,0.4,0.9,0.7,0.5714285714285714,125,112,0.6666666666666666,1,0
1419824,2024-03-04,Sri Lanka,Bangladesh,Sylhet International Cricket Stadium,0.4083969465648855,0.40454545454545454,0.6,0.4,0.7,0.6,0.6956521739130435,262,220,0.6666666666666666,1,1
1422807,2024-03-05,Vanuatu,Tanzania,"Bayuemas Oval, Kuala Lumpur",0.5862068965517241,0.6428571428571429,1.0,0.6,0.8,0.3,0.5,29,70,0.5,1,1
1422808,2024-03-05,Kuwait,Bahrain,"Bayuemas Oval, Kuala Lumpur",0.4126984126984127,0.39215686274509803,0.4,0.0,0.4,0.4,0.8,63,51,0.42857142857142855,1,0
1422043,2024-03-05,Nepal,Netherlands,"Tribhuvan University International Cricket Ground, Kirtipur",0.6548672566371682,0.5079365079365079,0.4,0.6,0.7,0.8,0.5,113,126,0.6521739130434783,1,0
1422809,2024-03-06,Tanzania,Kuwait,"Bayuemas Oval, Kuala Lumpur",0.6338028169014085,0.40625,0.4,0.4,0.3,0.3,0.5,71,64,0.0,1,0
1423372,2024-03-06,Papua New Guinea,Oman,Al Amerat Cricket Ground Oman Cricket (Ministry Turf 1),0.5970149253731343,0.45454545454545453,1.0,0.4,0.9,0.6,0.0,67,66,0.0,1,0
1422810,2024-03-06,Malaysia,Vanuatu,"Bayuemas Oval, Kuala Lumpur",0.5175438596491229,0.6,0.8,1.0,0.8,0.9,0.4,114,30,0.7058823529411765,1,1
1419825,2024-03-06,Sri Lanka,Bangladesh,Sylhet International Cricket Stadium,0.41064638783269963,0.40271493212669685,0.6,0.4,0.7,0.5,0.7083333333333334,263,221,0.7142857142857143,1,0
1423459,2024-03-07,Namibia,South Africa,"Achimota Senior Secondary School A Field, Accra",0.6571428571428571,0.5201465201465202,0.4,0.4,0.6,0.4,0.5,105,273,0.5,1,1
1422812,2024-03-07,Vanuatu,Kuwait,"Bayuemas Oval, Kuala Lumpur",0.5806451612903226,0.4153846153846154,0.8,0.4,0.9,0.4,0.5,31,65,0.5,1,0
1423373,2024-03-07,Oman,Papua New Guinea,Al Amerat Cricket Ground Oman Cricket (Ministry Turf 1),0.4626865671641791,0.5882352941176471,0.4,0.8,0.7,0.8,1.0,67,68,0.4482758620689655,1,0
1422811,2024-03-07,Malaysia,Bahrain,"Bayuemas Oval, Kuala Lumpur",0.5217391304347826,0.40384615384615385,0.8,0.2,0.9,0.4,0.8,115,52,0.7222222222222222,1,0
1423463,2024-03-08,Tanzania,South Africa,"Achimota Senior Secondary School A Field, Accra",0.625,0.5182481751824818,0.2,0.2,0.3,0.4,0.5,72,274,0.5,1,0
1423464,2024-03-08,Nigeria,Namibia,"Achimota Senior Secondary School B Field, Accra",0.47619047619047616,0.660377358490566,0.2,0.4,0.4,0.6,0.0,63,106,0.5,1,1
1423465,2024-03-08,Uganda,Zimbabwe,"Achimota Senior Secondary School A Field, Accra",0.6875,0.45222929936305734,0.8,0.0,0.8,0.3,0.16666666666666666,112,157,0.5,1,0
1423374,2024-03-08,Papua New Guinea,Oman,Al Amerat Cricket Ground Oman Cricket (Ministry Turf 1),0.5942028985507246,0.45588235294117646,0.8,0.2,0.8,0.6,0.3333333333333333,69,68,0.2,1,0
1422813,2024-03-09,Kuwait,Malaysia,"Bayuemas Oval, Kuala Lumpur",0.42424242424242425,0.5172413793103449,0.6,0.6,0.5,0.8,0.0,66,116,0.5,1,0
1422814,2024-03-09,Bahrain,Tanzania,"Bayuemas Oval, Kuala Lumpur",0.41509433962264153,0.6164383561643836,0.4,0.0,0.4,0.3,0.5,53,73,0.4,1,1
1419826,2024-03-09,Sri Lanka,Bangladesh,Sylhet International Cricket Stadium,0.4090909090909091,0.40540540540540543,0.6,0.4,0.7,0.6,0.68,264,222,0.625,1,1
1423439,2024-03-09,Hong Kong,Nepal,"Mission Road Ground, Mong Kok, Hong Kong",0.4782608695652174,0.6491228070175439,0.8,0.4,0.8,0.6,0.38461538461538464,115,114,1.0,1,1
1423467,2024-03-10,Namibia,Tanzania,"Achimota Senior Secondary School A Field, Accra",0.6542056074766355,0.6081081081081081,0.4,0.0,0.5,0.3,1.0,107,74,1.0,1,0
1423470,2024-03-10,Uganda,Rwanda,"Achimota Senior Secondary School B Field, Accra",0.6814159292035398,0.32051282051282054,0.6,0.0,0.8,0.0,1.0,113,78,0.5,1,1
1422816,2024-03-10,Tanzania,Malaysia,"Bayuemas Oval, Kuala Lumpur",0.6133333333333333,0.5213675213675214,0.2,0.6,0.4,0.8,0.5,75,117,0.0,1,0
1422815,2024-03-10,Bahrain,Vanuatu,"Bayuemas Oval, Kuala Lumpur",0.42592592592592593,0.5625,0.6,0.6,0.4,0.8,0.5,54,32,0.5,1,1
1421078,2024-03-11,Scotland,United Arab Emirates,Dubai International Cricket Stadium,0.5398230088495575,0.5808823529411765,0.8,1.0,0.8,0.9,0.75,113,136,0.4,1,0
1423471,2024-03-11,South Africa,Uganda,"Achimota Senior Secondary School A Field, Accra",0.52,0.6842105263157895,0.4,0.6,0.5,0.8,0.5,275,114,0.5,1,1
1423472,2024-03-11,Nigeria,Zimbabwe,"Achimota Senior Secondary School A Field, Accra",0.484375,0.45569620253164556,0.4,0.2,0.4,0.3,0.0,64,158,0.5,1,0
1422817,2024-03-11,Vanuatu,Kuwait,"Bayuemas Oval, Kuala Lumpur",0.5454545454545454,0.417910447761194,0.4,0.4,0.7,0.4,0.0,33,67,0.25,1,0
1422818,2024-03-11,Malaysia,Bahrain,"Bayuemas Oval, Kuala Lumpur",0.5254237288135594,0.43636363636363634,0.6,0.8,0.8,0.5,0.6666666666666666,118,55,0.7142857142857143,1,0
1423441,2024-03-12,Nepal,Papua New Guinea,"Mission Road Ground, Mong Kok, Hong Kong",0.6434782608695652,0.5857142857142857,0.4,0.6,0.5,0.8,0.75,115,70,0.0,1,1
1423442,2024-03-12,Hong Kong,Papua New Guinea,"Mission Road Ground, Mong Kok, Hong Kong",0.4827586206896552,0.5774647887323944,0.8,0.4,0.8,0.7,0.5,116,71,1.0,1,0
1423473,2024-03-13,Uganda,Nigeria,"Achimota Senior Secondary School A Field, Accra",0.6782608695652174,0.47692307692307695,0.4,0.4,0.7,0.3,1.0,115,65,0.0,1,0
1423444,2024-03-13,Papua New Guinea,Nepal,"Mission Road Ground, Mong Kok, Hong Kong",0.5833333333333334,0.646551724137931,0.4,0.6,0.7,0.5,0.2,72,116,0.5,1,1
1421079,2024-03-13,Scotland,United Arab Emirates,Dubai International Cricket Stadium,0.5350877192982456,0.583941605839416,0.6,1.0,0.7,0.9,0.6,114,137,0.36363636363636365,1,1
1421080,2024-03-14,Scotland,United Arab Emirates,Dubai International Cricket Stadium,0.5391304347826087,0.5797101449275363,0.6,0.8,0.7,0.8,0.6666666666666666,115,138,0.4166666666666667,1,1
1425110,2024-03-16,Papua New Guinea,Malaysia,"Bayuemas Oval, Kuala Lumpur",0.589041095890411,0.5210084033613446,0.6,0.6,0.7,0.7,0.75,73,119,1.0,1,1
1424752,2024-03-17,Zimbabwe,Namibia,"Achimota Senior Secondary School A Field, Accra",0.4591194968553459,0.6481481481481481,0.4,0.2,0.3,0.4,0.5555555555555556,159,108,1.0,1,1
1424753,2024-03-17,Tanzania,Nigeria,"Achimota Senior Secondary School B Field, Accra",0.6052631578947368,0.48484848484848486,0.2,0.6,0.3,0.4,0.75,76,66,0.5,1,1
1424754,2024-03-17,South Africa,Ghana,"Achimota Senior Secondary School A Field, Accra",0.5217391304347826,0.3333333333333333,0.6,0.2,0.5,0.2,0.5,276,30,0.6666666666666666,1,1
1424755,2024-03-17,Uganda,Kenya,"Achimota Senior Secondary School B Field, Accra",0.6724137931034483,0.5340909090909091,0.2,0.2,0.6,0.5,0.6666666666666666,116,88,1.0,1,1
1425111,2024-03-17,Malaysia,Papua New Guinea,"Bayuemas Oval, Kuala Lumpur",0.5166666666666667,0.5945945945945946,0.4,0.6,0.6,0.7,0.2,120,74,0.6521739130434783,1,1
1424756,2024-03-18,Tanzania,Zimbabwe,"Achimota Senior Secondary School A Field, Accra",0.6103896103896104,0.4625,0.4,0.6,0.3,0.4,0.0,77,160,0.5,1,0
1424759,2024-03-18,Uganda,Ghana,"Achimota Senior Secondary School B Field, Accra",0.6752136752136753,0.3225806451612903,0.4,0.2,0.6,0.2,1.0,117,31,1.0,1,1
1424757,2024-03-18,Namibia,Nigeria,"Achimota Senior Secondary School B Field, Accra",0.6422018348623854,0.47761194029850745,0.2,0.4,0.3,0.3,0.8333333333333334,109,67,0.0,1,0
1388202,2024-03-19,England,New Zealand,"University Oval, Dunedin",0.6258278145695364,0.5594405594405595,0.4,0.2,0.4,0.5,0.7,302,286,0.5,1,1
1424762,2024-03-20,Nigeria,Zimbabwe,"Achimota Senior Secondary School A Field, Accra",0.4852941176470588,0.4658385093167702,0.6,0.8,0.4,0.4,0.0,68,161,0.5,1,0
1424763,2024-03-20,Tanzania,Namibia,"Achimota Senior Secondary School B Field, Accra",0.6025641025641025,0.6363636363636364,0.4,0.2,0.2,0.3,0.5,78,110,1.0,1,0
1424761,2024-03-20,Ghana,Kenya,"Achimota Senior Secondary School B Field, Accra",0.3125,0.5280898876404494,0.2,0.2,0.2,0.4,0.0,32,89,0.0,1,0
1424764,2024-03-21,Namibia,Uganda,"Achimota Senior Secondary School A Field, Accra",0.6396396396396397,0.6779661016949152,0.2,0.6,0.3,0.6,0.75,111,118,0.3333333333333333,1,1
1424765,2024-03-21,Zimbabwe,Kenya,"Achimota Senior Secondary School A Field, Accra",0.4691358024691358,0.5333333333333333,1.0,0.4,0.5,0.4,1.0,162,90,1.0,1,1
1388203,2024-03-22,England,New Zealand,"Saxton Oval, Nelson",0.6270627062706271,0.5574912891986062,0.6,0.0,0.5,0.5,0.7073170731707317,303,287,0.5,1,1
1424766,2024-03-23,Uganda,Kenya,"Achimota Senior Secondary School A Field, Accra",0.6722689075630253,0.5274725274725275,0.4,0.4,0.5,0.3,0.6875,119,91,0.0,1,1
1424767,2024-03-23,Namibia,Zimbabwe,"Achimota Senior Secondary School A Field, Accra",0.6428571428571429,0.4723926380368098,0.4,1.0,0.4,0.6,0.42105263157894735,112,163,0.5,1,0
1388204,2024-03-24,New Zealand,England,"Saxton Oval, Nelson",0.5555555555555556,0.6282894736842105,0.0,0.8,0.4,0.6,0.2857142857142857,288,304,0.0,1,1
1398261,2024-03-27,South Africa,Sri Lanka,"Willowmoore Park, Benoni",0.5234657039711191,0.41132075471698115,0.6,0.6,0.6,0.7,0.6896551724137931,277,265,0.3333333333333333,1,1
1388205,2024-03-27,England,New Zealand,"Basin Reserve, Wellington",0.6262295081967213,0.5570934256055363,0.6,0.2,0.5,0.4,0.6976744186046512,305,289,0.5,1,1
1388206,2024-03-29,New Zealand,England,"Basin Reserve, Wellington",0.5551724137931034,0.6274509803921569,0.2,0.6,0.3,0.5,0.29545454545454547,290,306,0.0,1,0
1426048,2024-03-30,Papua New Guinea,Zimbabwe,Harare Sports Club,0.5866666666666667,0.47560975609756095,0.6,1.0,0.6,0.7,0.0,75,164,0.5,1,0
1398262,2024-03-30,South Africa,Sri Lanka,"Senwes Park, Potchefstroom",0.5251798561151079,0.40977443609022557,0.8,0.6,0.6,0.6,0.7,278,266,0.5,1,0
1425064,2024-03-31,Bangladesh,Australia,"Shere Bangla National Stadium, Mirpur",0.40358744394618834,0.6411960132890365,0.4,0.8,0.5,0.8,0.3333333333333333,223,301,0.5833333333333334,1,0
1426450,2024-04-01,Oman,Namibia,Al Amerat Cricket Ground Oman Cricket (Ministry Turf 1),0.463768115942029,0.6371681415929203,0.4,0.4,0.6,0.3,0.0,69,113,0.45161290322580644,1,0
1425065,2024-04-02,Australia,Bangladesh,"Shere Bangla National Stadium, Mirpur",0.6423841059602649,0.4017857142857143,0.8,0.2,0.8,0.4,0.6923076923076923,302,224,0.3333333333333333,1,1
1426451,2024-04-02,Oman,Namibia,Al Amerat Cricket Ground Oman Cricket (Ministry Turf 1),0.45714285714285713,0.6403508771929824,0.4,0.6,0.5,0.4,0.0,70,114,0.4375,1,1
1426050,2024-04-02,Zimbabwe,Papua New Guinea,Harare Sports Club,0.47878787878787876,0.5789473684210527,1.0,0.6,0.8,0.5,1.0,165,76,0.2619047619047619,1,1
1398263,2024-04-03,South Africa,Sri Lanka,"Buffalo Park, East London",0.5232974910394266,0.41198501872659177,0.8,0.6,0.5,0.6,0.6774193548387096,279,267,0.75,1,0
1425066,2024-04-04,Australia,Bangladesh,"Shere Bangla National Stadium, Mirpur",0.6435643564356436,0.4,1.0,0.2,0.8,0.3,0.7142857142857143,303,225,0.42857142857142855,1,1
1426452,2024-04-04,Namibia,Oman,Al Amerat Cricket Ground Oman Cricket (Ministry Turf 1),0.6347826086956522,0.4647887323943662,0.6,0.6,0.4,0.5,0.6666666666666666,115,71,0.5,1,0
1426453,2024-04-05,Namibia,Oman,Al Amerat Cricket Ground Oman Cricket (Ministry Turf 1),0.6293103448275862,0.4722222222222222,0.4,0.6,0.3,0.5,0.5,116,72,0.3333333333333333,1,1
1426454,2024-04-07,Namibia,Oman,Al Amerat Cricket Ground Oman Cricket (Ministry Turf 1),0.6324786324786325,0.4657534246575342,0.4,0.6,0.4,0.4,0.6,117,73,0.5,1,1
1425121,2024-04-07,Canada,United States of America,Prairie View Cricket Complex,0.5918367346938775,0.5263157894736842,0.8,1.0,0.7,0.6,0.375,49,38,0.5,1,0
1425122,2024-04-09,United States of America,Canada,Prairie View Cricket Complex,0.5384615384615384,0.58,1.0,0.8,0.7,0.6,0.6666666666666666,39,50,1.0,1,1
1428743,2024-04-12,Mexico,Costa Rica,Los Reyes Polo Club,0.5,0.5,0.5,0.5,0.5,0.5,0.5,2,0,0.5,0,1
1428744,2024-04-12,Mexico,Costa Rica,Los Reyes Polo Club,0.6666666666666666,0.0,0.6666666666666666,0.0,0.6666666666666666,0.0,1.0,3,1,1.0,1,1
1425124,2024-04-12,United States of America,Canada,Prairie View Cricket Complex,0.55,0.5686274509803921,1.0,0.6,0.8,0.6,0.7,40,51,1.0,1,1
1426455,2024-04-12,Oman,Bahrain,Al Amerat Cricket Ground Oman Cricket (Ministry Turf 1),0.4594594594594595,0.44642857142857145,0.4,1.0,0.4,0.5,0.5,74,56,0.4444444444444444,1,1
1426456,2024-04-12,Kuwait,United Arab Emirates,Al Amerat Cricket Ground Oman Cricket (Ministry Turf 2),0.4264705882352941,0.5755395683453237,0.6,0.6,0.5,0.7,0.16666666666666666,68,139,0.6,1,0
1426457,2024-04-12,Malaysia,Nepal,Al Amerat Cricket Ground Oman Cricket (Ministry Turf 1),0.5206611570247934,0.6410256410256411,0.6,0.4,0.6,0.4,0.23529411764705882,121,117,0.5,1,0
1426458,2024-04-12,Hong Kong,Qatar,Al Amerat Cricket Ground Oman Cricket (Ministry Turf 2),0.47863247863247865,0.38636363636363635,0.6,0.4,0.7,0.4,0.5,117,44,0.5,1,1
1425125,2024-04-13,Canada,United States of America,Prairie View Cricket Complex,0.5576923076923077,0.5609756097560976,0.4,1.0,0.5,0.9,0.2727272727272727,52,41,0.0,1,0
1426459,2024-04-13,Cambodia,Kuwait,Al Amerat Cricket Ground Oman Cricket (Ministry Turf 1),0.4,0.42028985507246375,0.8,0.6,0.6,0.5,0.5,15,69,0.5,1,0
1426460,2024-04-13,United Arab Emirates,Bahrain,Al Amerat Cricket Ground Oman Cricket (Ministry Turf 2),0.5785714285714286,0.43859649122807015,0.6,0.8,0.8,0.5,0.6,140,57,0.8888888888888888,1,1
1426461,2024-04-13,Nepal,Qatar,Al Amerat Cricket Ground Oman Cricket (Ministry Turf 1),0.6440677966101694,0.37777777777777777,0.4,0.2,0.4,0.4,0.8,118,45,0.5454545454545454,1,1
1426462,2024-04-13,Malaysia,Saudi Arabia,Al Amerat Cricket Ground Oman Cricket (Ministry Turf 2),0.5163934426229508,0.4642857142857143,0.4,1.0,0.5,0.9,0.5,122,28,0.5,1,1
1428745,2024-04-13,Costa Rica,Mexico,Los Reyes Polo Club,0.0,0.75,0.0,0.75,0.0,0.75,0.0,2,4,0.0,1,1
1426480,2024-04-14,Jersey,Spain,La Manga Club Top Ground,0.6,0.7407407407407407,0.4,1.0,0.4,0.8,0.5,35,27,0.5,1,0
1428746,2024-04-14,Mexico,Costa Rica,Los Reyes Polo Club,0.6,0.3333333333333333,0.6,0.3333333333333333,0.6,0.3333333333333333,0.6666666666666666,5,3,0.6666666666666666,1,1
1426479,2024-04-14,Jersey,Spain,La Manga Club Top Ground,0.5833333333333334,0.75,0.4,1.0,0.4,0.8,0.0,36,28,0.0,1,0
1426464,2024-04-14,Saudi Arabia,Hong Kong,Al Amerat Cricket Ground Oman Cricket (Ministry Turf 2),0.4482758620689655,0.4830508474576271,0.8,0.6,0.8,0.7,0.5,29,118,0.0,1,1
1426463,2024-04-14,Oman,Cambodia,Al Amerat Cricket Ground Oman Cricket (Ministry Turf 2),0.4666666666666667,0.375,0.6,0.6,0.5,0.6,0.5,75,16,0.4,1,1
1426466,2024-04-15,Malaysia,Qatar,Al Amerat Cricket Ground Oman Cricket (Ministry Turf 2),0.5203252032520326,0.3695652173913043,0.4,0.2,0.5,0.4,0.75,123,46,1.0,1,0
1426467,2024-04-15,United Arab Emirates,Oman,Al Amerat Cricket Ground Oman Cricket (Ministry Turf 1),0.5815602836879432,0.47368421052631576,0.6,0.6,0.8,0.6,0.5714285714285714,141,76,0.7272727272727273,1,0
1426465,2024-04-15,Hong Kong,Nepal,Al Amerat Cricket Ground Oman Cricket (Ministry Turf 1),0.4789915966386555,0.6470588235294118,0.4,0.6,0.7,0.5,0.42857142857142855,119,119,0.5,1,0
1426468,2024-04-15,Kuwait,Bahrain,Al Amerat Cricket Ground Oman Cricket (Ministry Turf 2),0.42857142857142855,0.43103448275862066,0.6,0.6,0.5,0.5,0.7272727272727273,70,58,0.5,1,1
1426469,2024-04-16,Qatar,Saudi Arabia,Al Amerat Cricket Ground Oman Cricket (Ministry Turf 1),0.3829787234042553,0.4666666666666667,0.4,0.8,0.4,0.9,1.0,47,30,0.25,1,1
1426470,2024-04-16,Cambodia,Bahrain,Al Amerat Cricket Ground Oman Cricket (Ministry Turf 1),0.35294117647058826,0.423728813559322,0.4,0.4,0.5,0.5,0.5,17,59,0.0,1,0
1426471,2024-04-17,Malaysia,Hong Kong,Al Amerat Cricket Ground Oman Cricket (Ministry Turf 1),0.5161290322580645,0.475,0.4,0.4,0.5,0.6,0.6153846153846154,124,120,0.0,1,0
1426472,2024-04-17,Saudi Arabia,Nepal,Al Amerat Cricket Ground Oman Cricket (Ministry Turf 2),0.45161290322580644,0.65,0.6,0.8,0.8,0.6,0.5,31,120,0.14285714285714285,1,0
1426473,2024-04-17,Cambodia,United Arab Emirates,Al Amerat Cricket Ground Oman Cricket (Ministry Turf 1),0.3333333333333333,0.5774647887323944,0.2,0.4,0.5,0.7,0.5,18,142,0.0,1,0
1426474,2024-04-17,Oman,Kuwait,Al Amerat Cricket Ground Oman Cricket (Ministry Turf 2),0.4805194805194805,0.43661971830985913,0.6,0.6,0.6,0.6,1.0,77,71,0.5,1,1
1429008,2024-04-18,Thailand,Ireland,"7he Sevens Stadium, Dubai",0.5232558139534884,0.45588235294117646,0.4,1.0,0.7,0.8,0.75,86,204,0.5,1,0
1426475,2024-04-19,Nepal,United Arab Emirates,Al Amerat Cricket Ground Oman Cricket (Ministry Turf 1),0.6528925619834711,0.5804195804195804,0.8,0.6,0.7,0.7,0.5454545454545454,121,143,0.6153846153846154,1,0
1426476,2024-04-19,Hong Kong,Oman,Al Amerat Cricket Ground Oman Cricket (Ministry Turf 1),0.4793388429752066,0.48717948717948717,0.4,0.8,0.6,0.7,0.14285714285714285,121,78,0.5,1,0
1426477,2024-04-20,Nepal,Hong Kong,Al Amerat Cricket Ground Oman Cricket (Ministry Turf 1),0.6475409836065574,0.47540983606557374,0.8,0.4,0.6,0.5,0.6,122,122,0.5714285714285714,1,0
1424830,2024-04-20,New Zealand,Pakistan,Rawalpindi Cricket Stadium,0.5532646048109966,0.5370370370370371,0.2,0.2,0.2,0.4,0.5106382978723404,291,324,1.0,1,0
1427420,2024-04-20,Gibraltar,Estonia,Europa Sports Complex,0.23529411764705882,0.1,0.8,0.2,0.5,0.1,0.5,34,10,0.5,1,1
1426478,2024-04-21,United Arab Emirates,Oman,Al Amerat Cricket Ground Oman Cricket (Ministry Turf 1),0.5833333333333334,0.4936708860759494,0.8,1.0,0.7,0.7,0.5,144,79,0.7142857142857143,1,1
1424831,2024-04-21,Pakistan,New Zealand,Rawalpindi Cricket Stadium,0.5384615384615384,0.5513698630136986,0.4,0.2,0.5,0.1,0.5,325,292,0.8,1,0
1429010,2024-04-21,Indonesia,Mongolia,Udayana Cricket Ground,0.5454545454545454,0.0,0.4,0.0,0.3,0.0,0.5,33,1,0.5454545454545454,1,1
1429009,2024-04-21,Indonesia,Mongolia,Udayana Cricket Ground,0.5588235294117647,0.0,0.6,0.0,0.4,0.0,1.0,34,2,0.5833333333333334,1,1
1427421,2024-04-21,Gibraltar,Estonia,Europa Sports Complex,0.2571428571428571,0.09090909090909091,0.8,0.2,0.6,0.1,0.6666666666666666,35,11,0.5384615384615384,1,1
1427422,2024-04-21,Gibraltar,Estonia,Europa Sports Complex,0.2777777777777778,0.08333333333333333,0.8,0.2,0.6,0.1,0.75,36,12,0.5714285714285714,1,1
1429012,2024-04-22,Indonesia,Mongolia,Udayana Cricket Ground,0.5714285714285714,0.0,0.8,0.0,0.5,0.0,1.0,35,3,0.6153846153846154,1,1
1429011,2024-04-22,Mongolia,Indonesia,Udayana Cricket Ground,0.0,0.5833333333333334,0.0,0.8,0.0,0.5,0.0,4,36,0.0,1,0
1429622,2024-04-22,Botswana,Lesotho,"Botswana Cricket Association Oval 1, Gaborone",0.28846153846153844,0.06666666666666667,0.2,0.0,0.3,0.1,1.0,52,15,0.5714285714285714,1,1
1429623,2024-04-22,Mozambique,Rwanda,"Botswana Cricket Association Oval 2, Gaborone",0.3076923076923077,0.31645569620253167,0.4,0.0,0.5,0.0,0.0,26,79,0.5,1,0
1429624,2024-04-22,Lesotho,Rwanda,"Botswana Cricket Association Oval 1, Gaborone",0.0625,0.325,0.0,0.2,0.1,0.1,0.0,16,80,0.0,1,0
1429625,2024-04-22,Mozambique,Botswana,"Botswana Cricket Association Oval 2, Gaborone",0.2962962962962963,0.3018867924528302,0.4,0.2,0.5,0.4,0.0,27,53,0.0,1,0
1429626,2024-04-23,Botswana,Rwanda,"Botswana Cricket Association Oval 1, Gaborone",0.3148148148148148,0.3333333333333333,0.4,0.4,0.5,0.2,0.0,54,81,0.625,1,0
1429627,2024-04-23,Mozambique,Lesotho,"Botswana Cricket Association Oval 2, Gaborone",0.2857142857142857,0.058823529411764705,0.2,0.0,0.5,0.1,1.0,28,17,0.0,1,1
1429628,2024-04-23,Mozambique,Botswana,"Botswana Cricket Association Oval 1, Gaborone",0.3103448275862069,0.3090909090909091,0.2,0.4,0.5,0.5,0.0,29,55,0.2857142857142857,1,0
1429014,2024-04-24,Mongolia,Indonesia,Udayana Cricket Ground,0.0,0.5945945945945946,0.0,0.8,0.0,0.6,0.0,5,37,0.0,1,0
1429013,2024-04-24,Indonesia,Mongolia,Udayana Cricket Ground,0.6052631578947368,0.0,1.0,0.0,0.7,0.0,1.0,38,6,0.6875,1,1
1425638,2024-04-25,Sri Lanka,Thailand,"Tolerance Oval, Abu Dhabi",0.4141791044776119,0.5172413793103449,0.6,0.4,0.6,0.6,0.6666666666666666,268,87,0.5,1,1
1425639,2024-04-25,United Arab Emirates,Ireland,"Zayed Cricket Stadium, Abu Dhabi",0.5862068965517241,0.4585365853658537,0.8,1.0,0.7,0.8,0.6363636363636364,145,205,0.5,1,0
1424832,2024-04-25,New Zealand,Pakistan,"Gaddafi Stadium, Lahore",0.552901023890785,0.5368098159509203,0.4,0.4,0.2,0.4,0.5102040816326531,293,326,0.3333333333333333,1,1
1425641,2024-04-25,Zimbabwe,Vanuatu,"Zayed Cricket Stadium, Abu Dhabi",0.4819277108433735,0.5294117647058824,1.0,0.2,0.9,0.6,0.5,166,34,0.5,1,0
1425640,2024-04-25,Scotland,Uganda,"Tolerance Oval, Abu Dhabi",0.5431034482758621,0.675,0.6,0.6,0.7,0.5,1.0,116,120,0.5,1,1
1429632,2024-04-25,Botswana,Rwanda,"Botswana Cricket Association Oval 1, Gaborone",0.32142857142857145,0.34146341463414637,0.6,0.6,0.5,0.3,0.0,56,82,0.6,1,0
1429630,2024-04-25,Mozambique,Rwanda,"Botswana Cricket Association Oval 1, Gaborone",0.3,0.3493975903614458,0.2,0.8,0.4,0.4,0.0,30,83,0.25,1,0
1429631,2024-04-25,Botswana,Lesotho,"Botswana Cricket Association Oval 2, Gaborone",0.3157894736842105,0.05555555555555555,0.6,0.0,0.4,0.1,1.0,57,18,1.0,1,1
1426084,2024-04-26,West Indies,Pakistan,"National Stadium, Karachi",0.43703703703703706,0.5351681957186545,0.4,0.4,0.5,0.3,0.37037037037037035,270,327,0.0,1,1
1429635,2024-04-26,Botswana,Rwanda,"Botswana Cricket Association Oval 1, Gaborone",0.3275862068965517,0.35714285714285715,0.6,1.0,0.4,0.5,0.0,58,84,0.5454545454545454,1,0
1429634,2024-04-26,Mozambique,Lesotho,"Botswana Cricket Association Oval 1, Gaborone",0.2903225806451613,0.05263157894736842,0.2,0.0,0.3,0.0,1.0,31,19,0.2222222222222222,1,1
1425644,2024-04-27,United Arab Emirates,Zimbabwe,"Tolerance Oval, Abu Dhabi",0.5821917808219178,0.47904191616766467,0.6,0.8,0.6,0.9,0.3333333333333333,146,167,0.5,1,0
1425642,2024-04-27,Netherlands,Vanuatu,"Tolerance Oval, Abu Dhabi",0.5118110236220472,0.5428571428571428,0.8,0.2,0.8,0.6,0.5,127,35,0.5,1,1
1424833,2024-04-27,Pakistan,New Zealand,"Gaddafi Stadium, Lahore",0.5335365853658537,0.5544217687074829,0.4,0.4,0.2,0.3,0.48,328,294,0.36363636363636365,1,1
1425645,2024-04-27,Scotland,Sri Lanka,"Zayed Cricket Stadium, Abu Dhabi",0.5470085470085471,0.4163568773234201,0.8,0.8,0.8,0.7,0.0,117,269,0.0,1,0
1425643,2024-04-27,United States of America,Uganda,"Zayed Cricket Stadium, Abu Dhabi",0.5714285714285714,0.6694214876033058,1.0,0.6,1.0,0.4,0.5,42,121,0.5,1,0
1426085,2024-04-28,Pakistan,West Indies,"National Stadium, Karachi",0.5349544072948328,0.43911439114391143,0.4,0.6,0.3,0.5,0.6071428571428571,329,271,0.7272727272727273,1,0
1429393,2024-04-28,India,Bangladesh,Sylhet International Cricket Stadium,0.6141975308641975,0.39823008849557523,0.4,0.2,0.5,0.3,0.8260869565217391,324,226,0.8,1,1
1425646,2024-04-29,Scotland,United States of America,"Tolerance Oval, Abu Dhabi",0.5423728813559322,0.5581395348837209,0.6,0.8,0.7,0.9,1.0,118,43,0.6,1,1
1425649,2024-04-29,Netherlands,United Arab Emirates,"Zayed Cricket Stadium, Abu Dhabi",0.515625,0.5782312925170068,0.8,0.6,0.8,0.5,0.625,128,147,0.0,1,0
1425648,2024-04-29,Uganda,Thailand,"Tolerance Oval, Abu Dhabi",0.6721311475409836,0.5113636363636364,0.6,0.2,0.5,0.5,0.0,122,88,0.0,1,0
1425647,2024-04-29,Ireland,Zimbabwe,"Zayed Cricket Stadium, Abu Dhabi",0.46116504854368934,0.48214285714285715,1.0,0.8,0.9,0.9,0.6666666666666666,206,168,0.6666666666666666,1,1
1429394,2024-04-30,Bangladesh,India,Sylhet International Cricket Stadium,0.3964757709251101,0.6153846153846154,0.0,0.6,0.2,0.5,0.16666666666666666,227,325,0.2222222222222222,1,0
1426086,2024-04-30,West Indies,Pakistan,"National Stadium, Karachi",0.4411764705882353,0.5333333333333333,0.6,0.2,0.6,0.3,0.41379310344827586,272,330,0.4,1,1
1431607,2024-05-01,Thailand,Indonesia,Udayana Cricket Ground,0.5168539325842697,0.6153846153846154,0.2,1.0,0.5,0.8,1.0,89,39,0.5,1,1
1425652,2024-05-01,Vanuatu,Ireland,"Tolerance Oval, Abu Dhabi",0.5277777777777778,0.463768115942029,0.2,1.0,0.5,1.0,0.5,36,207,0.0,1,0
1425651,2024-05-01,Sri Lanka,Uganda,"Zayed Cricket Stadium, Abu Dhabi",0.4185185185185185,0.6666666666666666,0.8,0.4,0.7,0.5,0.5,270,123,1.0,1,1
1425653,2024-05-01,United States of America,Thailand,"Zayed Cricket Stadium, Abu Dhabi",0.5454545454545454,0.5222222222222223,0.6,0.4,0.8,0.5,0.5,44,90,0.0,1,0
1425650,2024-05-01,Netherlands,Zimbabwe,"Tolerance Oval, Abu Dhabi",0.5116279069767442,0.47928994082840237,0.6,0.6,0.7,0.8,0.5,129,169,1.0,1,1
1426087,2024-05-02,West Indies,Pakistan,"National Stadium, Karachi",0.4432234432234432,0.5317220543806647,0.8,0.2,0.6,0.3,0.43333333333333335,273,331,0.5,1,0
1429395,2024-05-02,Bangladesh,India,Sylhet International Cricket Stadium,0.39473684210526316,0.6165644171779141,0.0,0.6,0.2,0.5,0.16,228,326,0.2,1,0
1431608,2024-05-02,Thailand,Indonesia,Udayana Cricket Ground,0.5274725274725275,0.6,0.6,0.8,0.5,0.8,1.0,91,40,1.0,1,0
1425654,2024-05-03,Thailand,Scotland,"Tolerance Oval, Abu Dhabi",0.5217391304347826,0.5462184873949579,0.6,0.8,0.5,0.7,0.25,92,119,0.5,1,0
1425655,2024-05-03,United Arab Emirates,Vanuatu,"Zayed Cricket Stadium, Abu Dhabi",0.581081081081081,0.5135135135135135,0.6,0.2,0.6,0.4,0.5,148,37,0.5,1,1
1425656,2024-05-03,Sri Lanka,United States of America,"Tolerance Oval, Abu Dhabi",0.42066420664206644,0.5333333333333333,1.0,0.4,0.8,0.7,0.5,271,45,1.0,1,1
1425657,2024-05-03,Ireland,Netherlands,"Zayed Cricket Stadium, Abu Dhabi",0.46634615384615385,0.5153846153846153,1.0,0.6,1.0,0.7,0.6190476190476191,208,130,0.75,1,1
1426088,2024-05-03,Pakistan,West Indies,"National Stadium, Karachi",0.5331325301204819,0.4416058394160584,0.4,0.8,0.4,0.5,0.5806451612903226,332,274,0.6428571428571429,1,0
1425126,2024-05-03,Zimbabwe,Bangladesh,"Zahur Ahmed Chowdhury Stadium, Chattogram",0.4764705882352941,0.3930131004366812,0.4,0.0,0.7,0.1,0.3684210526315789,170,229,0.5,1,0
1431609,2024-05-04,Indonesia,Thailand,Udayana Cricket Ground,0.6097560975609756,0.5161290322580645,0.8,0.6,0.8,0.4,0.3333333333333333,41,93,0.6842105263157895,1,1
1425658,2024-05-05,Ireland,Scotland,"Zayed Cricket Stadium, Abu Dhabi",0.4688995215311005,0.55,1.0,0.8,1.0,0.7,0.6818181818181818,209,120,0.8,1,0
1425127,2024-05-05,Zimbabwe,Bangladesh,"Zahur Ahmed Chowdhury Stadium, Chattogram",0.47368421052631576,0.39565217391304347,0.2,0.2,0.6,0.2,0.35,171,230,0.0,1,0
1431610,2024-05-05,Thailand,Indonesia,Udayana Cricket Ground,0.5106382978723404,0.6190476190476191,0.4,0.8,0.3,0.8,0.5,94,42,0.3333333333333333,1,1
1425659,2024-05-05,Sri Lanka,United Arab Emirates,"Zayed Cricket Stadium, Abu Dhabi",0.4227941176470588,0.5838926174496645,1.0,0.6,0.8,0.7,1.0,272,149,1.0,1,1
1431611,2024-05-06,Indonesia,Thailand,Udayana Cricket Ground,0.6046511627906976,0.5157894736842106,0.6,0.4,0.8,0.4,0.4,43,95,0.6666666666666666,1,0
1429396,2024-05-06,India,Bangladesh,Sylhet International Cricket Stadium,0.617737003058104,0.39826839826839827,0.6,0.4,0.6,0.3,0.8461538461538461,327,231,0.875,1,1
1425660,2024-05-07,Sri Lanka,Scotland,"Zayed Cricket Stadium, Abu Dhabi",0.4249084249084249,0.5537190082644629,1.0,0.8,0.8,0.7,1.0,273,121,1.0,1,1
1431120,2024-05-07,Japan,Mongolia,Sano International Cricket Ground,0.4090909090909091,0.0,0.4,0.0,0.4,0.0,0.5,44,7,0.6,1,1
1425128,2024-05-07,Bangladesh,Zimbabwe,"Zahur Ahmed Chowdhury Stadium, Chattogram",0.39655172413793105,0.47093023255813954,0.4,0.2,0.2,0.5,0.6666666666666666,232,172,0.7777777777777778,1,1
1431121,2024-05-08,Japan,Mongolia,Sano International Cricket Ground,0.4222222222222222,0.0,0.6,0.0,0.4,0.0,1.0,45,8,0.6666666666666666,1,1
1432194,2024-05-09,France,Malta,Dreux Sport Cricket Club,0.35294117647058826,0.4782608695652174,0.0,0.4,0.2,0.3,0.5,34,46,0.5,1,1
1431123,2024-05-09,Mongolia,Japan,Sano International Cricket Ground,0.0,0.43478260869565216,0.0,0.8,0.0,0.5,0.0,9,46,0.0,1,0
1429397,2024-05-09,India,Bangladesh,Sylhet International Cricket Stadium,0.6189024390243902,0.39914163090128757,0.8,0.6,0.7,0.3,0.8518518518518519,328,233,0.8888888888888888,1,1
1432195,2024-05-09,France,Malta,Dreux Sport Cricket Club,0.37142857142857144,0.46808510638297873,0.2,0.2,0.2,0.3,0.6,35,47,1.0,1,1
1426830,2024-05-10,Pakistan,Ireland,"Castle Avenue, Dublin",0.5315315315315315,0.4666666666666667,0.4,0.8,0.4,0.9,0.7272727272727273,333,210,0.5,1,0
1432197,2024-05-10,Belgium,Malta,Dreux Sport Cricket Club,0.6666666666666666,0.4583333333333333,0.4,0.2,0.6,0.2,0.6,15,48,0.5,1,1
1425129,2024-05-10,Bangladesh,Zimbabwe,"Shere Bangla National Stadium, Mirpur",0.3974358974358974,0.4682080924855491,0.6,0.0,0.3,0.4,0.6818181818181818,234,173,0.5185185185185185,1,1
1431124,2024-05-11,Japan,Mongolia,Sano International Cricket Ground,0.44680851063829785,0.0,0.8,0.0,0.5,0.0,1.0,47,10,0.75,1,1
1398268,2024-05-11,England,Pakistan,"Edgbaston, Birmingham",0.6286644951140065,0.5299401197604791,0.8,0.2,0.6,0.3,0.7560975609756098,307,334,0.375,1,1
1432199,2024-05-11,Belgium,France,Dreux Sport Cricket Club,0.6875,0.3888888888888889,0.4,0.4,0.6,0.2,0.5,16,36,1.0,1,0
1431125,2024-05-11,Japan,Mongolia,Sano International Cricket Ground,0.4583333333333333,0.0,0.8,0.0,0.6,0.0,1.0,48,11,0.7777777777777778,1,1
1432198,2024-05-11,Malta,Belgium,Dreux Sport Cricket Club,0.4489795918367347,0.6470588235294118,0.0,0.4,0.2,0.6,0.3333333333333333,49,17,0.0,1,0
1426831,2024-05-12,Ireland,Pakistan,"Castle Avenue, Dublin",0.46919431279620855,0.5283582089552239,0.8,0.2,0.9,0.2,0.3333333333333333,211,335,0.6666666666666666,1,0
1431126,2024-05-12,Japan,Mongolia,Sano International Cricket Ground,0.46938775510204084,0.0,1.0,0.0,0.7,0.0,1.0,49,12,0.8,1,1
1425130,2024-05-12,Bangladesh,Zimbabwe,"Shere Bangla National Stadium, Mirpur",0.4,0.46551724137931033,0.6,0.0,0.4,0.3,0.6956521739130435,235,174,0.5357142857142857,1,0
1432200,2024-05-12,France,Belgium,Dreux Sport Cricket Club,0.40540540540540543,0.6666666666666666,0.6,0.4,0.3,0.6,1.0,37,18,1.0,1,0
1426832,2024-05-14,Ireland,Pakistan,"Castle Avenue, Dublin",0.4669811320754717,0.5297619047619048,0.6,0.4,0.8,0.3,0.3076923076923077,212,336,0.5,1,0
1398269,2024-05-17,England,Pakistan,"County Ground, Northampton",0.6298701298701299,0.5311572700296736,0.8,0.4,0.7,0.4,0.7619047619047619,308,337,1.0,1,1
1428151,2024-05-18,Netherlands,Scotland,"Sportpark Westvliet, The Hague",0.5114503816793893,0.5491803278688525,0.6,0.6,0.6,0.7,0.4,131,122,0.0,1,1
1398270,2024-05-19,England,Pakistan,"Headingley, Leeds",0.6310679611650486,0.5295857988165681,0.8,0.4,0.8,0.4,0.7674418604651163,309,338,1.0,1,1
1428152,2024-05-19,Ireland,Netherlands,"Sportpark Westvliet, The Hague",0.4647887323943662,0.5151515151515151,0.4,0.6,0.7,0.7,0.6363636363636364,213,132,0.5,1,1
1425131,2024-05-21,Bangladesh,United States of America,Prairie View Cricket Complex,0.3983050847457627,0.5217391304347826,0.4,0.2,0.4,0.6,1.0,236,46,0.5,1,0
1428154,2024-05-22,Scotland,Netherlands,"Sportpark Westvliet, The Hague",0.5447154471544715,0.5112781954887218,0.6,0.4,0.6,0.6,0.5714285714285714,123,133,0.0,1,1
1433362,2024-05-23,West Indies,South Africa,"Sabina Park, Kingston, Jamaica",0.44363636363636366,0.5214285714285715,0.8,0.6,0.6,0.5,0.45454545454545453,275,280,0.3333333333333333,1,1
1428155,2024-05-23,Scotland,Ireland,"Sportpark Westvliet, The Hague",0.5483870967741935,0.4672897196261682,0.6,0.4,0.7,0.7,0.34782608695652173,124,214,0.5,1,0
1425132,2024-05-23,United States of America,Bangladesh,Prairie View Cricket Complex,0.5319148936170213,0.39662447257383965,0.2,0.4,0.6,0.4,0.3333333333333333,47,237,1.0,1,1
1434157,2024-05-24,Bulgaria,Romania,"Moara Vlasiei Cricket Ground, Ilfov County",0.39285714285714285,0.6,0.4,0.6,0.4,0.5,0.2,28,35,0.0,1,0
1434155,2024-05-24,Bulgaria,Gibraltar,"Moara Vlasiei Cricket Ground, Ilfov County",0.3793103448275862,0.2972972972972973,0.4,0.8,0.4,0.7,0.6666666666666666,29,37,0.0,1,0
1428156,2024-05-24,Ireland,Netherlands,"Sportpark Westvliet, The Hague",0.4697674418604651,0.5074626865671642,0.6,0.4,0.7,0.5,0.6521739130434783,215,134,1.0,1,1
1434160,2024-05-25,Romania,Gibraltar,"Moara Vlasiei Cricket Ground, Ilfov County",0.6111111111111112,0.3157894736842105,0.8,1.0,0.6,0.8,1.0,36,38,0.6923076923076923,1,0
1425133,2024-05-25,United States of America,Bangladesh,Prairie View Cricket Complex,0.5416666666666666,0.3949579831932773,0.4,0.2,0.6,0.4,0.5,48,238,1.0,1,0
1385688,2024-05-25,England,Pakistan,"Edgbaston, Birmingham",0.632258064516129,0.528023598820059,1.0,0.4,0.8,0.3,0.7727272727272727,310,339,0.4444444444444444,1,1
1433363,2024-05-25,West Indies,South Africa,"Sabina Park, Kingston, Jamaica",0.44565217391304346,0.5195729537366548,0.8,0.4,0.7,0.5,0.47058823529411764,276,281,0.5,1,1
1434161,2024-05-26,Romania,Bulgaria,"Moara Vlasiei Cricket Ground, Ilfov County",0.5945945945945946,0.36666666666666664,0.6,0.4,0.5,0.3,0.8333333333333334,37,30,0.6428571428571429,1,1
1433364,2024-05-26,South Africa,West Indies,"Sabina Park, Kingston, Jamaica",0.5177304964539007,0.44765342960288806,0.2,0.8,0.4,0.7,0.5142857142857142,282,277,0.0,1,0
1433772,2024-05-28,Netherlands,Italy,"Sportpark Harga, Schiedam",0.5037037037037037,0.5483870967741935,0.2,0.4,0.4,0.5,1.0,135,31,1.0,1,1
1435620,2024-05-30,Uganda,Botswana,"Gahanga International Cricket Stadium, Rwanda",0.6612903225806451,0.3220338983050847,0.4,0.4,0.4,0.4,1.0,124,59,0.9,1,1
1435618,2024-05-30,Rwanda,Cameroon,"Gahanga International Cricket Stadium, Rwanda",0.36470588235294116,0.125,1.0,0.4,0.6,0.2,0.5,85,16,0.05,1,1
1433775,2024-05-30,Italy,Netherlands,"Sportpark Harga, Schiedam",0.53125,0.5073529411764706,0.2,0.4,0.4,0.5,0.0,32,136,0.0,1,0
1385690,2024-05-30,Pakistan,England,"Kennington Oval, London",0.5264705882352941,0.6334405144694534,0.4,1.0,0.3,0.8,0.2222222222222222,340,311,0.5,1,0
1435623,2024-05-31,Uganda,Nigeria,"Gahanga B Ground, Rwanda",0.664,0.4782608695652174,0.4,0.4,0.5,0.4,0.8888888888888888,125,69,0.5,1,1
1435624,2024-05-31,Botswana,Cameroon,"Gahanga International Cricket Stadium, Rwanda",0.31666666666666665,0.11764705882352941,0.4,0.4,0.4,0.2,1.0,60,17,0.0,1,1
1435625,2024-05-31,Malawi,Rwanda,"Gahanga B Ground, Rwanda",0.46153846153846156,0.37209302325581395,0.4,1.0,0.5,0.7,1.0,13,86,0.5,1,0
1435626,2024-06-01,Rwanda,Botswana,"Gahanga International Cricket Stadium, Rwanda",0.3793103448275862,0.32786885245901637,1.0,0.4,0.8,0.5,1.0,87,61,0.09523809523809523,1,1
1435627,2024-06-01,Kenya,Malawi,"Gahanga B Ground, Rwanda",0.5217391304347826,0.42857142857142855,0.4,0.4,0.2,0.5,1.0,92,14,0.5,1,1
1435628,2024-06-01,Cameroon,Nigeria,"Gahanga International Cricket Stadium, Rwanda",0.1111111111111111,0.4714285714285714,0.2,0.4,0.2,0.4,0.0,18,70,0.0,1,0
1415701,2024-06-01,Canada,United States of America,"Grand Prairie Stadium, Dallas",0.5471698113207547,0.5306122448979592,0.2,0.4,0.4,0.5,0.25,53,49,0.5,1,0
1415702,2024-06-02,Papua New Guinea,West Indies,"Providence Stadium, Guyana",0.5714285714285714,0.44964028776978415,0.4,0.8,0.4,0.8,0.5,77,278,0.5,1,0
1435621,2024-06-02,Kenya,Nigeria,"Gahanga B Ground, Rwanda",0.5268817204301075,0.4788732394366197,0.4,0.4,0.3,0.5,0.8333333333333334,93,71,1.0,1,1
1435632,2024-06-03,Botswana,Nigeria,"Gahanga International Cricket Stadium, Rwanda",0.3225806451612903,0.4722222222222222,0.4,0.4,0.5,0.4,0.0,62,72,0.3333333333333333,1,0
1435630,2024-06-03,Uganda,Malawi,"Gahanga International Cricket Stadium, Rwanda",0.6666666666666666,0.4,0.6,0.2,0.6,0.4,1.0,126,15,0.9047619047619048,1,1
1415704,2024-06-03,Sri Lanka,South Africa,"Nassau County International Cricket Stadium, New York",0.42700729927007297,0.5159010600706714,1.0,0.0,0.9,0.4,0.34375,274,283,0.5,1,0
1435633,2024-06-03,Rwanda,Kenya,"Gahanga B Ground, Rwanda",0.38636363636363635,0.5319148936170213,1.0,0.6,0.9,0.4,0.0,88,94,1.0,1,1
1435635,2024-06-04,Kenya,Uganda,"Gahanga B Ground, Rwanda",0.5263157894736842,0.6692913385826772,0.4,0.6,0.4,0.6,0.29411764705882354,95,127,0.6666666666666666,1,0
1435637,2024-06-04,Cameroon,Malawi,"Gahanga B Ground, Rwanda",0.10526315789473684,0.375,0.0,0.0,0.2,0.4,0.5,19,16,0.5,1,0
1415707,2024-06-04,Nepal,Netherlands,"Grand Prairie Stadium, Dallas",0.6422764227642277,0.5109489051094891,0.6,0.4,0.5,0.5,0.4444444444444444,123,137,0.5,1,0
1435634,2024-06-04,Nigeria,Rwanda,"Gahanga International Cricket Stadium, Rwanda",0.4794520547945205,0.39325842696629215,0.4,1.0,0.5,1.0,0.625,73,89,1.0,1,1
1415708,2024-06-05,Ireland,India,"Nassau County International Cricket Stadium, New York",0.4722222222222222,0.6200607902735562,0.6,1.0,0.7,0.7,0.0,216,329,0.5,1,0
1435638,2024-06-05,Cameroon,Kenya,"Gahanga International Cricket Stadium, Rwanda",0.1,0.5208333333333334,0.0,0.4,0.2,0.4,0.0,20,96,0.0,1,0
1435639,2024-06-05,Botswana,Malawi,"Gahanga B Ground, Rwanda",0.31746031746031744,0.4117647058823529,0.2,0.2,0.4,0.4,1.0,63,17,0.5,1,1
1435640,2024-06-05,Uganda,Rwanda,"Gahanga International Cricket Stadium, Rwanda",0.671875,0.3888888888888889,0.8,0.8,0.6,0.9,1.0,128,90,0.9090909090909091,1,1
1415710,2024-06-05,Australia,Oman,"Kensington Oval, Bridgetown, Barbados",0.6447368421052632,0.4875,1.0,0.8,0.9,0.7,0.5,304,80,0.5,1,1
1415709,2024-06-05,Papua New Guinea,Uganda,"Providence Stadium, Guyana",0.5641025641025641,0.6744186046511628,0.2,1.0,0.4,0.7,1.0,78,129,0.0,1,0
1415712,2024-06-06,Namibia,Scotland,"Kensington Oval, Bridgetown, Barbados",0.635593220338983,0.544,0.6,0.4,0.5,0.6,0.75,118,125,0.5,1,0
1435644,2024-06-07,Nigeria,Malawi,"Gahanga B Ground, Rwanda",0.4864864864864865,0.3888888888888889,0.6,0.2,0.5,0.3,0.5,74,18,0.0,1,1
1435643,2024-06-07,Uganda,Cameroon,Gahanga International Cricket Stadium. Rwanda,0.676923076923077,0.09523809523809523,1.0,0.0,0.7,0.2,0.5,130,21,0.7777777777777778,1,1
1415713,2024-06-07,Canada,Ireland,"Nassau County International Cricket Stadium, New York",0.5370370370370371,0.4700460829493088,0.0,0.6,0.4,0.6,0.3333333333333333,54,217,0.5,1,1
1415715,2024-06-07,Sri Lanka,Bangladesh,"Grand Prairie Stadium, Dallas",0.4254545454545455,0.39748953974895396,0.8,0.4,0.8,0.5,0.6923076923076923,275,239,0.5,1,0
1435645,2024-06-07,Kenya,Botswana,"Gahanga B Ground, Rwanda",0.5257731958762887,0.328125,0.6,0.4,0.5,0.4,0.875,97,64,0.5,1,1
1435647,2024-06-08,Kenya,Botswana,"Gahanga International Cricket Stadium, Rwanda",0.5306122448979592,0.3230769230769231,0.6,0.4,0.5,0.4,0.8888888888888888,98,65,1.0,1,1
1435646,2024-06-08,Cameroon,Malawi,"Gahanga B Ground, Rwanda",0.09090909090909091,0.3684210526315789,0.0,0.2,0.2,0.3,0.0,22,19,0.0,1,0
1415716,2024-06-08,Netherlands,South Africa,"Nassau County International Cricket Stadium, New York",0.5144927536231884,0.5176056338028169,0.6,0.2,0.5,0.5,0.5,138,284,0.5,1,0
1415717,2024-06-08,Australia,England,"Kensington Oval, Bridgetown, Barbados",0.6459016393442623,0.6346153846153846,1.0,1.0,0.9,0.9,0.52,305,312,1.0,1,1
1415718,2024-06-08,West Indies,Uganda,"Providence Stadium, Guyana",0.45161290322580644,0.6793893129770993,1.0,1.0,0.9,0.8,0.5,279,131,0.3333333333333333,1,1
1435648,2024-06-08,Nigeria,Rwanda,"Gahanga B Ground, Rwanda",0.49333333333333335,0.38461538461538464,0.8,0.6,0.6,0.8,0.6666666666666666,75,91,0.3333333333333333,1,0
1436473,2024-06-09,France,Isle of Man,Roma Cricket Ground,0.39473684210526316,0.6666666666666666,0.6,0.8,0.3,0.5,0.5,38,18,0.5,1,1
1436471,2024-06-09,Italy,Luxembourg,Roma Cricket Ground,0.5151515151515151,0.39285714285714285,0.0,0.6,0.4,0.4,0.5,33,28,0.5,1,1
1436474,2024-06-09,Austria,Romania,"Simar Cricket Ground, Rome",0.4444444444444444,0.6052631578947368,0.0,0.8,0.3,0.6,0.5,27,38,0.5,1,0
1436472,2024-06-09,Portugal,Hungary,"Simar Cricket Ground, Rome",0.7647058823529411,0.4375,1.0,0.4,0.9,0.4,0.5,17,16,0.5,1,1
1415719,2024-06-09,India,Pakistan,"Nassau County International Cricket Stadium, New York",0.6212121212121212,0.5249266862170088,1.0,0.2,0.8,0.3,0.7272727272727273,330,341,1.0,1,1
1415720,2024-06-09,Oman,Scotland,"Sir Vivian Richards Stadium, North Sound, Antigua",0.48148148148148145,0.5476190476190477,0.6,0.4,0.6,0.6,0.0,81,126,0.5,1,0
1436475,2024-06-10,Israel,Austria,Roma Cricket Ground,0.3333333333333333,0.42857142857142855,0.3333333333333333,0.0,0.3333333333333333,0.2,0.5,3,28,0.5,1,0
1436476,2024-06-10,Isle of Man,Turkey,"Simar Cricket Ground, Rome",0.631578947368421,0.09090909090909091,0.8,0.2,0.4,0.1,1.0,19,11,0.5,1,1
1436477,2024-06-10,Portugal,Romania,Roma Cricket Ground,0.7777777777777778,0.6153846153846154,1.0,0.8,1.0,0.6,0.5,18,39,0.5,1,0
1436478,2024-06-10,France,Italy,"Simar Cricket Ground, Rome",0.41025641025641024,0.5294117647058824,0.8,0.2,0.4,0.4,0.0,39,34,0.5,1,0
1415721,2024-06-10,South Africa,Bangladesh,"Nassau County International Cricket Stadium, New York",0.519298245614035,0.4,0.4,0.4,0.5,0.5,0.9375,285,240,1.0,1,1
1415722,2024-06-11,Canada,Pakistan,"Nassau County International Cricket Stadium, New York",0.5454545454545454,0.5233918128654971,0.2,0.0,0.5,0.2,0.5,55,342,1.0,1,0
1415724,2024-06-11,Namibia,Australia,"Sir Vivian Richards Stadium, North Sound, Antigua",0.6302521008403361,0.6470588235294118,0.4,1.0,0.5,0.9,0.5,119,306,0.5,1,0
1436480,2024-06-12,Portugal,Austria,"Simar Cricket Ground, Rome",0.7368421052631579,0.4482758620689655,0.8,0.2,0.9,0.2,0.5,19,29,1.0,1,0
1436481,2024-06-12,Luxembourg,Turkey,Roma Cricket Ground,0.3793103448275862,0.08333333333333333,0.4,0.2,0.4,0.1,0.5,29,12,0.0,1,1
1436482,2024-06-12,Israel,Hungary,"Simar Cricket Ground, Rome",0.25,0.4117647058823529,0.25,0.4,0.25,0.3,1.0,4,17,0.5,1,0
1415726,2024-06-12,West Indies,New Zealand,"Brian Lara Stadium, Tarouba, Trinidad",0.45357142857142857,0.5525423728813559,1.0,0.4,0.9,0.3,0.28,280,295,0.5,1,1
1436479,2024-06-12,Isle of Man,Italy,Roma Cricket Ground,0.65,0.5428571428571428,0.8,0.4,0.5,0.5,0.0,20,35,0.0,1,0
1415725,2024-06-12,United States of America,India,"Nassau County International Cricket Stadium, New York",0.54,0.622356495468278,0.6,1.0,0.5,0.8,0.5,50,331,0.5,1,0
1415727,2024-06-13,Bangladesh,Netherlands,"Arnos Vale Ground, Kingstown, St Vincent",0.3983402489626556,0.5107913669064749,0.4,0.6,0.4,0.5,0.8,241,139,0.5,1,1
1436484,2024-06-13,France,Luxembourg,"Simar Cricket Ground, Rome",0.4,0.4,0.6,0.4,0.4,0.4,0.6666666666666666,40,30,0.0,1,1
1436483,2024-06-13,Hungary,Romania,Roma Cricket Ground,0.4444444444444444,0.625,0.6,0.8,0.3,0.7,0.5,18,40,0.5,1,0
1436485,2024-06-13,Portugal,Israel,Roma Cricket Ground,0.7,0.2,0.6,0.2,0.8,0.2,0.5,20,5,0.0,1,0
1436486,2024-06-13,Turkey,Italy,"Simar Cricket Ground, Rome",0.07692307692307693,0.5555555555555556,0.2,0.6,0.1,0.5,0.0,13,36,0.0,1,0
1415728,2024-06-13,Oman,England,"Sir Vivian Richards Stadium, North Sound, Antigua",0.47560975609756095,0.6325878594249201,0.4,0.8,0.5,0.8,0.5,82,313,0.0,1,0
1438091,2024-06-14,Croatia,Czech Republic,"Scott Page Field, Vinor",0.2,0.5454545454545454,0.0,0.8,0.2,0.8,0.5,10,22,0.5,1,1
1415732,2024-06-14,Uganda,New Zealand,"Brian Lara Stadium, Tarouba, Trinidad",0.6742424242424242,0.5506756756756757,0.8,0.4,0.7,0.3,0.5,132,296,0.5,1,0
1438257,2024-06-14,Norway,Finland,Kerava National Cricket Ground,0.2857142857142857,0.4666666666666667,0.4,0.4,0.3,0.4,1.0,21,15,0.3333333333333333,1,1
1415731,2024-06-14,South Africa,Nepal,"Arnos Vale Ground, Kingstown, St Vincent",0.5209790209790209,0.6370967741935484,0.6,0.4,0.5,0.5,0.5,286,124,0.5,1,1
1438090,2024-06-14,Gibraltar,Czech Republic,"Scott Page Field, Vinor",0.3333333333333333,0.5217391304347826,1.0,0.8,0.9,0.7,0.0,39,23,0.5,1,1
1438092,2024-06-15,Croatia,Gibraltar,"Scott Page Field, Vinor",0.2727272727272727,0.35,0.2,1.0,0.3,0.9,0.5,11,40,1.0,1,1
1436490,2024-06-15,Romania,Israel,"Simar Cricket Ground, Rome",0.6341463414634146,0.3333333333333333,0.8,0.4,0.8,0.3333333333333333,0.5,41,6,1.0,1,1
1436489,2024-06-15,France,Turkey,Roma Cricket Ground,0.4146341463414634,0.07142857142857142,0.6,0.2,0.5,0.1,1.0,41,14,1.0,1,1
1436487,2024-06-15,Isle of Man,Luxembourg,Roma Cricket Ground,0.6190476190476191,0.3870967741935484,0.6,0.4,0.5,0.4,0.5,21,31,0.0,1,1
1438093,2024-06-15,Czech Republic,Croatia,"Scott Page Field, Vinor",0.5,0.3333333333333333,0.6,0.4,0.6,0.3,0.0,24,12,0.45454545454545453,1,0
1436488,2024-06-15,Austria,Hungary,"Simar Cricket Ground, Rome",0.4666666666666667,0.42105263157894735,0.4,0.6,0.2,0.3,0.5,30,19,0.5,1,1
1415734,2024-06-15,England,Namibia,"Sir Vivian Richards Stadium, North Sound, Antigua",0.6337579617834395,0.625,0.8,0.4,0.8,0.5,0.5,314,120,1.0,1,1
1415735,2024-06-15,Scotland,Australia,"Daren Sammy National Cricket Stadium, Gros Islet, St Lucia",0.5511811023622047,0.6482084690553745,0.6,1.0,0.6,0.9,0.5,127,307,0.5,1,0
1438259,2024-06-15,Finland,Norway,Kerava National Cricket Ground,0.4375,0.3181818181818182,0.2,0.4,0.4,0.4,0.0,16,22,0.5,1,0
1438074,2024-06-16,Jersey,Denmark,"Svanholm Park, Brondby",0.5675675675675675,0.375,0.2,0.0,0.3,0.2,1.0,37,32,0.5,1,1
1436494,2024-06-16,Italy,Romania,"Simar Cricket Ground, Rome",0.5675675675675675,0.6428571428571429,0.8,1.0,0.5,0.8,0.5,37,42,1.0,1,1
1436493,2024-06-16,Portugal,Isle of Man,Roma Cricket Ground,0.6666666666666666,0.6363636363636364,0.4,0.6,0.7,0.6,0.5,21,22,0.0,1,1
1436492,2024-06-16,France,Austria,"Simar Cricket Ground, Rome",0.42857142857142855,0.4838709677419355,0.6,0.6,0.6,0.3,0.5,42,31,0.5,1,0
1415736,2024-06-16,Ireland,Pakistan,"Central Broward Regional Park Stadium Turf Ground, Lauderhill",0.46788990825688076,0.5247813411078717,0.6,0.2,0.5,0.3,0.2857142857142857,218,343,0.5,1,0
1415737,2024-06-16,Bangladesh,Nepal,"Arnos Vale Ground, Kingstown, St Vincent",0.40082644628099173,0.632,0.6,0.2,0.5,0.5,1.0,242,125,1.0,1,1
1438094,2024-06-16,Croatia,Gibraltar,"Scott Page Field, Vinor",0.38461538461538464,0.34146341463414637,0.6,0.8,0.4,0.8,1.0,13,41,1.0,1,0
1438095,2024-06-16,Gibraltar,Czech Republic,"Scott Page Field, Vinor",0.35714285714285715,0.48,0.8,0.4,0.8,0.6,0.5,42,25,0.6666666666666666,1,1
1436491,2024-06-16,Luxembourg,Israel,Roma Cricket Ground,0.375,0.2857142857142857,0.2,0.4,0.4,0.2857142857142857,0.5,32,7,0.3333333333333333,1,0
1438262,2024-06-16,Finland,Norway,Kerava National Cricket Ground,0.4117647058823529,0.34782608695652173,0.0,0.6,0.4,0.5,0.0,17,23,0.4444444444444444,1,0
1415738,2024-06-16,Sri Lanka,Netherlands,"Daren Sammy National Cricket Stadium, Gros Islet, St Lucia",0.42391304347826086,0.5071428571428571,0.6,0.6,0.8,0.4,1.0,276,140,0.5,1,1
1438073,2024-06-16,Denmark,Jersey,"Svanholm Park, Brondby",0.36363636363636365,0.5789473684210527,0.0,0.2,0.1,0.3,0.0,33,38,0.6,1,0
1438097,2024-06-17,Estonia,Cyprus,Happy Valley Ground,0.07692307692307693,0.5,0.2,0.4,0.1,0.5,0.0,13,10,0.0,1,0
1415739,2024-06-17,Papua New Guinea,New Zealand,"Brian Lara Stadium, Tarouba, Trinidad",0.5569620253164557,0.5521885521885522,0.0,0.6,0.3,0.4,0.5,79,297,0.5,1,0
1438102,2024-06-17,Netherlands,Hong Kong,"Sportpark Maarschalkerweerd, Utrecht",0.5035460992907801,0.4796747967479675,0.4,0.4,0.4,0.5,0.6666666666666666,141,123,0.6666666666666666,1,1
1438076,2024-06-17,Cyprus,Estonia,Happy Valley Ground,0.5454545454545454,0.07142857142857142,0.6,0.0,0.5,0.1,1.0,11,14,0.6666666666666666,1,0
1438075,2024-06-17,Cyprus,Estonia,Happy Valley Ground,0.5,0.13333333333333333,0.4,0.2,0.4,0.2,0.8,12,15,0.5714285714285714,1,0
1438099,2024-06-18,Cyprus,Estonia,Happy Valley Ground,0.46153846153846156,0.1875,0.2,0.4,0.4,0.3,0.6666666666666666,13,16,0.5,1,1
1438077,2024-06-18,Cyprus,Estonia,Happy Valley Ground,0.5,0.17647058823529413,0.4,0.4,0.5,0.3,0.7142857142857143,14,17,0.5555555555555556,1,1
1438078,2024-06-18,Estonia,Cyprus,Happy Valley Ground,0.16666666666666666,0.5333333333333333,0.4,0.6,0.3,0.5,0.25,18,15,0.2,1,1
1438103,2024-06-18,Hong Kong,Netherlands,"Sportpark Maarschalkerweerd, Utrecht",0.47580645161290325,0.5070422535211268,0.4,0.4,0.4,0.4,0.25,124,142,0.0,1,0
1438079,2024-06-19,Estonia,Cyprus,Happy Valley Ground,0.21052631578947367,0.5,0.6,0.4,0.3,0.5,0.3333333333333333,19,16,0.2727272727272727,1,0
1438080,2024-06-19,Estonia,Cyprus,Happy Valley Ground,0.2,0.5294117647058824,0.4,0.6,0.3,0.5,0.3,20,17,0.25,1,1
1438101,2024-06-19,Cyprus,Estonia,Happy Valley Ground,0.5,0.23809523809523808,0.6,0.4,0.4,0.4,0.6363636363636364,18,21,0.5384615384615384,1,1
1415741,2024-06-19,South Africa,United States of America,"Sir Vivian Richards Stadium, North Sound, Antigua",0.5226480836236934,0.5294117647058824,0.8,0.6,0.5,0.4,0.5,287,51,0.5,1,1
1415742,2024-06-19,West Indies,England,"Daren Sammy National Cricket Stadium, Gros Islet, St Lucia",0.4555160142348754,0.6349206349206349,1.0,0.8,0.9,0.9,0.4,281,315,0.875,1,0
1438105,2024-06-19,Netherlands,Hong Kong,"Sportpark Maarschalkerweerd, Utrecht",0.5104895104895105,0.472,0.4,0.4,0.5,0.4,0.8,143,125,0.75,1,1
1438104,2024-06-19,Hong Kong,Netherlands,"Sportpark Maarschalkerweerd, Utrecht",0.46825396825396826,0.5138888888888888,0.2,0.6,0.3,0.6,0.16666666666666666,126,144,0.0,1,0
1415744,2024-06-20,Bangladesh,Australia,"Sir Vivian Richards Stadium, North Sound, Antigua",0.40329218106995884,0.6493506493506493,0.8,1.0,0.5,1.0,0.26666666666666666,243,308,0.5,1,0
1415746,2024-06-21,United States of America,West Indies,"Kensington Oval, Bridgetown, Barbados",0.5192307692307693,0.45390070921985815,0.4,0.8,0.3,0.8,0.5,52,282,0.5,1,0
1415745,2024-06-21,South Africa,England,"Daren Sammy National Cricket Stadium, Gros Islet, St Lucia",0.5243055555555556,0.6360759493670886,1.0,0.8,0.5,0.9,0.38461538461538464,288,316,0.5,1,1
1440130,2024-06-22,Guernsey,Jersey,"King George V Sports Ground, Castel",0.5789473684210527,0.5897435897435898,0.8,0.4,0.6,0.4,0.0,19,39,0.5,1,0
1440129,2024-06-22,Guernsey,Jersey,"King George V Sports Ground, Castel",0.55,0.6,0.6,0.6,0.6,0.5,0.0,20,40,0.0,1,0
1415747,2024-06-22,India,Bangladesh,"Sir Vivian Richards Stadium, North Sound, Antigua",0.6234939759036144,0.4016393442622951,1.0,0.6,0.8,0.5,0.8571428571428571,332,244,0.5,1,1
1415749,2024-06-23,United States of America,England,"Kensington Oval, Bridgetown, Barbados",0.5094339622641509,0.6340694006309149,0.2,0.6,0.3,0.8,0.5,53,317,0.0,1,0
1415750,2024-06-23,West Indies,South Africa,"Sir Vivian Richards Stadium, North Sound, Antigua",0.4558303886925795,0.5259515570934256,0.8,1.0,0.8,0.6,0.5,283,289,0.4444444444444444,1,0
1440131,2024-06-23,Jersey,Guernsey,"Guernsey Rovers Athletic Club Ground, Port Soif",0.6097560975609756,0.5238095238095238,0.8,0.4,0.6,0.6,1.0,41,21,0.5,1,0
1415751,2024-06-24,India,Australia,"Daren Sammy National Cricket Stadium, Gros Islet, St Lucia",0.6246246246246246,0.6504854368932039,1.0,1.0,0.9,1.0,0.4444444444444444,333,309,0.5,1,1
1436889,2024-06-24,West Indies,Sri Lanka,"Mahinda Rajapaksa International Cricket Stadium, Sooriyawewa, Hambantota",0.45422535211267606,0.4259927797833935,0.6,0.6,0.8,0.8,0.6,284,277,0.5,1,0
1436890,2024-06-26,Sri Lanka,West Indies,"Mahinda Rajapaksa International Cricket Stadium, Sooriyawewa, Hambantota",0.42805755395683454,0.45263157894736844,0.6,0.4,0.8,0.7,0.4230769230769231,278,285,1.0,1,0
1415754,2024-06-27,India,England,"Providence Stadium, Guyana",0.625748502994012,0.6352201257861635,1.0,0.8,1.0,0.8,0.375,334,318,0.8333333333333334,1,1
1436891,2024-06-28,Sri Lanka,West Indies,"Mahinda Rajapaksa International Cricket Stadium, Sooriyawewa, Hambantota",0.4265232974910394,0.45454545454545453,0.4,0.4,0.7,0.7,0.4074074074074074,279,286,0.5,1,0
1441133,2024-06-28,Malawi,Rwanda,"Sikh Union Club Ground, Nairobi",0.4,0.391304347826087,0.4,0.6,0.3,0.8,0.5,20,92,0.5,1,1
1415755,2024-06-29,India,South Africa,"Kensington Oval, Bridgetown, Barbados",0.6268656716417911,0.5275862068965518,1.0,1.0,1.0,0.7,0.5789473684210527,335,290,0.5,1,1
1441135,2024-06-29,Rwanda,Kenya,"Sikh Union Club Ground, Nairobi",0.3870967741935484,0.5353535353535354,0.4,0.6,0.7,0.6,0.125,93,99,0.0,1,0
1441136,2024-07-01,Malawi,Kenya,"Sikh Union Club Ground, Nairobi",0.42857142857142855,0.54,0.6,0.8,0.3,0.6,0.0,21,100,1.0,1,0
1440444,2024-07-02,Singapore,Indonesia,Udayana Cricket Ground,0.3114754098360656,0.5909090909090909,0.2,0.4,0.3,0.7,0.5,61,44,0.5,1,0
1440443,2024-07-02,Indonesia,Bhutan,Udayana Cricket Ground,0.6,0.3142857142857143,0.6,0.2,0.7,0.2,1.0,45,35,0.6521739130434783,1,1
1440446,2024-07-03,Bhutan,Indonesia,Udayana Cricket Ground,0.3055555555555556,0.6086956521739131,0.2,0.6,0.2,0.7,0.0,36,46,0.0,1,0
1441140,2024-07-03,Rwanda,Kenya,"Sikh Union Club Ground, Nairobi",0.3829787234042553,0.5445544554455446,0.2,1.0,0.6,0.7,0.1111111111111111,94,101,0.0,1,0
1434291,2024-07-05,South Africa,India,"MA Chidambaram Stadium, Chepauk, Chennai",0.5257731958762887,0.6279761904761905,0.8,1.0,0.7,1.0,0.41025641025641024,291,336,0.5,1,1
1440447,2024-07-05,Indonesia,Singapore,Udayana Cricket Ground,0.6170212765957447,0.3064516129032258,0.6,0.2,0.7,0.3,1.0,47,62,0.68,1,1
1441145,2024-07-05,Kenya,Rwanda,"Sikh Union Club Ground, Nairobi",0.5490196078431373,0.37894736842105264,1.0,0.2,0.8,0.5,0.9,102,95,1.0,1,1
1398277,2024-07-06,England,New Zealand,"The Rose Bowl, Southampton",0.6332288401253918,0.5536912751677853,0.6,0.6,0.7,0.5,0.7111111111111111,319,298,0.3333333333333333,1,1
1440448,2024-07-06,Bhutan,Singapore,Udayana Cricket Ground,0.2972972972972973,0.30158730158730157,0.2,0.2,0.2,0.3,0.5,37,63,0.0,1,0
1420223,2024-07-06,Zimbabwe,India,Harare Sports Club,0.4685714285714286,0.6261127596439169,0.2,0.8,0.3,0.9,0.25,175,337,0.27906976744186046,1,1
1439815,2024-07-07,Switzerland,Belgium,Bayer Uerdingen Cricket Ground,0.7142857142857143,0.6842105263157895,1.0,0.6,0.7,0.6,0.5,14,19,0.5,1,0
1440450,2024-07-07,Indonesia,Singapore,Udayana Cricket Ground,0.625,0.3125,0.8,0.2,0.7,0.3,1.0,48,64,0.6923076923076923,1,1
1439813,2024-07-07,Jersey,Serbia,Bayer Uerdingen Cricket Ground,0.5952380952380952,0.35,0.8,0.6,0.5,0.5,0.5,42,20,0.5,1,1
1440449,2024-07-07,Indonesia,Bhutan,Udayana Cricket Ground,0.6326530612244898,0.2894736842105263,1.0,0.2,0.7,0.2,1.0,49,38,0.7037037037037037,1,0
1420224,2024-07-07,India,Zimbabwe,Harare Sports Club,0.6242603550295858,0.4715909090909091,0.6,0.4,0.8,0.3,0.6666666666666666,338,176,0.625,1,1
1439816,2024-07-08,Norway,Sweden,Bayer Uerdingen Cricket Ground,0.375,0.4583333333333333,0.8,0.4,0.6,0.6,0.0,24,24,0.4,1,1
1439818,2024-07-08,Croatia,Belgium,Bayer Uerdingen Cricket Ground,0.35714285714285715,0.7,0.6,0.8,0.4,0.6,0.5,14,20,0.5,1,1
1439814,2024-07-08,Germany,Gibraltar,Bayer Uerdingen Cricket Ground,0.5915492957746479,0.37209302325581395,0.2,0.8,0.5,0.9,0.5,71,43,0.8571428571428571,1,1
1440451,2024-07-08,Bhutan,Singapore,Udayana Cricket Ground,0.3076923076923077,0.3076923076923077,0.4,0.2,0.2,0.3,0.0,39,65,0.25,1,1
1439820,2024-07-09,Jersey,Switzerland,Bayer Uerdingen Cricket Ground,0.6046511627906976,0.6666666666666666,0.8,0.8,0.5,0.6,0.5,43,15,1.0,1,1
1439819,2024-07-09,Germany,Sweden,Bayer Uerdingen Cricket Ground,0.5972222222222222,0.44,0.4,0.4,0.5,0.5,1.0,72,25,0.8666666666666667,1,1
1434293,2024-07-09,South Africa,India,"MA Chidambaram Stadium, Chepauk, Chennai",0.5273972602739726,0.6253687315634219,0.8,0.6,0.8,0.8,0.425,292,339,1.0,1,0
1439817,2024-07-09,Slovenia,Norway,Bayer Uerdingen Cricket Ground,0.0,0.4,0.0,1.0,0.0,0.6,0.5,4,25,0.5,1,0
1398278,2024-07-09,England,New Zealand,"County Ground, Hove",0.634375,0.5518394648829431,0.6,0.4,0.7,0.4,0.717391304347826,320,299,0.25,1,1
1439821,2024-07-10,Jersey,Belgium,Bayer Uerdingen Cricket Ground,0.6136363636363636,0.6666666666666666,0.8,0.6,0.6,0.5,0.5,44,21,1.0,1,1
1439824,2024-07-10,Gibraltar,Slovenia,Bayer Uerdingen Cricket Ground,0.36363636363636365,0.0,0.6,0.0,0.8,0.0,0.5,44,5,0.0,1,0
1439823,2024-07-10,Croatia,Serbia,Bayer Uerdingen Cricket Ground,0.4,0.3333333333333333,0.8,0.4,0.4,0.5,0.5,15,21,1.0,1,1
1420225,2024-07-10,India,Zimbabwe,Harare Sports Club,0.6264705882352941,0.4689265536723164,0.6,0.4,0.8,0.3,0.7,340,177,0.6666666666666666,1,1
1439822,2024-07-11,Norway,Germany,Bayer Uerdingen Cricket Ground,0.4230769230769231,0.6027397260273972,1.0,0.6,0.7,0.5,0.25,26,73,0.5714285714285714,1,1
1398279,2024-07-11,New Zealand,England,"St Lawrence Ground, Canterbury",0.55,0.6355140186915887,0.4,0.6,0.4,0.7,0.2765957446808511,300,321,0.5,1,0
1439825,2024-07-11,Gibraltar,Sweden,Bayer Uerdingen Cricket Ground,0.35555555555555557,0.4230769230769231,0.4,0.4,0.7,0.4,0.5,45,26,0.0,1,0
1439826,2024-07-11,Switzerland,Serbia,Bayer Uerdingen Cricket Ground,0.625,0.3181818181818182,0.6,0.2,0.5,0.4,0.5,16,22,0.0,1,1
1442735,2024-07-12,Kenya,Nigeria,"Sikh Union Club Ground, Nairobi",0.5533980582524272,0.4868421052631579,1.0,0.6,0.8,0.5,0.8571428571428571,103,76,1.0,1,1
1439829,2024-07-12,Belgium,Serbia,Bayer Uerdingen Cricket Ground,0.6363636363636364,0.30434782608695654,0.6,0.0,0.5,0.4,0.5,22,23,0.2,1,1
1420226,2024-07-13,Zimbabwe,India,Harare Sports Club,0.46629213483146065,0.6275659824046921,0.4,0.6,0.2,0.8,0.2727272727272727,178,341,0.2826086956521739,1,0
1442736,2024-07-13,Nigeria,Kenya,"Sikh Union Club Ground, Nairobi",0.4805194805194805,0.5576923076923077,0.6,1.0,0.5,0.8,0.125,77,104,0.0,1,0
1398280,2024-07-13,New Zealand,England,"Kennington Oval, London",0.5481727574750831,0.6366459627329193,0.4,0.8,0.4,0.7,0.2708333333333333,301,322,0.5,1,0
1439830,2024-07-13,Norway,Gibraltar,Bayer Uerdingen Cricket Ground,0.4444444444444444,0.34782608695652173,1.0,0.4,0.7,0.6,0.5,27,46,0.625,1,1
1439831,2024-07-13,Croatia,Switzerland,Bayer Uerdingen Cricket Ground,0.4375,0.6470588235294118,0.8,0.6,0.5,0.6,0.5,16,17,1.0,1,0
1439832,2024-07-13,Slovenia,Sweden,Bayer Uerdingen Cricket Ground,0.16666666666666666,0.4444444444444444,0.2,0.6,0.16666666666666666,0.5,0.5,6,27,0.5,1,0
1442996,2024-07-14,Jersey,Guernsey,"Grainville, St Saviour",0.6222222222222222,0.5454545454545454,0.8,0.4,0.7,0.6,0.8,45,22,1.0,1,1
1420227,2024-07-14,India,Zimbabwe,Harare Sports Club,0.6286549707602339,0.46368715083798884,0.8,0.4,0.8,0.2,0.75,342,179,0.7272727272727273,1,1
1439833,2024-07-14,Croatia,Germany,Bayer Uerdingen Cricket Ground,0.4117647058823529,0.5945945945945946,0.6,0.6,0.5,0.5,0.5,17,74,0.6666666666666666,1,0
1439836,2024-07-14,Norway,Jersey,Bayer Uerdingen Cricket Ground,0.4642857142857143,0.6304347826086957,1.0,0.8,0.8,0.8,0.0,28,46,0.6666666666666666,1,0
1442737,2024-07-15,Kenya,Nigeria,"Sikh Union Club Ground, Nairobi",0.5619047619047619,0.47435897435897434,1.0,0.4,0.9,0.4,0.8888888888888888,105,78,1.0,1,0
1442738,2024-07-16,Nigeria,Kenya,"Sikh Union Club Ground, Nairobi",0.4810126582278481,0.5566037735849056,0.4,0.8,0.5,0.9,0.2,79,106,0.3333333333333333,1,1
1442739,2024-07-17,Nigeria,Kenya,"Sikh Union Club Ground, Nairobi",0.4875,0.5514018691588785,0.4,0.6,0.6,0.8,0.2727272727272727,80,107,0.5,1,0
1398281,2024-07-17,England,New Zealand,"Lord's, London",0.6377708978328174,0.5463576158940397,0.8,0.2,0.8,0.4,0.7346938775510204,323,302,1.0,1,1
1426756,2024-07-19,United Arab Emirates,Nepal,Rangiri Dambulla International Stadium,0.58,0.626984126984127,0.4,0.0,0.6,0.4,0.5,150,126,0.5,1,0
1426757,2024-07-19,Pakistan,India,Rangiri Dambulla International Stadium,0.5261627906976745,0.6297376093294461,0.4,1.0,0.4,0.8,0.2608695652173913,344,343,0.5,1,0
1426759,2024-07-20,Bangladesh,Sri Lanka,Rangiri Dambulla International Stadium,0.4,0.425,0.4,0.4,0.4,0.6,0.3333333333333333,245,280,0.5,1,0
1426758,2024-07-20,Thailand,Malaysia,Rangiri Dambulla International Stadium,0.5208333333333334,0.512,0.4,0.4,0.5,0.4,0.3333333333333333,96,125,0.5,1,1
1426760,2024-07-21,India,United Arab Emirates,Rangiri Dambulla International Stadium,0.6308139534883721,0.5761589403973509,1.0,0.4,0.8,0.5,1.0,344,151,0.75,1,1
1426761,2024-07-21,Nepal,Pakistan,Rangiri Dambulla International Stadium,0.6299212598425197,0.5246376811594203,0.2,0.4,0.5,0.4,0.5,127,345,1.0,1,0
1426762,2024-07-22,Sri Lanka,Malaysia,Rangiri Dambulla International Stadium,0.42704626334519574,0.5079365079365079,0.6,0.2,0.6,0.4,1.0,281,126,0.5,1,1
1426763,2024-07-22,Thailand,Bangladesh,Rangiri Dambulla International Stadium,0.5257731958762887,0.3983739837398374,0.6,0.4,0.6,0.4,0.0,97,246,1.0,1,0
1426764,2024-07-23,United Arab Emirates,Pakistan,Rangiri Dambulla International Stadium,0.5723684210526315,0.5260115606936416,0.4,0.6,0.5,0.4,0.0,152,346,0.0,1,0
1426765,2024-07-23,India,Nepal,Rangiri Dambulla International Stadium,0.6318840579710145,0.625,1.0,0.2,0.8,0.4,1.0,345,128,0.8,1,1
1426766,2024-07-24,Bangladesh,Malaysia,Rangiri Dambulla International Stadium,0.4008097165991903,0.5039370078740157,0.4,0.2,0.5,0.3,1.0,247,127,0.5,1,1
1426767,2024-07-24,Thailand,Sri Lanka,Rangiri Dambulla International Stadium,0.5204081632653061,0.42907801418439717,0.6,0.6,0.6,0.6,0.25,98,282,0.5,1,0
1444532,2024-07-26,Germany,Jersey,Bayer Uerdingen Cricket Ground,0.6,0.6382978723404256,0.6,1.0,0.5,0.9,0.4,75,47,0.8333333333333334,1,1
1426768,2024-07-26,Bangladesh,India,Rangiri Dambulla International Stadium,0.4032258064516129,0.6329479768786127,0.4,1.0,0.6,0.8,0.13793103448275862,248,346,0.6666666666666666,1,0
1426769,2024-07-26,Pakistan,Sri Lanka,Rangiri Dambulla International Stadium,0.5273775216138329,0.43109540636042404,0.8,0.6,0.4,0.6,0.6,347,283,0.6666666666666666,1,0
1444531,2024-07-26,Germany,Italy,Bayer Uerdingen Cricket Ground,0.6052631578947368,0.5789473684210527,0.8,1.0,0.5,0.5,0.42857142857142855,76,38,0.8421052631578947,1,0
1444534,2024-07-27,Italy,Germany,Bayer Uerdingen Cricket Ground,0.5897435897435898,0.5974025974025974,1.0,0.6,0.6,0.5,0.625,39,77,1.0,1,1
1444536,2024-07-27,Italy,Jersey,Bayer Uerdingen Cricket Ground,0.6,0.625,1.0,0.8,0.7,0.8,0.2,40,48,1.0,1,1
1444535,2024-07-27,Germany,Jersey,Bayer Uerdingen Cricket Ground,0.5897435897435898,0.6122448979591837,0.4,0.6,0.5,0.7,0.5,78,49,0.7619047619047619,1,0
1442987,2024-07-27,India,Sri Lanka,Pallekele International Cricket Stadium,0.6340057636887608,0.43309859154929575,1.0,0.8,0.9,0.6,0.7317073170731707,347,284,1.0,1,1
1442988,2024-07-28,Sri Lanka,India,Pallekele International Cricket Stadium,0.43157894736842106,0.6350574712643678,0.8,1.0,0.6,1.0,0.2619047619047619,285,348,0.5625,1,0
1444537,2024-07-28,Germany,Italy,Bayer Uerdingen Cricket Ground,0.5822784810126582,0.6097560975609756,0.4,1.0,0.5,0.8,0.3333333333333333,79,41,0.7272727272727273,1,0
1444669,2024-07-28,Italy,Germany,Bayer Uerdingen Cricket Ground,0.6190476190476191,0.575,1.0,0.2,0.9,0.4,0.7,42,80,1.0,1,1
1426770,2024-07-28,India,Sri Lanka,Rangiri Dambulla International Stadium,0.6361031518624641,0.43006993006993005,1.0,0.6,1.0,0.6,0.7441860465116279,349,286,0.8571428571428571,1,0
1444947,2024-08-02,Croatia,Spain,"Mladost Cricket Ground, Zagreb",0.3888888888888889,0.7586206896551724,0.4,1.0,0.5,0.9,0.5,18,29,0.5,1,0
1444949,2024-08-03,Croatia,Spain,"Mladost Cricket Ground, Zagreb",0.3684210526315789,0.7666666666666667,0.4,1.0,0.5,1.0,0.0,19,30,0.0,1,0
1444948,2024-08-03,Croatia,Spain,"Mladost Cricket Ground, Zagreb",0.35,0.7741935483870968,0.2,1.0,0.5,1.0,0.0,20,31,0.0,1,0
1444951,2024-08-04,Spain,Croatia,"Mladost Cricket Ground, Zagreb",0.78125,0.3333333333333333,1.0,0.0,1.0,0.4,1.0,32,21,1.0,1,1
1444950,2024-08-04,Spain,Croatia,"Mladost Cricket Ground, Zagreb",0.7878787878787878,0.3181818181818182,1.0,0.0,1.0,0.3,1.0,33,22,1.0,1,1
1445491,2024-08-10,Norway,Estonia,"Ekeberg Cricket Ground 1, Oslo",0.4482758620689655,0.22727272727272727,0.8,0.4,0.8,0.4,1.0,29,22,0.5,1,1
1445485,2024-08-11,Denmark,Norway,"Ekeberg Cricket Ground 1, Oslo",0.35294117647058826,0.4666666666666667,0.0,0.8,0.1,0.9,1.0,34,30,0.5,1,1
1445489,2024-08-11,Norway,Guernsey,"Ekeberg Cricket Ground 1, Oslo",0.45161290322580644,0.5217391304347826,0.6,0.4,0.8,0.5,0.3333333333333333,31,23,0.5,1,0
1430812,2024-08-11,Ireland,Sri Lanka,"Pembroke Cricket Club, Sandymount, Dublin",0.4657534246575342,0.43205574912891986,0.4,0.6,0.4,0.6,0.0,219,287,0.3333333333333333,1,0
1445493,2024-08-11,Estonia,Denmark,"Ekeberg Cricket Ground 2, Oslo",0.21739130434782608,0.37142857142857144,0.4,0.2,0.4,0.2,0.5,23,35,0.5,1,0
1430813,2024-08-13,Ireland,Sri Lanka,"Pembroke Cricket Club, Sandymount, Dublin",0.4636363636363636,0.4340277777777778,0.2,0.6,0.4,0.6,0.0,220,288,0.25,1,1
1444550,2024-08-15,Scotland,Papua New Guinea,"VRA Ground, Amstelveen",0.546875,0.55,0.6,0.0,0.6,0.3,0.6666666666666666,128,80,0.5,1,1
1444551,2024-08-16,Scotland,Netherlands,"VRA Ground, Amstelveen",0.5503875968992248,0.5172413793103449,0.6,0.8,0.6,0.7,0.5909090909090909,129,145,1.0,1,1
1444953,2024-08-17,Fiji,Samoa,"Faleata Oval No 2, Apia",0.3333333333333333,0.08333333333333333,0.4,0.0,0.4,0.0,1.0,12,12,0.5,1,0
1444952,2024-08-17,Vanuatu,Cook Islands,"Faleata Oval No 2, Apia",0.5,0.4,0.2,0.2,0.3,0.4,0.6666666666666666,38,10,0.5,1,0
1444954,2024-08-19,Samoa,Cook Islands,"Faleata Oval No 2, Apia",0.15384615384615385,0.45454545454545453,0.2,0.4,0.1,0.5,0.0,13,11,1.0,1,0
1444955,2024-08-19,Vanuatu,Fiji,"Faleata Oval No 2, Apia",0.48717948717948717,0.3076923076923077,0.2,0.2,0.2,0.4,1.0,39,13,0.0,1,1
1444956,2024-08-20,Samoa,Vanuatu,"Faleata Oval No 2, Apia",0.14285714285714285,0.5,0.2,0.2,0.1,0.2,0.25,14,40,0.5,1,1
1444957,2024-08-20,Fiji,Cook Islands,"Faleata Oval No 2, Apia",0.2857142857142857,0.5,0.0,0.6,0.3,0.5,0.3333333333333333,14,12,0.0,1,1
1444959,2024-08-21,Vanuatu,Cook Islands,"Faleata Oval No 2, Apia",0.4878048780487805,0.46153846153846156,0.2,0.6,0.2,0.4,0.5,41,13,0.3333333333333333,1,0
1443766,2024-08-21,Spain,Cyprus,"King George V Sports Ground, Castel",0.7941176470588235,0.5263157894736842,1.0,0.6,1.0,0.5,0.5,34,19,0.5,1,1
1443767,2024-08-21,Bulgaria,Guernsey,"Guernsey Rovers Athletic Club Ground, Port Soif",0.3548387096774194,0.5416666666666666,0.4,0.4,0.3,0.6,0.0,31,24,0.5,1,0
1443768,2024-08-21,Denmark,Czech Republic,"King George V Sports Ground, Castel",0.3888888888888889,0.46153846153846156,0.4,0.2,0.3,0.5,0.5,36,26,0.5,1,1
1444958,2024-08-21,Samoa,Fiji,"Faleata Oval No 2, Apia",0.2,0.3333333333333333,0.4,0.2,0.2,0.3,0.25,15,15,0.6666666666666666,1,1
1446771,2024-08-21,Hong Kong,Kuwait,"Selangor Turf Club, Kuala Lumpur",0.4645669291338583,0.4305555555555556,0.2,0.6,0.3,0.5,1.0,127,72,0.5,1,0
1447543,2024-08-21,Malta,Isle of Man,Marsa Sports Club,0.44,0.6086956521739131,0.0,0.4,0.2,0.6,0.0,50,23,0.5833333333333334,1,0
1443769,2024-08-21,Malta,Finland,"Guernsey Rovers Athletic Club Ground, Port Soif",0.43137254901960786,0.3888888888888889,0.0,0.0,0.2,0.3,0.5,51,18,0.5,1,0
1443770,2024-08-22,Finland,Estonia,"King George V Sports Ground, Castel",0.42105263157894735,0.20833333333333334,0.2,0.2,0.4,0.4,0.5,19,24,0.5,1,0
1443772,2024-08-22,Malta,Guernsey,"King George V Sports Ground, Castel",0.4230769230769231,0.56,0.0,0.6,0.1,0.6,0.5,52,25,0.5,1,0
1446772,2024-08-22,Kuwait,Malaysia,"Selangor Turf Club, Kuala Lumpur",0.4383561643835616,0.5,0.6,0.0,0.6,0.2,0.0,73,128,1.0,1,0
1443771,2024-08-22,Denmark,Greece,"Guernsey Rovers Athletic Club Ground, Port Soif",0.40540540540540543,0.3333333333333333,0.6,0.4,0.3,0.3333333333333333,0.5,37,9,0.5,1,1
1443773,2024-08-22,Spain,Czech Republic,"Guernsey Rovers Athletic Club Ground, Port Soif",0.8,0.4444444444444444,1.0,0.0,1.0,0.4,0.5,35,27,0.5,1,1
1444961,2024-08-23,Samoa,Cook Islands,"Faleata Oval No 2, Apia",0.25,0.5,0.6,0.8,0.3,0.4,0.0,16,14,0.75,1,0
1446773,2024-08-23,Malaysia,Hong Kong,"Selangor Turf Club, Kuala Lumpur",0.5038759689922481,0.4609375,0.2,0.0,0.3,0.2,0.5714285714285714,129,128,1.0,1,0
1433367,2024-08-23,South Africa,West Indies,"Brian Lara Stadium, Tarouba, Trinidad",0.5255972696245734,0.4564459930313589,0.6,0.6,0.8,0.7,0.5135135135135135,293,287,0.5,1,0
1446761,2024-08-23,Canada,Netherlands,"Sportpark Maarschalkerweerd, Utrecht",0.5357142857142857,0.5136986301369864,0.2,0.8,0.4,0.6,0.0,56,146,0.5,1,0
1444960,2024-08-23,Vanuatu,Fiji,"Faleata Oval No 2, Apia",0.47619047619047616,0.3125,0.2,0.2,0.2,0.3,1.0,42,16,0.25,1,0
1443776,2024-08-24,Greece,Cyprus,"King George V Sports Ground, Castel",0.3,0.5,0.4,0.4,0.3,0.5,0.5,10,20,0.5,1,0
1443777,2024-08-24,Bulgaria,Estonia,"Guernsey Rovers Athletic Club Ground, Port Soif",0.34375,0.24,0.2,0.4,0.3,0.4,0.5,32,25,0.0,1,0
1443775,2024-08-24,Finland,Guernsey,"Guernsey Rovers Athletic Club Ground, Port Soif",0.4,0.5769230769230769,0.2,0.8,0.3,0.6,0.5,20,26,1.0,1,1
1447550,2024-08-24,Isle of Man,Greece,Marsa Sports Club,0.625,0.2727272727272727,0.6,0.4,0.7,0.3,1.0,24,11,1.0,1,1
1444963,2024-08-24,Samoa,Vanuatu,"Faleata Oval No 2, Apia",0.23529411764705882,0.46511627906976744,0.6,0.2,0.3,0.2,0.4,17,43,0.6,1,1
1444962,2024-08-24,Fiji,Cook Islands,"Faleata Oval No 2, Apia",0.35294117647058826,0.5333333333333333,0.4,0.8,0.4,0.5,0.5,17,15,0.4,1,1
1446774,2024-08-24,Hong Kong,Kuwait,"Selangor Turf Club, Kuala Lumpur",0.46511627906976744,0.43243243243243246,0.2,0.6,0.3,0.6,0.8888888888888888,129,74,0.5,1,0
1447551,2024-08-25,Greece,Serbia,Marsa Sports Club,0.25,0.2916666666666667,0.2,0.0,0.2,0.3,1.0,12,24,0.0,1,1
1443781,2024-08-25,Greece,Spain,"Guernsey Rovers Athletic Club Ground, Port Soif",0.3076923076923077,0.8055555555555556,0.2,1.0,0.3,1.0,0.5,13,36,0.0,1,0
1443780,2024-08-25,Estonia,Guernsey,"King George V Sports Ground, Castel",0.2692307692307692,0.5555555555555556,0.4,0.6,0.4,0.5,0.5,26,27,1.0,1,0
1443779,2024-08-25,Cyprus,Czech Republic,"Guernsey Rovers Athletic Club Ground, Port Soif",0.5238095238095238,0.42857142857142855,0.6,0.0,0.5,0.4,0.5,21,28,0.5,1,0
1443778,2024-08-25,Malta,Bulgaria,"King George V Sports Ground, Castel",0.41509433962264153,0.3333333333333333,0.0,0.0,0.1,0.2,1.0,53,33,0.0,1,1
1433368,2024-08-25,West Indies,South Africa,"Brian Lara Stadium, Tarouba, Trinidad",0.4583333333333333,0.5238095238095238,0.6,0.4,0.7,0.7,0.5,288,294,0.6666666666666666,1,1
1447553,2024-08-25,Greece,Isle of Man,Marsa Sports Club,0.2857142857142857,0.64,0.2,0.6,0.3,0.7,0.0,14,25,0.5,1,0
1446775,2024-08-25,Kuwait,Malaysia,"Selangor Turf Club, Kuala Lumpur",0.44,0.5,0.6,0.2,0.6,0.3,0.0,75,130,0.6666666666666666,1,1
1446763,2024-08-25,Netherlands,United States of America,"Sportpark Maarschalkerweerd, Utrecht",0.5170068027210885,0.5,0.8,0.2,0.6,0.3,1.0,147,54,0.8181818181818182,1,1
1446776,2024-08-26,Hong Kong,Malaysia,"Selangor Turf Club, Kuala Lumpur",0.46153846153846156,0.4961832061068702,0.2,0.2,0.3,0.2,0.4666666666666667,130,131,0.4,1,1
1446764,2024-08-26,Canada,Netherlands,"Sportpark Maarschalkerweerd, Utrecht",0.5263157894736842,0.5202702702702703,0.2,0.8,0.3,0.6,0.0,57,148,0.0,1,1
1446765,2024-08-27,United States of America,Canada,"Sportpark Westvliet, The Hague",0.4909090909090909,0.5344827586206896,0.0,0.4,0.3,0.3,0.7692307692307693,55,58,0.5,1,1
1446777,2024-08-27,Hong Kong,Kuwait,"Selangor Turf Club, Kuala Lumpur",0.46564885496183206,0.4473684210526316,0.4,0.6,0.3,0.6,0.8,131,76,0.5,1,0
1433369,2024-08-27,South Africa,West Indies,"Brian Lara Stadium, Tarouba, Trinidad",0.5220338983050847,0.4602076124567474,0.2,0.8,0.6,0.7,0.48717948717948717,295,289,0.0,1,0
1443785,2024-08-27,Malta,Estonia,"Guernsey Rovers Athletic Club Ground, Port Soif",0.42592592592592593,0.25925925925925924,0.2,0.4,0.1,0.4,0.5,54,27,0.0,1,0
1443784,2024-08-27,Czech Republic,Greece,"King George V Sports Ground, Castel",0.4482758620689655,0.26666666666666666,0.2,0.2,0.4,0.3,0.5,29,15,0.0,1,1
1443783,2024-08-27,Finland,Bulgaria,"Guernsey Rovers Athletic Club Ground, Port Soif",0.42857142857142855,0.3235294117647059,0.4,0.0,0.3,0.2,0.5,21,34,1.0,1,1
1443782,2024-08-27,Denmark,Cyprus,"King George V Sports Ground, Castel",0.42105263157894735,0.5,0.8,0.4,0.4,0.5,0.5,38,22,1.0,1,1
1443789,2024-08-28,Denmark,Guernsey,"King George V Sports Ground, Castel",0.4358974358974359,0.5714285714285714,1.0,0.8,0.5,0.6,0.0,39,28,1.0,1,0
1443788,2024-08-28,Czech Republic,Estonia,"Guernsey Rovers Athletic Club Ground, Port Soif",0.4666666666666667,0.2857142857142857,0.4,0.6,0.4,0.5,1.0,30,28,0.5,1,0
1446766,2024-08-28,Netherlands,United States of America,"Sportpark Westvliet, The Hague",0.5167785234899329,0.5,0.6,0.2,0.6,0.4,1.0,149,56,0.16666666666666666,1,1
1443787,2024-08-28,Cyprus,Malta,"Guernsey Rovers Athletic Club Ground, Port Soif",0.4782608695652174,0.41818181818181815,0.4,0.2,0.5,0.1,0.5,23,55,0.0,1,1
1443786,2024-08-28,Spain,Finland,"King George V Sports Ground, Castel",0.8108108108108109,0.45454545454545453,1.0,0.6,1.0,0.3,0.5,37,22,1.0,1,1
1447477,2024-08-30,Malaysia,Maldives,"Bayuemas Oval, Kuala Lumpur",0.49242424242424243,0.15151515151515152,0.2,0.2,0.2,0.2,1.0,132,33,0.6666666666666666,1,1
1447478,2024-08-30,Myanmar,Hong Kong,"YSD-UKM Cricket Oval, Bangi",0.2857142857142857,0.4621212121212121,0.2,0.4,0.4,0.3,0.0,14,132,1.0,1,0
1447479,2024-08-30,Kuwait,Mongolia,"Bayuemas Oval, Kuala Lumpur",0.45454545454545453,0.0,0.8,0.0,0.7,0.0,0.5,77,13,0.5,1,1
1447482,2024-08-31,Mongolia,Hong Kong,"Bayuemas Oval, Kuala Lumpur",0.0,0.46616541353383456,0.0,0.6,0.0,0.3,0.5,14,133,0.0,1,0
1447481,2024-08-31,Myanmar,Malaysia,"YSD-UKM Cricket Oval, Bangi",0.26666666666666666,0.49624060150375937,0.2,0.4,0.3,0.2,0.0,15,133,0.5,1,0
1447480,2024-08-31,Singapore,Maldives,"Bayuemas Oval, Kuala Lumpur",0.30303030303030304,0.14705882352941177,0.2,0.2,0.2,0.2,1.0,66,34,0.0,1,1
1447485,2024-09-02,Myanmar,Mongolia,"YSD-UKM Cricket Oval, Bangi",0.25,0.0,0.2,0.0,0.2,0.0,0.5,16,15,0.3333333333333333,1,1
1447484,2024-09-02,Kuwait,Maldives,"YSD-UKM Cricket Oval, Bangi",0.46153846153846156,0.14285714285714285,0.8,0.0,0.7,0.2,1.0,78,35,0.0,1,1
1447483,2024-09-02,Hong Kong,Singapore,"Bayuemas Oval, Kuala Lumpur",0.4701492537313433,0.31343283582089554,0.6,0.4,0.4,0.3,0.6666666666666666,134,67,0.4166666666666667,1,1
1447487,2024-09-03,Myanmar,Kuwait,"Bayuemas Oval, Kuala Lumpur",0.29411764705882354,0.46835443037974683,0.4,1.0,0.2,0.8,0.0,17,79,0.0,1,0
1447486,2024-09-03,Maldives,Hong Kong,"YSD-UKM Cricket Oval, Bangi",0.1388888888888889,0.4740740740740741,0.0,0.8,0.1,0.5,0.0,36,135,0.0,1,0
1447488,2024-09-03,Malaysia,Singapore,"YSD-UKM Cricket Oval, Bangi",0.5,0.3088235294117647,0.4,0.4,0.3,0.3,0.8,134,68,0.5,1,1
1440463,2024-09-04,Scotland,Australia,"Grange Cricket Club Ground, Raeburn Place, Edinburgh",0.5538461538461539,0.6483870967741936,0.8,0.8,0.6,0.9,0.0,130,310,0.45454545454545453,1,0
1447491,2024-09-05,Myanmar,Maldives,"Bayuemas Oval, Kuala Lumpur",0.2777777777777778,0.13513513513513514,0.2,0.0,0.2,0.1,0.5,18,37,0.0,1,0
1447490,2024-09-05,Mongolia,Singapore,"YSD-UKM Cricket Oval, Bangi",0.0,0.30434782608695654,0.0,0.2,0.0,0.2,0.5,16,69,0.0,1,0
1447489,2024-09-05,Malaysia,Kuwait,"Bayuemas Oval, Kuala Lumpur",0.5037037037037037,0.475,0.6,1.0,0.4,0.8,0.9,135,80,0.68,1,0
1440464,2024-09-06,Australia,Scotland,"Grange Cricket Club Ground, Raeburn Place, Edinburgh",0.6495176848874598,0.549618320610687,0.8,0.6,0.9,0.5,1.0,311,131,1.0,1,1
1449019,2024-09-06,Namibia,United Arab Emirates,"Wanderers Cricket Ground, Windhoek",0.6198347107438017,0.5686274509803921,0.4,0.2,0.4,0.4,0.6666666666666666,121,153,0.8888888888888888,1,0
1447493,2024-09-06,Kuwait,Singapore,"YSD-UKM Cricket Oval, Bangi",0.48148148148148145,0.3142857142857143,1.0,0.4,0.8,0.3,1.0,81,70,0.3333333333333333,1,0
1447492,2024-09-06,Maldives,Mongolia,"Bayuemas Oval, Kuala Lumpur",0.15789473684210525,0.0,0.2,0.0,0.2,0.0,0.5,38,17,0.25,1,1
1440465,2024-09-07,Scotland,Australia,"Grange Cricket Club Ground, Raeburn Place, Edinburgh",0.5454545454545454,0.6506410256410257,0.4,0.8,0.5,0.9,0.0,132,312,0.38461538461538464,1,0
1447494,2024-09-07,Malaysia,Hong Kong,"Bayuemas Oval, Kuala Lumpur",0.5,0.47794117647058826,0.6,0.8,0.4,0.6,0.5,136,136,0.6538461538461539,1,1
1449020,2024-09-07,United Arab Emirates,Zimbabwe,"Wanderers Cricket Ground, Windhoek",0.5714285714285714,0.46111111111111114,0.2,0.2,0.4,0.2,0.25,154,180,1.0,1,0
1449021,2024-09-08,Zimbabwe,Namibia,"Wanderers Cricket Ground, Windhoek",0.46408839779005523,0.6147540983606558,0.2,0.2,0.3,0.3,0.6,181,122,0.6,1,0
1447495,2024-09-09,Myanmar,Singapore,"Bayuemas Oval, Kuala Lumpur",0.2631578947368421,0.323943661971831,0.2,0.6,0.2,0.4,1.0,19,71,0.0,1,0
1447496,2024-09-09,Mongolia,Malaysia,"YSD-UKM Cricket Oval, Bangi",0.0,0.5036496350364964,0.0,0.8,0.0,0.5,0.5,18,137,0.0,1,0
1449022,2024-09-09,United Arab Emirates,Namibia,"Wanderers Cricket Ground, Windhoek",0.567741935483871,0.6178861788617886,0.2,0.2,0.3,0.4,0.4,155,123,0.5,1,1
1450462,2024-09-10,Kenya,Rwanda,"Sikh Union Club Ground, Nairobi",0.5555555555555556,0.375,0.6,0.2,0.8,0.4,0.9090909090909091,108,96,0.7777777777777778,1,1
1449023,2024-09-10,Zimbabwe,United Arab Emirates,"Wanderers Cricket Ground, Windhoek",0.46153846153846156,0.5705128205128205,0.2,0.4,0.3,0.4,0.8,182,156,0.5,1,0
1385697,2024-09-11,Australia,England,"The Rose Bowl, Southampton",0.6517571884984026,0.6388888888888888,0.8,1.0,0.9,0.8,0.5294117647058824,313,324,0.5,1,1
1450464,2024-09-11,Kenya,Rwanda,"Sikh Union Club Ground, Nairobi",0.5596330275229358,0.3711340206185567,0.6,0.0,0.8,0.3,0.9166666666666666,109,97,0.8,1,0
1450463,2024-09-11,Rwanda,Kenya,"Sikh Union Club Ground, Nairobi",0.37755102040816324,0.5545454545454546,0.2,0.4,0.3,0.7,0.15384615384615385,98,110,0.16666666666666666,1,1
1449024,2024-09-11,Zimbabwe,Namibia,"Wanderers Cricket Ground, Windhoek",0.45901639344262296,0.6129032258064516,0.2,0.2,0.3,0.3,0.5714285714285714,183,124,0.42857142857142855,1,0
1449025,2024-09-12,Namibia,United Arab Emirates,"Wanderers Cricket Ground, Windhoek",0.616,0.5732484076433121,0.4,0.6,0.4,0.5,0.5454545454545454,125,157,0.7692307692307693,1,0
1385698,2024-09-13,Australia,England,"Sophia Gardens, Cardiff",0.6528662420382165,0.6369230769230769,0.8,0.8,0.9,0.7,0.5384615384615384,314,325,0.5,1,0
1449026,2024-09-13,Zimbabwe,United Arab Emirates,"Wanderers Cricket Ground, Windhoek",0.45652173913043476,0.5759493670886076,0.2,0.8,0.3,0.5,0.6666666666666666,184,158,0.375,1,0
1450465,2024-09-13,Kenya,Rwanda,"Sikh Union Club Ground, Nairobi",0.5495495495495496,0.3838383838383838,0.4,0.4,0.6,0.3,0.7857142857142857,111,99,0.6666666666666666,1,0
1450198,2024-09-14,Denmark,Norway,Koge Cricket Club,0.425,0.4375,0.8,0.4,0.5,0.7,1.0,40,32,0.5,1,1
1449027,2024-09-14,Namibia,Zimbabwe,"Wanderers Cricket Ground, Windhoek",0.6111111111111112,0.4540540540540541,0.4,0.2,0.4,0.2,0.45454545454545453,126,185,0.7142857142857143,1,1
1430820,2024-09-14,England,Ireland,"Castle Avenue, Dublin",0.6380368098159509,0.4660633484162896,0.8,0.2,0.7,0.4,0.5,326,221,0.5,1,1
1450200,2024-09-14,Austria,Denmark,Koge Cricket Club,0.5,0.43902439024390244,0.8,0.8,0.4,0.6,0.0,32,41,0.5,1,0
1450468,2024-09-14,Cyprus,Serbia,Lisicji Jarak Cricket Ground,0.5,0.28,0.4,0.0,0.5,0.3,0.0,24,25,0.5,1,1
1450467,2024-09-14,Serbia,Cyprus,Lisicji Jarak Cricket Ground,0.2692307692307692,0.52,0.0,0.6,0.2,0.5,0.5,26,25,0.5,1,0
1450466,2024-09-14,Rwanda,Kenya,"Sikh Union Club Ground, Nairobi",0.39,0.5446428571428571,0.6,0.4,0.4,0.5,0.26666666666666666,100,112,0.375,1,1
1450199,2024-09-14,Austria,Luxembourg,Koge Cricket Club 2,0.48484848484848486,0.36363636363636365,0.8,0.2,0.4,0.4,0.75,33,33,0.5,1,1
1430821,2024-09-15,England,Ireland,"Castle Avenue, Dublin",0.6391437308868502,0.46396396396396394,0.8,0.2,0.8,0.4,0.6666666666666666,327,222,1.0,1,0
1450204,2024-09-15,Norway,Luxembourg,Koge Cricket Club 2,0.42424242424242425,0.35294117647058826,0.2,0.2,0.6,0.3,0.5,33,34,0.5,1,1
1450202,2024-09-15,Denmark,Luxembourg,Koge Cricket Club,0.4523809523809524,0.34285714285714286,0.8,0.0,0.7,0.2,0.5,42,35,1.0,1,1
1449011,2024-09-16,South Africa,Pakistan,Multan Cricket Stadium,0.5202702702702703,0.5258620689655172,0.2,0.6,0.5,0.4,0.42105263157894735,296,348,0.5,1,1
1449012,2024-09-18,Pakistan,South Africa,Multan Cricket Stadium,0.5243553008595988,0.5218855218855218,0.4,0.2,0.4,0.5,0.5641025641025641,349,297,0.0,1,1
1426617,2024-09-19,New Zealand,Australia,"Great Barrier Reef Arena, Mackay",0.5445544554455446,0.6507936507936508,0.0,0.8,0.3,0.8,0.2972972972972973,303,315,0.5,1,0
1449013,2024-09-20,Pakistan,South Africa,Multan Cricket Stadium,0.5257142857142857,0.5201342281879194,0.6,0.2,0.5,0.4,0.575,350,298,0.5,1,0
1450751,2024-09-21,Malawi,Lesotho,"Gymkhana Club Ground, Dar-es-Salaam",0.4090909090909091,0.05,0.4,0.0,0.3,0.0,1.0,22,20,0.5,1,1
1450752,2024-09-21,Cameroon,Ghana,"Gymkhana Club Ground, Dar-es-Salaam",0.08695652173913043,0.30303030303030304,0.0,0.2,0.1,0.1,0.5,23,33,0.5,1,0
1450753,2024-09-21,Mali,Tanzania,University of Dar-es-Salaam Ground,0.0,0.5949367088607594,0.0,0.4,0.0,0.2,0.5,5,79,0.5,1,0
1451292,2024-09-21,Greece,Spain,"Marina Ground, Corfu",0.25,0.8157894736842105,0.2,1.0,0.3,1.0,0.0,16,38,0.5,1,0
1451291,2024-09-21,Spain,Greece,"Marina Ground, Corfu",0.8205128205128205,0.23529411764705882,1.0,0.2,1.0,0.2,1.0,39,17,1.0,1,1
1451294,2024-09-22,Greece,Spain,"Marina Ground, Corfu",0.2222222222222222,0.825,0.0,1.0,0.1,1.0,0.0,18,40,0.0,1,0
1451293,2024-09-22,Greece,Spain,"Marina Ground, Corfu",0.21052631578947367,0.8292682926829268,0.0,1.0,0.1,1.0,0.0,19,41,0.0,1,0
1426618,2024-09-22,Australia,New Zealand,"Great Barrier Reef Arena, Mackay",0.6518987341772152,0.5427631578947368,0.8,0.0,0.8,0.2,0.7105263157894737,316,304,1.0,1,1
1450754,2024-09-22,Mali,Cameroon,"Gymkhana Club Ground, Dar-es-Salaam",0.0,0.08333333333333333,0.0,0.0,0.0,0.0,0.5,6,24,0.5,1,0
1450755,2024-09-22,Malawi,Ghana,University of Dar-es-Salaam Ground,0.43478260869565216,0.3235294117647059,0.6,0.2,0.4,0.2,0.0,23,34,0.5,1,1
1450757,2024-09-24,Ghana,Lesotho,University of Dar-es-Salaam Ground,0.3142857142857143,0.047619047619047616,0.2,0.0,0.2,0.0,0.5,35,21,0.0,1,1
1450759,2024-09-24,Mali,Malawi,University of Dar-es-Salaam Ground,0.0,0.4583333333333333,0.0,0.8,0.0,0.5,0.5,7,24,0.0,1,0
1426619,2024-09-24,New Zealand,Australia,"Allan Border Field, Brisbane",0.5409836065573771,0.6529968454258676,0.0,0.8,0.2,0.8,0.28205128205128205,305,317,0.5,1,0
1450758,2024-09-24,Cameroon,Tanzania,"Gymkhana Club Ground, Dar-es-Salaam",0.12,0.6,0.2,0.4,0.1,0.3,0.0,25,80,0.5,1,0
1450766,2024-09-25,Japan,Indonesia,"Yeonhui Cricket Ground, Incheon",0.48,0.62,1.0,0.8,0.8,0.7,0.3333333333333333,50,50,0.5,1,1
1450760,2024-09-25,Ghana,Tanzania,University of Dar-es-Salaam Ground,0.3333333333333333,0.6049382716049383,0.4,0.6,0.3,0.4,0.0,36,81,0.5,1,0
1450762,2024-09-25,Cameroon,Malawi,University of Dar-es-Salaam Ground,0.11538461538461539,0.48,0.2,0.8,0.1,0.6,0.0,26,25,0.5,1,0
1450761,2024-09-25,Lesotho,Mali,"Gymkhana Club Ground, Dar-es-Salaam",0.045454545454545456,0.0,0.0,0.0,0.0,0.0,1.0,22,8,0.0,1,1
1450765,2024-09-26,Tanzania,Malawi,"Gymkhana Club Ground, Dar-es-Salaam",0.6097560975609756,0.5,0.6,0.8,0.5,0.7,1.0,82,26,1.0,1,1
1450764,2024-09-26,Lesotho,Cameroon,University of Dar-es-Salaam Ground,0.08695652173913043,0.1111111111111111,0.2,0.2,0.1,0.1,0.5,23,27,0.0,1,0
1450763,2024-09-26,Mali,Ghana,"Gymkhana Club Ground, Dar-es-Salaam",0.0,0.32432432432432434,0.0,0.4,0.0,0.3,0.5,9,37,0.0,1,0
1450767,2024-09-26,Japan,Philippines,"Yeonhui Cricket Ground, Incheon",0.49019607843137253,0.2777777777777778,1.0,0.6,0.9,0.4,1.0,51,18,1.0,1,1
1431086,2024-09-27,Ireland,South Africa,"Zayed Cricket Stadium, Abu Dhabi",0.4663677130044843,0.5217391304347826,0.4,0.4,0.5,0.4,0.09090909090909091,223,299,0.6666666666666666,1,0
1450823,2024-09-28,Canada,Nepal,"Maple Leaf North-West Ground, King City",0.5254237288135594,0.6201550387596899,0.4,0.2,0.2,0.3,0.0,59,129,0.5,1,1
1450769,2024-09-28,South Korea,Indonesia,"Yeonhui Cricket Ground, Incheon",0.0,0.6078431372549019,0.0,0.6,0.0,0.6,0.0,5,51,0.5,1,0
1450768,2024-09-28,Philippines,Japan,"Yeonhui Cricket Ground, Incheon",0.2631578947368421,0.5,0.4,1.0,0.4,0.9,0.0,19,52,0.0,1,0
1450770,2024-09-29,Philippines,Indonesia,"Yeonhui Cricket Ground, Incheon",0.25,0.6153846153846154,0.4,0.6,0.3,0.6,0.6,20,52,0.0,1,1
1450824,2024-09-29,Nepal,Oman,"Maple Leaf North-West Ground, King City",0.6153846153846154,0.46987951807228917,0.2,0.2,0.2,0.5,0.6,130,83,0.0,1,1
1450771,2024-09-29,South Korea,Japan,"Yeonhui Cricket Ground, Incheon",0.0,0.5094339622641509,0.0,1.0,0.0,0.9,0.0,6,53,0.0,1,0
1431087,2024-09-29,Ireland,South Africa,"Zayed Cricket Stadium, Abu Dhabi",0.4642857142857143,0.5233333333333333,0.4,0.6,0.4,0.4,0.08333333333333333,224,300,0.5714285714285714,1,1
1450817,2024-09-29,United Arab Emirates,Namibia,"Wanderers Cricket Ground, Windhoek",0.5786163522012578,0.6141732283464567,0.8,0.6,0.5,0.4,0.5,159,127,0.8333333333333334,1,1
1452624,2024-09-30,Serbia,Gibraltar,Europa Sports Complex,0.25925925925925924,0.3404255319148936,0.0,0.2,0.1,0.5,0.0,27,47,0.0,1,0
1452625,2024-09-30,Serbia,Gibraltar,Europa Sports Complex,0.25,0.3541666666666667,0.0,0.2,0.0,0.5,0.0,28,48,0.0,1,0
1450825,2024-09-30,Canada,Oman,"Maple Leaf North-West Ground, King City",0.5333333333333333,0.4642857142857143,0.4,0.0,0.3,0.5,0.6,60,84,1.0,1,0
1450818,2024-09-30,United States of America,United Arab Emirates,"Wanderers Cricket Ground, Windhoek",0.49122807017543857,0.58125,0.2,1.0,0.3,0.6,0.3333333333333333,57,160,0.5,1,1
1450819,2024-10-01,United States of America,Namibia,"Wanderers Cricket Ground, Windhoek",0.5,0.609375,0.4,0.4,0.3,0.3,1.0,58,128,1.0,1,1
1451303,2024-10-01,Singapore,Japan,Sano International Cricket Ground,0.3333333333333333,0.5185185185185185,0.6,1.0,0.5,1.0,1.0,72,54,0.5,1,0
1450773,2024-10-01,Philippines,South Korea,"Yeonhui Cricket Ground, Incheon",0.2857142857142857,0.0,0.6,0.0,0.4,0.0,0.5,21,7,0.3333333333333333,1,1
1450826,2024-10-01,Nepal,Canada,"Maple Leaf North-West Ground, King City",0.6183206106870229,0.5245901639344263,0.4,0.4,0.2,0.3,0.5,131,61,0.5,1,0
1450772,2024-10-01,Japan,Indonesia,"Yeonhui Cricket Ground, Incheon",0.5272727272727272,0.6037735849056604,1.0,0.4,1.0,0.6,0.42857142857142855,55,53,1.0,1,1
1451304,2024-10-02,Singapore,Japan,Sano International Cricket Ground,0.3287671232876712,0.5357142857142857,0.6,1.0,0.5,1.0,0.6666666666666666,73,56,0.0,1,0
1450774,2024-10-02,Japan,Philippines,"Yeonhui Cricket Ground, Incheon",0.543859649122807,0.3181818181818182,1.0,0.6,1.0,0.5,1.0,57,22,1.0,1,1
1450775,2024-10-02,Indonesia,South Korea,"Yeonhui Cricket Ground, Incheon",0.5925925925925926,0.0,0.2,0.0,0.6,0.0,1.0,54,8,0.25,1,1
1450827,2024-10-02,Nepal,Oman,"Maple Leaf North-West Ground, King City",0.6136363636363636,0.47058823529411764,0.2,0.2,0.2,0.5,0.6666666666666666,132,85,0.3333333333333333,1,1
1450820,2024-10-02,Namibia,United Arab Emirates,"Wanderers Cricket Ground, Windhoek",0.6046511627906976,0.577639751552795,0.4,0.8,0.3,0.6,0.46153846153846156,129,161,0.6470588235294118,1,0
1432423,2024-10-03,Pakistan,Sri Lanka,Sharjah Cricket Stadium,0.5242165242165242,0.43252595155709345,0.4,0.4,0.5,0.6,0.5833333333333334,351,289,0.5454545454545454,1,1
1432422,2024-10-03,Bangladesh,Scotland,Sharjah Cricket Stadium,0.40160642570281124,0.5413533834586466,0.4,0.4,0.5,0.5,0.8,249,133,0.0,1,1
1450828,2024-10-03,Oman,Canada,"Maple Leaf North-West Ground, King City",0.46511627906976744,0.532258064516129,0.2,0.6,0.4,0.4,0.5,86,62,0.3333333333333333,1,0
1451305,2024-10-04,Japan,Singapore,Sano International Cricket Ground,0.5517241379310345,0.32432432432432434,1.0,0.6,1.0,0.4,0.5,58,74,0.8461538461538461,1,1
1432424,2024-10-04,West Indies,South Africa,Dubai International Cricket Stadium,0.46206896551724136,0.521594684385382,1.0,0.6,0.7,0.4,0.525,290,301,0.0,1,0
1450777,2024-10-04,Japan,South Korea,"Yeonhui Cricket Ground, Incheon",0.559322033898305,0.0,1.0,0.0,1.0,0.0,1.0,59,9,1.0,1,1
1450821,2024-10-04,United Arab Emirates,United States of America,"Wanderers Cricket Ground, Windhoek",0.5802469135802469,0.5084745762711864,0.8,0.6,0.7,0.4,0.5,162,59,0.7777777777777778,1,1
1450776,2024-10-04,Indonesia,Philippines,"Yeonhui Cricket Ground, Incheon",0.6,0.30434782608695654,0.4,0.4,0.6,0.5,0.3333333333333333,55,23,0.4,1,1
1432425,2024-10-04,New Zealand,India,Dubai International Cricket Stadium,0.5392156862745098,0.6342857142857142,0.0,0.8,0.2,0.9,0.5172413793103449,306,350,0.4166666666666667,1,1
1450778,2024-10-05,Philippines,South Korea,"Yeonhui Cricket Ground, Incheon",0.2916666666666667,0.0,0.4,0.0,0.4,0.0,1.0,24,10,0.3333333333333333,1,1
1450779,2024-10-05,Japan,Indonesia,"Yeonhui Cricket Ground, Incheon",0.5666666666666667,0.6071428571428571,1.0,0.6,1.0,0.6,0.5,60,56,1.0,1,1
1450822,2024-10-05,Namibia,United States of America,"Wanderers Cricket Ground, Windhoek",0.6,0.5,0.2,0.6,0.3,0.3,0.0,130,60,0.6111111111111112,1,0
1451306,2024-10-05,Japan,Singapore,Sano International Cricket Ground,0.5737704918032787,0.32,1.0,0.4,1.0,0.4,0.6,61,75,0.8571428571428571,1,1
1432427,2024-10-05,England,Bangladesh,Sharjah Cricket Stadium,0.6371951219512195,0.404,0.6,0.6,0.7,0.5,0.5,328,250,0.5,1,1
1432426,2024-10-05,Sri Lanka,Australia,Sharjah Cricket Stadium,0.43103448275862066,0.6540880503144654,0.4,0.8,0.6,0.8,0.3125,290,318,0.42857142857142855,1,0
1432429,2024-10-06,Scotland,West Indies,Dubai International Cricket Stadium,0.5373134328358209,0.46048109965635736,0.2,0.8,0.4,0.6,1.0,134,291,0.46153846153846156,1,0
1432428,2024-10-06,Pakistan,India,Dubai International Cricket Stadium,0.5255681818181818,0.6324786324786325,0.4,0.6,0.6,0.8,0.25,352,351,0.5333333333333333,1,0
1451307,2024-10-06,Japan,Singapore,Sano International Cricket Ground,0.5806451612903226,0.3157894736842105,1.0,0.2,1.0,0.4,0.6666666666666666,62,76,0.8666666666666667,1,1
1439893,2024-10-06,Bangladesh,India,"Shrimant Madhavrao Scindia Cricket Stadium, Gwalior",0.40239043824701193,0.6335227272727273,0.6,0.6,0.5,0.8,0.13333333333333333,251,352,0.5,1,0
1432430,2024-10-07,South Africa,England,Sharjah Cricket Stadium,0.5231788079470199,0.6382978723404256,0.6,0.6,0.4,0.8,0.4,302,329,0.6,1,0
1451308,2024-10-08,Hong Kong,Japan,"Yeonhui Cricket Ground, Incheon",0.4744525547445255,0.5873015873015873,0.8,1.0,0.6,1.0,0.875,137,63,0.5,1,1
1432431,2024-10-08,Australia,New Zealand,Sharjah Cricket Stadium,0.6551724137931034,0.5407166123778502,0.8,0.2,0.8,0.2,0.725,319,307,1.0,1,1
1432433,2024-10-09,India,Sri Lanka,Dubai International Cricket Stadium,0.6345609065155807,0.42955326460481097,0.6,0.4,0.8,0.5,0.7272727272727273,353,291,0.5,1,1
1432432,2024-10-09,South Africa,Scotland,Dubai International Cricket Stadium,0.5214521452145214,0.5333333333333333,0.6,0.0,0.4,0.4,1.0,303,135,1.0,1,1
1454384,2024-10-09,Malawi,Rwanda,"TCA Oval, Blantyre",0.48148148148148145,0.39603960396039606,0.8,0.8,0.6,0.5,0.6666666666666666,27,101,0.5,1,0
1439894,2024-10-09,India,Bangladesh,"Arun Jaitley Stadium, Delhi",0.635593220338983,0.4007936507936508,0.6,0.4,0.8,0.4,0.8709677419354839,354,252,0.0,1,1
1451311,2024-10-09,Hong Kong,China,"Yeonhui Cricket Ground, Incheon",0.4782608695652174,0.32,0.8,0.2,0.7,0.2,0.6666666666666666,138,25,1.0,1,1
1432434,2024-10-10,Bangladesh,West Indies,Sharjah Cricket Stadium,0.39920948616600793,0.4623287671232877,0.2,0.8,0.3,0.7,0.29411764705882354,253,292,0.25,1,0
1454385,2024-10-10,Malawi,Rwanda,"TCA Oval, Blantyre",0.4642857142857143,0.4019607843137255,0.6,1.0,0.6,0.5,0.5,28,102,0.0,1,0
1432435,2024-10-11,Pakistan,Australia,Dubai International Cricket Stadium,0.5240793201133145,0.65625,0.4,1.0,0.5,0.9,0.3333333333333333,353,320,0.5161290322580645,1,0
1432437,2024-10-12,Bangladesh,South Africa,Dubai International Cricket Stadium,0.39763779527559057,0.5230263157894737,0.2,0.6,0.3,0.5,0.058823529411764705,254,304,0.5,1,0
1432436,2024-10-12,Sri Lanka,New Zealand,Sharjah Cricket Stadium,0.4280821917808219,0.538961038961039,0.2,0.2,0.4,0.1,0.27586206896551724,292,308,0.375,1,0
1439895,2024-10-12,India,Bangladesh,"Rajiv Gandhi International Stadium, Uppal, Hyderabad",0.6366197183098592,0.396078431372549,0.8,0.0,0.8,0.3,0.875,355,255,1.0,1,1
1451317,2024-10-12,Hong Kong,South Korea,"Yeonhui Cricket Ground, Incheon",0.48201438848920863,0.0,0.8,0.0,0.7,0.0,0.5,139,11,1.0,1,1
1453903,2024-10-12,Brazil,Mexico,Sao Fernando Polo and Cricket Club,0.36363636363636365,0.6666666666666666,0.4,0.6,0.3,0.6666666666666666,0.5,11,6,0.5,1,1
1454935,2024-10-12,Serbia,Bulgaria,Lisicji Jarak Cricket Ground,0.2413793103448276,0.3142857142857143,0.0,0.0,0.0,0.2,0.375,29,35,0.4,1,1
1432438,2024-10-13,Scotland,England,Sharjah Cricket Stadium,0.5294117647058824,0.6393939393939394,0.0,0.8,0.3,0.8,0.5,136,330,0.0,1,0
1451318,2024-10-13,South Korea,China,"Yeonhui Cricket Ground, Incheon",0.0,0.3076923076923077,0.0,0.0,0.0,0.2,0.0,12,26,0.0,1,0
1454388,2024-10-13,Malawi,Rwanda,"TCA Oval, Blantyre",0.4482758620689655,0.4077669902912621,0.4,1.0,0.6,0.6,0.4,29,103,0.0,1,0
1454936,2024-10-13,Bulgaria,Serbia,Lisicji Jarak Cricket Ground,0.3055555555555556,0.26666666666666666,0.0,0.2,0.2,0.1,0.5555555555555556,36,30,0.25,1,0
1454937,2024-10-13,Bulgaria,Serbia,Lisicji Jarak Cricket Ground,0.2972972972972973,0.2903225806451613,0.0,0.4,0.1,0.2,0.5,37,31,0.2,1,0
1451814,2024-10-13,Sri Lanka,West Indies,Rangiri Dambulla International Stadium,0.42662116040955633,0.4641638225255973,0.0,0.8,0.3,0.7,0.39285714285714285,293,293,0.75,1,0
1453909,2024-10-13,Mexico,Argentina,Sao Fernando Polo and Cricket Club,0.5714285714285714,0.2857142857142857,0.6,0.8,0.5714285714285714,0.4,0.0,7,21,0.0,1,0
1432439,2024-10-13,Australia,India,Sharjah Cricket Stadium,0.6573208722741433,0.6376404494382022,1.0,1.0,0.9,0.8,0.5454545454545454,321,356,1.0,1,1
1432440,2024-10-14,New Zealand,Pakistan,Dubai International Cricket Stadium,0.540453074433657,0.5225988700564972,0.4,0.4,0.2,0.4,0.5098039215686274,309,354,0.46153846153846156,1,1
1432441,2024-10-15,England,West Indies,Dubai International Cricket Stadium,0.6404833836858006,0.46598639455782315,0.8,0.8,0.8,0.8,0.6078431372549019,331,294,0.75,1,0
1451815,2024-10-15,Sri Lanka,West Indies,Rangiri Dambulla International Stadium,0.42517006802721086,0.46779661016949153,0.0,0.8,0.2,0.9,0.3793103448275862,294,295,0.6666666666666666,1,1
1432442,2024-10-17,Australia,South Africa,Dubai International Cricket Stadium,0.6583850931677019,0.5245901639344263,1.0,0.6,0.9,0.6,0.71875,322,305,0.5833333333333334,1,0
1451816,2024-10-17,West Indies,Sri Lanka,Rangiri Dambulla International Stadium,0.46621621621621623,0.4271186440677966,0.8,0.2,0.8,0.3,0.6,296,295,0.5,1,0
1453518,2024-10-17,Nepal,United States of America,"Grand Prairie Stadium, Dallas",0.6165413533834586,0.5081967213114754,0.4,0.6,0.3,0.4,0.5,133,61,0.0,1,1
1432443,2024-10-18,New Zealand,West Indies,Sharjah Cricket Stadium,0.5419354838709678,0.46464646464646464,0.6,0.6,0.3,0.7,0.6923076923076923,310,297,0.7142857142857143,1,1
1456013,2024-10-18,Kenya,Seychelles,"Sikh Union Club Ground, Nairobi",0.5398230088495575,0.2857142857142857,0.2,0.2,0.4,0.2857142857142857,1.0,113,7,0.5714285714285714,1,1
1453923,2024-10-19,Kenya,Mozambique,"Ruaraka Sports Club Ground, Nairobi",0.543859649122807,0.3125,0.2,0.4,0.4,0.4,0.5,114,32,0.5,1,1
1453911,2024-10-19,Thailand,Bhutan,Gelephu International Cricket Ground,0.5151515151515151,0.325,0.6,0.4,0.5,0.3,0.5,99,40,0.5,1,1
1453922,2024-10-19,Zimbabwe,Seychelles,"Gymkhana Club Ground, Nairobi",0.45161290322580644,0.25,0.0,0.2,0.1,0.25,0.5,186,8,0.5,1,1
1453912,2024-10-19,Indonesia,Maldives,Gelephu International Cricket Ground,0.5964912280701754,0.1794871794871795,0.4,0.4,0.5,0.3,0.5,57,39,0.5,1,0
1453520,2024-10-20,United States of America,Nepal,"Grand Prairie Stadium, Dallas",0.5,0.6194029850746269,0.6,0.6,0.4,0.4,0.0,62,134,0.5,1,0
1453913,2024-10-20,Maldives,Bhutan,Gelephu International Cricket Ground,0.2,0.3170731707317073,0.6,0.4,0.3,0.3,0.42857142857142855,40,41,1.0,1,0
1432444,2024-10-20,New Zealand,South Africa,Dubai International Cricket Stadium,0.5434083601286174,0.5261437908496732,0.8,0.8,0.4,0.7,0.4642857142857143,311,306,0.5,1,1
1453927,2024-10-20,Mozambique,Zimbabwe,"Gymkhana Club Ground, Nairobi",0.30303030303030304,0.45454545454545453,0.4,0.2,0.3,0.2,0.0,33,187,0.5,1,0
1453929,2024-10-20,Rwanda,Kenya,"Gymkhana Club Ground, Nairobi",0.41346153846153844,0.5478260869565217,1.0,0.4,0.7,0.4,0.3125,104,115,0.2857142857142857,1,0
1453914,2024-10-20,Indonesia,Thailand,Gelephu International Cricket Ground,0.5862068965517241,0.52,0.4,0.6,0.4,0.5,0.3333333333333333,58,100,0.0,1,0
1456121,2024-10-21,Singapore,Myanmar,Singapore National Cricket Ground,0.3116883116883117,0.25,0.0,0.2,0.3,0.2,0.2,77,20,0.5,1,0
1453915,2024-10-22,Thailand,Maldives,Gelephu International Cricket Ground,0.5247524752475248,0.1951219512195122,0.6,0.6,0.5,0.3,0.6,101,41,1.0,1,1
1456123,2024-10-22,Singapore,Kuwait,Singapore National Cricket Ground,0.3076923076923077,0.47560975609756095,0.0,0.8,0.3,0.8,0.3333333333333333,78,82,0.0,1,0
1456122,2024-10-22,Kuwait,Myanmar,Singapore National Cricket Ground,0.4819277108433735,0.2857142857142857,0.8,0.4,0.8,0.3,1.0,83,21,1.0,1,1
1453935,2024-10-22,Zimbabwe,Rwanda,"Ruaraka Sports Club Ground, Nairobi",0.4574468085106383,0.4095238095238095,0.4,0.8,0.3,0.7,1.0,188,105,0.5,1,1
1453934,2024-10-22,Kenya,Gambia,"Gymkhana Club Ground, Nairobi",0.5517241379310345,0.16666666666666666,0.6,0.2,0.5,0.16666666666666666,0.5,116,6,0.5,1,1
1453933,2024-10-22,Mozambique,Seychelles,"Gymkhana Club Ground, Nairobi",0.29411764705882354,0.2222222222222222,0.2,0.0,0.2,0.2222222222222222,0.5,34,9,0.0,1,1
1453916,2024-10-22,Bhutan,Indonesia,Gelephu International Cricket Ground,0.3333333333333333,0.576271186440678,0.6,0.4,0.4,0.3,0.25,42,59,0.5,1,1
1453918,2024-10-23,Bhutan,Maldives,Gelephu International Cricket Ground,0.3488372093023256,0.19047619047619047,0.8,0.6,0.5,0.3,0.625,43,42,0.6666666666666666,1,0
1453932,2024-10-23,Zimbabwe,Gambia,"Ruaraka Sports Club Ground, Nairobi",0.4603174603174603,0.14285714285714285,0.6,0.2,0.4,0.14285714285714285,0.5,189,7,1.0,1,1
1453931,2024-10-23,Rwanda,Mozambique,"Gymkhana Club Ground, Nairobi",0.4056603773584906,0.3142857142857143,0.6,0.4,0.7,0.3,1.0,106,35,0.25,1,0
1453930,2024-10-23,Seychelles,Kenya,"Ruaraka Sports Club Ground, Nairobi",0.2,0.5555555555555556,0.0,0.8,0.2,0.6,0.0,10,117,0.5,1,0
1453917,2024-10-23,Thailand,Indonesia,Gelephu International Cricket Ground,0.5294117647058824,0.5666666666666667,0.6,0.2,0.6,0.3,0.7142857142857143,102,60,1.0,1,1
1453926,2024-10-24,Gambia,Mozambique,"Ruaraka Sports Club Ground, Nairobi",0.125,0.3333333333333333,0.2,0.6,0.125,0.4,0.0,8,36,0.0,1,0
1456124,2024-10-24,Singapore,Myanmar,Singapore National Cricket Ground,0.3037974683544304,0.2727272727272727,0.0,0.2,0.3,0.3,0.16666666666666666,79,22,0.0,1,0
1453919,2024-10-24,Indonesia,Bhutan,Gelephu International Cricket Ground,0.5573770491803278,0.3409090909090909,0.0,0.6,0.3,0.5,0.6,61,44,0.0,1,0
1453925,2024-10-24,Zimbabwe,Kenya,"Gymkhana Club Ground, Nairobi",0.4631578947368421,0.559322033898305,0.8,1.0,0.5,0.6,1.0,190,118,1.0,1,1
1453924,2024-10-24,Rwanda,Seychelles,"Ruaraka Sports Club Ground, Nairobi",0.40186915887850466,0.18181818181818182,0.4,0.0,0.7,0.2,1.0,107,11,0.0,1,1
1456125,2024-10-25,Myanmar,Kuwait,Singapore National Cricket Ground,0.30434782608695654,0.4880952380952381,0.4,0.8,0.3,0.9,0.0,23,84,0.6666666666666666,1,1
1456126,2024-10-26,Singapore,Kuwait,Singapore National Cricket Ground,0.3,0.4823529411764706,0.0,0.6,0.2,0.8,0.25,80,85,0.0,1,0
1456854,2024-10-26,Bulgaria,Greece,"Marina Ground, Corfu",0.2894736842105263,0.2,0.0,0.0,0.0,0.1,0.5,38,20,0.5,1,0
1456127,2024-10-27,Myanmar,Singapore,Singapore National Cricket Ground,0.3333333333333333,0.2962962962962963,0.6,0.0,0.4,0.1,0.8571428571428571,24,81,0.75,1,1
1456128,2024-10-28,Kuwait,Myanmar,Singapore National Cricket Ground,0.4883720930232558,0.36,0.6,0.8,0.8,0.5,0.8,86,25,0.75,1,1
1457350,2024-10-28,Bahrain,Uganda,Jinja Cricket Ground,0.43333333333333335,0.6691729323308271,0.4,0.6,0.6,0.7,0.5,60,133,0.5,1,1
1457351,2024-10-29,Bahrain,Uganda,Jinja Cricket Ground,0.4426229508196721,0.664179104477612,0.4,0.4,0.7,0.7,1.0,61,134,1.0,1,0
1457354,2024-10-29,Rwanda,Kenya,"Gahanga B Ground, Rwanda",0.4074074074074074,0.5546218487394958,0.4,0.8,0.7,0.5,0.29411764705882354,108,119,1.0,1,1
1456129,2024-10-29,Singapore,Kuwait,Singapore National Cricket Ground,0.2926829268292683,0.4942528735632184,0.0,0.8,0.0,0.8,0.2,82,87,0.0,1,0
1457355,2024-10-30,Kenya,Rwanda,"Gahanga B Ground, Rwanda",0.55,0.41284403669724773,0.6,0.4,0.5,0.7,0.6666666666666666,120,109,0.5,1,1
1456130,2024-10-30,Kuwait,Myanmar,Singapore National Cricket Ground,0.5,0.34615384615384615,0.8,0.6,0.8,0.5,0.8333333333333334,88,26,0.8333333333333334,1,0
1457356,2024-10-31,Rwanda,Kenya,"Gahanga B Ground, Rwanda",0.4090909090909091,0.5537190082644629,0.4,0.6,0.6,0.6,0.3157894736842105,110,121,0.8,1,1
1457358,2024-11-02,Kenya,Rwanda,"Gahanga B Ground, Rwanda",0.5491803278688525,0.4144144144144144,0.4,0.6,0.6,0.6,0.65,122,111,0.5,1,0
1457357,2024-11-02,Kenya,Rwanda,"Gahanga B Ground, Rwanda",0.5447154471544715,0.41964285714285715,0.2,0.8,0.6,0.6,0.6190476190476191,123,112,0.4444444444444444,1,1
1456860,2024-11-07,Mongolia,China,Zhejiang University of Technology Cricket Field,0.0,0.3333333333333333,0.0,0.2,0.0,0.2,0.5,19,27,0.0,1,0
1456861,2024-11-07,Myanmar,Hong Kong,Zhejiang University of Technology Cricket Field,0.37037037037037035,0.4857142857142857,0.8,0.8,0.5,0.8,0.0,27,140,0.5,1,1
1456859,2024-11-08,Myanmar,Mongolia,Zhejiang University of Technology Cricket Field,0.39285714285714285,0.0,0.8,0.0,0.6,0.0,1.0,28,20,1.0,1,1
1449301,2024-11-08,India,South Africa,"Kingsmead, Durban",0.6358543417366946,0.5244299674267101,0.8,0.6,0.7,0.6,0.5853658536585366,357,307,0.5,1,1
1456858,2024-11-08,China,Hong Kong,Zhejiang University of Technology Cricket Field,0.35714285714285715,0.48226950354609927,0.4,0.6,0.3,0.7,0.2857142857142857,28,141,1.0,1,0
1456862,2024-11-09,Myanmar,China,Zhejiang University of Technology Cricket Field,0.41379310344827586,0.3448275862068966,0.8,0.4,0.7,0.3,0.0,29,29,1.0,1,0
1456863,2024-11-09,Mongolia,Hong Kong,Zhejiang University of Technology Cricket Field,0.0,0.4859154929577465,0.0,0.8,0.0,0.8,0.0,21,142,0.0,1,0
1456441,2024-11-09,New Zealand,Sri Lanka,Rangiri Dambulla International Stadium,0.5448717948717948,0.42905405405405406,0.8,0.4,0.5,0.4,0.7333333333333333,312,296,0.5,1,0
1433373,2024-11-09,West Indies,England,"Kensington Oval, Bridgetown, Barbados",0.46308724832214765,0.6385542168674698,0.4,0.6,0.6,0.7,0.40384615384615385,298,332,0.45454545454545453,1,0
1449302,2024-11-10,India,South Africa,"St George's Park, Gqeberha",0.6368715083798883,0.5227272727272727,0.8,0.6,0.7,0.6,0.5952380952380952,358,308,0.3333333333333333,1,0
1456865,2024-11-10,China,Hong Kong,Zhejiang University of Technology Cricket Field,0.36666666666666664,0.48951048951048953,0.6,0.8,0.4,0.8,0.25,30,143,0.6666666666666666,1,0
1456864,2024-11-10,Mongolia,Myanmar,Zhejiang University of Technology Cricket Field,0.0,0.4,0.0,0.6,0.0,0.7,0.0,22,30,0.0,1,0
1433374,2024-11-10,West Indies,England,"Kensington Oval, Bridgetown, Barbados",0.46153846153846156,0.6396396396396397,0.2,0.8,0.5,0.7,0.39622641509433965,299,333,0.4166666666666667,1,0
1456442,2024-11-10,New Zealand,Sri Lanka,Rangiri Dambulla International Stadium,0.5431309904153354,0.43097643097643096,0.8,0.6,0.5,0.4,0.7096774193548387,313,297,0.0,1,1
1456867,2024-11-12,Indonesia,Myanmar,Udayana Cricket Ground,0.5483870967741935,0.41935483870967744,0.0,0.8,0.2,0.7,0.5,62,31,0.6785714285714286,1,1
1449303,2024-11-13,India,South Africa,"SuperSport Park, Centurion",0.6350974930362117,0.5242718446601942,0.6,0.6,0.6,0.6,0.5813953488372093,359,309,0.5,1,1
1456868,2024-11-13,Myanmar,Indonesia,Udayana Cricket Ground,0.40625,0.5555555555555556,0.6,0.2,0.7,0.3,0.0,32,63,0.0,1,0
1454819,2024-11-13,Netherlands,Oman,Al Amerat Cricket Ground Oman Cricket (Ministry Turf 1),0.52,0.45977011494252873,0.6,0.2,0.7,0.3,0.6666666666666666,150,87,0.42857142857142855,1,0
1433375,2024-11-14,West Indies,England,"Daren Sammy National Cricket Stadium, Gros Islet, St Lucia",0.46,0.6407185628742516,0.0,0.8,0.4,0.7,0.3888888888888889,300,334,0.7777777777777778,1,0
1426552,2024-11-14,Australia,Pakistan,"Brisbane Cricket Ground, Woolloongabba, Brisbane",0.6563467492260062,0.5211267605633803,0.8,0.2,0.8,0.4,0.6756756756756757,323,355,1.0,1,1
1454820,2024-11-14,Netherlands,Oman,Al Amerat Cricket Ground Oman Cricket (Ministry Turf 1),0.5165562913907285,0.4659090909090909,0.6,0.4,0.7,0.3,0.5,151,88,0.375,1,1
1449304,2024-11-15,India,South Africa,"The Wanderers Stadium, Johannesburg",0.6361111111111111,0.5225806451612903,0.6,0.4,0.7,0.5,0.5909090909090909,360,310,1.0,1,1
1456869,2024-11-15,Myanmar,Indonesia,Udayana Cricket Ground,0.3939393939393939,0.5625,0.4,0.4,0.6,0.4,0.0,33,64,0.0,1,0
1433376,2024-11-16,England,West Indies,"Daren Sammy National Cricket Stadium, Gros Islet, St Lucia",0.6417910447761194,0.4584717607973422,0.8,0.0,0.8,0.4,0.6181818181818182,335,301,0.6666666666666666,1,0
1459719,2024-11-16,Costa Rica,Mexico,"Reforma Athletic Club, Naucalpan",0.25,0.5,0.25,0.4,0.25,0.5,0.25,4,8,0.5,1,0
1459718,2024-11-16,Costa Rica,Mexico,"Reforma Athletic Club, Naucalpan",0.2,0.5555555555555556,0.2,0.4,0.2,0.5555555555555556,0.2,5,9,0.0,1,0
1454821,2024-11-16,Netherlands,Oman,Al Amerat Cricket Ground Oman Cricket (Ministry Turf 1),0.5197368421052632,0.4606741573033708,0.6,0.4,0.7,0.2,0.6,152,89,0.4444444444444444,1,1
1426553,2024-11-16,Australia,Pakistan,Sydney Cricket Ground,0.6574074074074074,0.5196629213483146,0.8,0.2,0.8,0.3,0.6842105263157895,324,356,0.6666666666666666,1,1
1456870,2024-11-16,Myanmar,Indonesia,Udayana Cricket Ground,0.38235294117647056,0.5692307692307692,0.2,0.6,0.5,0.4,0.0,34,65,0.0,1,0
1456871,2024-11-17,Indonesia,Myanmar,Udayana Cricket Ground,0.5757575757575758,0.37142857142857144,0.8,0.2,0.4,0.4,1.0,66,35,0.71875,1,1
1426554,2024-11-18,Pakistan,Australia,"Bellerive Oval, Hobart",0.5182072829131653,0.6584615384615384,0.0,0.8,0.2,0.9,0.3076923076923077,357,325,0.0,1,0
1457218,2024-11-19,United Arab Emirates,Bhutan,University of Doha for Science and Technology,0.5828220858895705,0.35555555555555557,0.8,0.6,0.8,0.5,1.0,163,45,0.5,1,1
1457217,2024-11-19,Thailand,Qatar,"West End Park International Cricket Stadium, Doha",0.5339805825242718,0.3958333333333333,0.8,0.6,0.7,0.5,0.5,103,48,0.5,1,0
1456872,2024-11-19,Myanmar,Indonesia,Udayana Cricket Ground,0.3611111111111111,0.582089552238806,0.0,1.0,0.4,0.5,0.0,36,67,0.0,1,0
1457219,2024-11-19,Bahrain,Saudi Arabia,"West End Park International Cricket Stadium, Doha",0.43548387096774194,0.4375,0.4,0.4,0.6,0.7,0.6666666666666666,62,32,0.625,1,1
1457221,2024-11-20,Bhutan,Qatar,University of Doha for Science and Technology,0.34782608695652173,0.40816326530612246,0.6,0.6,0.5,0.5,1.0,46,49,0.0,1,0
1457220,2024-11-20,Thailand,Cambodia,"West End Park International Cricket Stadium, Doha",0.5288461538461539,0.3157894736842105,0.8,0.0,0.7,0.4,0.5,104,19,0.0,1,1
1457222,2024-11-20,United Arab Emirates,Saudi Arabia,"West End Park International Cricket Stadium, Doha",0.5853658536585366,0.42424242424242425,0.8,0.2,0.8,0.6,1.0,164,33,0.3333333333333333,1,1
1457223,2024-11-22,Cambodia,United Arab Emirates,"West End Park International Cricket Stadium, Doha",0.3,0.5878787878787879,0.0,0.8,0.4,0.9,0.0,20,165,0.0,1,0
1457224,2024-11-22,Bahrain,Thailand,University of Doha for Science and Technology,0.4444444444444444,0.5333333333333333,0.6,0.8,0.6,0.7,0.5,63,105,0.5,1,0
1457225,2024-11-22,Saudi Arabia,Bhutan,University of Doha for Science and Technology,0.4117647058823529,0.3404255319148936,0.2,0.4,0.5,0.5,1.0,34,47,0.5,1,1
1459374,2024-11-23,Botswana,Eswatini,"Tafawa Balewa Square Cricket Oval, Lagos",0.3181818181818182,0.07692307692307693,0.2,0.0,0.3,0.1,1.0,66,13,0.5,1,1
1457228,2024-11-23,Qatar,Cambodia,University of Doha for Science and Technology,0.42,0.2857142857142857,0.8,0.0,0.5,0.3,0.5,50,21,0.6666666666666666,1,1
1459375,2024-11-23,Sierra Leone,Ivory Coast,"Tafawa Balewa Square Cricket Oval, Lagos",0.4358974358974359,0.5,0.4,0.5,0.3,0.5,0.5,39,0,0.2222222222222222,0,1
1459376,2024-11-23,Nigeria,St Helena,University of Lagos Cricket Oval,0.48148148148148145,0.3333333333333333,0.4,0.3333333333333333,0.5,0.3333333333333333,0.5,81,3,0.8,1,1
1457226,2024-11-23,Bahrain,Bhutan,"West End Park International Cricket Stadium, Doha",0.4375,0.3333333333333333,0.6,0.2,0.5,0.5,0.0,64,48,0.6666666666666666,1,1
1457227,2024-11-23,United Arab Emirates,Thailand,University of Doha for Science and Technology,0.5903614457831325,0.5377358490566038,1.0,0.8,0.9,0.7,0.3333333333333333,166,106,1.0,1,1
1432225,2024-11-24,South Africa,England,"Buffalo Park, East London",0.5209003215434084,0.6398809523809523,0.2,0.6,0.5,0.7,0.3902439024390244,311,336,0.6,1,0
1459388,2024-11-24,Eswatini,St Helena,University of Lagos Cricket Oval,0.07142857142857142,0.25,0.0,0.25,0.1,0.25,0.5,14,4,0.5,1,1
1459386,2024-11-24,Sierra Leone,Botswana,University of Lagos Cricket Oval,0.45,0.3283582089552239,0.4,0.4,0.3,0.4,0.3333333333333333,40,67,0.2,1,0
1459387,2024-11-24,Nigeria,Ivory Coast,"Tafawa Balewa Square Cricket Oval, Lagos",0.4878048780487805,0.0,0.6,0.0,0.6,0.0,0.5,82,1,1.0,1,1
1457229,2024-11-25,Qatar,Bahrain,"West End Park International Cricket Stadium, Doha",0.43137254901960786,0.4461538461538462,1.0,0.6,0.6,0.5,0.5,51,65,0.5384615384615384,1,1
1457230,2024-11-25,Cambodia,Saudi Arabia,University of Doha for Science and Technology,0.2727272727272727,0.42857142857142855,0.0,0.2,0.2,0.5,0.0,22,35,0.0,1,0
1457231,2024-11-25,Thailand,Bhutan,"West End Park International Cricket Stadium, Doha",0.5327102803738317,0.32653061224489793,0.6,0.2,0.6,0.4,0.6,107,49,0.5,1,1
1459381,2024-11-26,Eswatini,Nigeria,"Nigeria Cricket Federation Oval 1, Abuja",0.13333333333333333,0.4939759036144578,0.2,0.8,0.2,0.6,0.0,15,83,0.5,1,0
1459382,2024-11-26,Ivory Coast,Botswana,"Nigeria Cricket Federation Oval 2, Abuja",0.0,0.3382352941176471,0.0,0.6,0.0,0.4,0.5,2,68,0.5,1,0
1459380,2024-11-26,St Helena,Sierra Leone,"Nigeria Cricket Federation Oval 1, Abuja",0.2,0.43902439024390244,0.2,0.4,0.2,0.3,0.5,5,41,0.5,1,0
1457234,2024-11-26,United Arab Emirates,Qatar,"West End Park International Cricket Stadium, Doha",0.592814371257485,0.4423076923076923,1.0,1.0,0.9,0.7,1.0,167,52,0.6,1,1
1457233,2024-11-26,Bahrain,Cambodia,University of Doha for Science and Technology,0.4393939393939394,0.2608695652173913,0.4,0.0,0.4,0.1,1.0,66,23,0.0,1,1
1457232,2024-11-26,Thailand,Saudi Arabia,"West End Park International Cricket Stadium, Doha",0.5370370370370371,0.4444444444444444,0.6,0.4,0.7,0.5,0.0,108,36,0.6666666666666666,1,0
1459384,2024-11-27,St Helena,Botswana,"Nigeria Cricket Federation Oval 1, Abuja",0.16666666666666666,0.34782608695652173,0.2,0.6,0.16666666666666666,0.5,0.5,6,69,0.0,1,0
1459385,2024-11-27,Ivory Coast,Eswatini,"Nigeria Cricket Federation Oval 2, Abuja",0.0,0.125,0.0,0.2,0.0,0.1,0.5,3,16,0.0,1,0
1432226,2024-11-27,England,South Africa,"Willowmoore Park, Benoni",0.6409495548961425,0.5192307692307693,0.8,0.2,0.7,0.4,0.6190476190476191,337,312,0.5,1,1
1459383,2024-11-27,Nigeria,Sierra Leone,"Nigeria Cricket Federation Oval 2, Abuja",0.5,0.4523809523809524,0.8,0.6,0.6,0.4,0.9,84,42,0.5,1,1
1459379,2024-11-28,Nigeria,Botswana,"Nigeria Cricket Federation Oval 2, Abuja",0.5058823529411764,0.35714285714285715,0.8,0.8,0.6,0.6,1.0,85,70,1.0,1,1
1459378,2024-11-28,Sierra Leone,Eswatini,"Nigeria Cricket Federation Oval 2, Abuja",0.4418604651162791,0.17647058823529413,0.6,0.4,0.4,0.2,1.0,43,17,0.0,1,1
1459377,2024-11-28,Ivory Coast,St Helena,"Nigeria Cricket Federation Oval 1, Abuja",0.0,0.14285714285714285,0.0,0.0,0.0,0.14285714285714285,0.5,4,7,0.5,1,0
1457235,2024-11-28,Bhutan,Cambodia,"West End Park International Cricket Stadium, Doha",0.32,0.25,0.0,0.0,0.3,0.0,0.5,50,24,0.0,1,0
1459278,2024-11-28,Bahrain,United Arab Emirates,University of Doha for Science and Technology,0.44776119402985076,0.5952380952380952,0.6,1.0,0.5,0.9,0.3333333333333333,67,168,0.5,1,0
1457236,2024-11-28,Saudi Arabia,Qatar,University of Doha for Science and Technology,0.4594594594594595,0.4339622641509434,0.6,0.8,0.5,0.7,0.0,37,53,1.0,1,0
1432227,2024-11-30,South Africa,England,"SuperSport Park, Centurion",0.5175718849840255,0.6420118343195266,0.2,0.8,0.4,0.8,0.37209302325581395,313,338,0.2,1,0
1444652,2024-12-01,Pakistan,Zimbabwe,"Queens Sports Club, Bulawayo",0.5167597765363129,0.46596858638743455,0.0,1.0,0.2,0.5,0.8823529411764706,358,191,0.5,1,1
1462926,2024-12-02,Bermuda,Argentina,"Hurlingham Club Ground, Buenos Aires",0.64,0.3181818181818182,0.8,1.0,0.9,0.5,1.0,25,22,1.0,1,1
1444653,2024-12-03,Zimbabwe,Pakistan,"Queens Sports Club, Bulawayo",0.4635416666666667,0.5181058495821727,0.8,0.2,0.5,0.3,0.1111111111111111,192,359,0.6363636363636364,1,0
1462850,2024-12-04,Namibia,Thailand,"Mission Road Ground, Mong Kok, Hong Kong",0.5954198473282443,0.5321100917431193,0.2,0.6,0.3,0.7,0.0,131,109,0.5,1,0
1462851,2024-12-04,Hong Kong,China,"Mission Road Ground, Mong Kok, Hong Kong",0.4930555555555556,0.3548387096774194,0.8,0.6,0.8,0.3,0.7777777777777778,144,31,0.9090909090909091,1,1
1462916,2024-12-04,Rwanda,Nigeria,"Gahanga International Cricket Stadium, Rwanda",0.415929203539823,0.5116279069767442,0.6,1.0,0.5,0.7,0.4,113,86,0.125,1,0
1462912,2024-12-04,Uganda,Botswana,"Gahanga International Cricket Stadium, Rwanda",0.6666666666666666,0.352112676056338,0.4,0.8,0.7,0.5,1.0,135,71,0.9130434782608695,1,1
1463008,2024-12-04,Bahrain,Qatar,"West End Park International Cricket Stadium, Doha",0.4411764705882353,0.4444444444444444,0.4,0.8,0.5,0.7,0.42857142857142855,68,54,0.6363636363636364,1,0
1462853,2024-12-05,Thailand,Hong Kong,"Mission Road Ground, Mong Kok, Hong Kong",0.5363636363636364,0.496551724137931,0.6,0.8,0.7,0.8,0.75,110,145,1.0,1,1
1444654,2024-12-05,Pakistan,Zimbabwe,"Queens Sports Club, Bulawayo",0.5194444444444445,0.46113989637305697,0.4,0.6,0.3,0.5,0.8947368421052632,360,193,1.0,1,0
1462919,2024-12-05,Nigeria,Botswana,"Gahanga International Cricket Stadium, Rwanda",0.5172413793103449,0.3472222222222222,1.0,0.6,0.8,0.5,1.0,87,72,1.0,1,1
1462921,2024-12-05,Uganda,Rwanda,"Gahanga International Cricket Stadium, Rwanda",0.6691176470588235,0.41228070175438597,0.4,0.4,0.7,0.4,1.0,136,114,0.9166666666666666,1,1
1458414,2024-12-05,Ireland,Bangladesh,Sylhet Stadium,0.4666666666666667,0.39453125,0.6,0.0,0.4,0.3,0.3333333333333333,225,256,0.2857142857142857,1,1
1462852,2024-12-05,China,Namibia,"Mission Road Ground, Mong Kok, Hong Kong",0.34375,0.5909090909090909,0.4,0.0,0.3,0.3,0.5,32,132,0.0,1,0
1463009,2024-12-06,Bahrain,Qatar,"West End Park International Cricket Stadium, Doha",0.43478260869565216,0.45454545454545453,0.4,0.8,0.5,0.8,0.375,69,55,0.5833333333333334,1,1
1462915,2024-12-06,Nigeria,Uganda,"Gahanga International Cricket Stadium, Rwanda",0.5227272727272727,0.6715328467153284,1.0,0.6,0.9,0.7,0.1,88,137,1.0,1,0
1462924,2024-12-06,Botswana,Rwanda,"Gahanga International Cricket Stadium, Rwanda",0.3424657534246575,0.40869565217391307,0.4,0.4,0.5,0.4,0.0,73,115,0.14285714285714285,1,0
1462878,2024-12-06,Bahamas,Brazil,"St George's College Ground, Buenos Aires",0.25,0.4166666666666667,0.2,0.6,0.25,0.4,0.5,8,12,0.5,1,1
1462877,2024-12-06,Panama,Suriname,"St Albans Club, Buenos Aires",0.18181818181818182,0.5,0.0,0.5,0.2,0.5,0.5,11,0,0.5,0,1
1462883,2024-12-07,Cayman Islands,Panama,"St George's College Ground, Buenos Aires",0.2857142857142857,0.25,0.4,0.2,0.4,0.2,1.0,14,12,0.5,1,1
1462882,2024-12-07,Bermuda,Suriname,"Hurlingham Club Ground, Buenos Aires",0.6538461538461539,0.0,0.8,0.0,0.9,0.0,0.5,26,1,1.0,1,1
1462880,2024-12-07,Mexico,Brazil,"Hurlingham Club Ground, Buenos Aires",0.6,0.38461538461538464,0.6,0.4,0.6,0.4,0.0,10,13,0.5,1,1
1462931,2024-12-07,Uganda,Rwanda,"Gahanga International Cricket Stadium, Rwanda",0.6739130434782609,0.41379310344827586,0.8,0.4,0.7,0.5,1.0,138,116,0.9230769230769231,1,1
1462881,2024-12-07,Argentina,Belize,"St George's College Ground, Buenos Aires",0.30434782608695654,0.2,0.8,0.2,0.5,0.2,1.0,23,5,0.5,1,1
1462927,2024-12-07,Nigeria,Botswana,"Gahanga International Cricket Stadium, Rwanda",0.5168539325842697,0.33783783783783783,0.8,0.2,0.8,0.4,1.0,89,74,0.8333333333333334,1,0
1462855,2024-12-07,Hong Kong,Namibia,"Mission Road Ground, Mong Kok, Hong Kong",0.4931506849315068,0.5939849624060151,0.8,0.2,0.7,0.3,0.0,146,133,0.8461538461538461,1,0
1462854,2024-12-07,Thailand,China,"Mission Road Ground, Mong Kok, Hong Kong",0.5405405405405406,0.3333333333333333,0.6,0.2,0.7,0.3,1.0,111,33,1.0,1,1
1463010,2024-12-07,Bahrain,Qatar,"West End Park International Cricket Stadium, Doha",0.44285714285714284,0.44642857142857145,0.4,0.6,0.5,0.8,0.4444444444444444,70,56,0.6153846153846154,1,0
1458415,2024-12-07,Ireland,Bangladesh,Sylhet Stadium,0.4690265486725664,0.39299610894941633,0.6,0.0,0.4,0.2,0.375,226,257,0.375,1,1
1463011,2024-12-08,Bahrain,Qatar,"West End Park International Cricket Stadium, Doha",0.43661971830985913,0.45614035087719296,0.4,0.6,0.4,0.8,0.4,71,57,0.5714285714285714,1,0
1462887,2024-12-08,Cayman Islands,Belize,"Hurlingham Club Ground, Buenos Aires",0.3333333333333333,0.16666666666666666,0.4,0.2,0.5,0.16666666666666666,0.5,15,6,1.0,1,1
1462886,2024-12-08,Suriname,Brazil,"St Albans Club, Buenos Aires",0.0,0.35714285714285715,0.0,0.4,0.0,0.3,0.5,2,14,0.0,1,0
1462925,2024-12-08,Nigeria,Uganda,"Gahanga International Cricket Stadium, Rwanda",0.5111111111111111,0.6762589928057554,0.6,1.0,0.7,0.7,0.09090909090909091,90,139,0.7142857142857143,1,0
1462884,2024-12-08,Panama,Bermuda,"St Albans Club, Buenos Aires",0.23076923076923078,0.6666666666666666,0.2,0.8,0.2,0.9,0.0,13,27,1.0,1,0
1462914,2024-12-08,Rwanda,Botswana,"Gahanga International Cricket Stadium, Rwanda",0.41025641025641024,0.3466666666666667,0.2,0.2,0.5,0.5,1.0,117,75,0.14285714285714285,1,0
1462856,2024-12-08,Hong Kong,China,"Mission Road Ground, Mong Kok, Hong Kong",0.4897959183673469,0.3235294117647059,0.6,0.2,0.7,0.3,0.8,147,34,0.7857142857142857,1,1
1462857,2024-12-08,Thailand,Namibia,"Mission Road Ground, Mong Kok, Hong Kong",0.5446428571428571,0.5970149253731343,0.8,0.4,0.7,0.4,1.0,112,134,1.0,1,1
1462885,2024-12-08,Bahamas,Argentina,"Hurlingham Club Ground, Buenos Aires",0.3333333333333333,0.3333333333333333,0.4,0.8,0.3333333333333333,0.6,0.5,9,24,0.5,1,1
1458416,2024-12-09,Bangladesh,Ireland,Sylhet Stadium,0.39147286821705424,0.4713656387665198,0.0,0.8,0.1,0.5,0.5882352941176471,258,227,0.3333333333333333,1,0
1462922,2024-12-09,Nigeria,Rwanda,"Gahanga International Cricket Stadium, Rwanda",0.5054945054945055,0.4067796610169492,0.4,0.2,0.7,0.4,0.6363636363636364,91,118,0.625,1,0
1462928,2024-12-09,Uganda,Botswana,"Gahanga International Cricket Stadium, Rwanda",0.6785714285714286,0.35526315789473684,1.0,0.4,0.7,0.6,1.0,140,76,0.9285714285714286,1,1
1462888,2024-12-10,Cayman Islands,Suriname,"Hurlingham Club Ground, Buenos Aires",0.375,0.0,0.4,0.0,0.6,0.0,0.5,16,3,1.0,1,0
1462858,2024-12-10,Malaysia,Namibia,"Selangor Turf Club, Kuala Lumpur",0.5072463768115942,0.5925925925925926,0.8,0.4,0.6,0.3,0.5,138,135,0.5,1,0
1462890,2024-12-10,Mexico,Bermuda,"Hurlingham Club Ground, Buenos Aires",0.6363636363636364,0.6785714285714286,0.6,0.8,0.6,0.9,0.5,11,28,1.0,1,0
1462891,2024-12-10,Panama,Argentina,"St Albans Club, Buenos Aires",0.21428571428571427,0.32,0.2,0.6,0.1,0.6,1.0,14,25,0.5,1,0
1432211,2024-12-10,South Africa,Pakistan,"Kingsmead, Durban",0.5159235668789809,0.518005540166205,0.0,0.4,0.3,0.3,0.43902439024390244,314,361,0.0,1,1
1462889,2024-12-10,Bahamas,Belize,"St Albans Club, Buenos Aires",0.4,0.14285714285714285,0.4,0.0,0.4,0.14285714285714285,0.5,10,7,0.0,1,1
1462918,2024-12-11,Rwanda,Botswana,"Gahanga International Cricket Stadium, Rwanda",0.4117647058823529,0.35064935064935066,0.4,0.4,0.4,0.5,0.9,119,77,0.16666666666666666,1,1
1462917,2024-12-11,Uganda,Nigeria,"Gahanga International Cricket Stadium, Rwanda",0.6808510638297872,0.5,1.0,0.2,0.7,0.6,0.9166666666666666,141,92,0.9310344827586207,1,1
1462893,2024-12-11,Bahamas,Panama,"Hurlingham Club Ground, Buenos Aires",0.45454545454545453,0.2,0.6,0.2,0.4,0.1,0.5,11,15,0.6666666666666666,1,1
1462892,2024-12-11,Mexico,Cayman Islands,"St George's College Ground, Buenos Aires",0.5833333333333334,0.35294117647058826,0.6,0.4,0.6,0.6,0.5,12,17,0.5,1,0
1462894,2024-12-11,Bermuda,Brazil,"St George's College Ground, Buenos Aires",0.6896551724137931,0.4,0.8,0.6,0.9,0.4,0.5,29,15,0.5,1,1
1462895,2024-12-11,Suriname,Argentina,"Hurlingham Club Ground, Buenos Aires",0.25,0.34615384615384615,0.25,0.6,0.25,0.7,0.5,4,26,0.5,1,0
1462860,2024-12-12,Malaysia,Namibia,"Selangor Turf Club, Kuala Lumpur",0.5035971223021583,0.5955882352941176,0.6,0.6,0.5,0.4,0.0,139,136,0.42857142857142855,1,0
1462923,2024-12-12,Uganda,Rwanda,"Gahanga International Cricket Stadium, Rwanda",0.6830985915492958,0.4166666666666667,1.0,0.6,0.8,0.5,1.0,142,120,0.9333333333333333,1,1
1462920,2024-12-12,Botswana,Nigeria,"Gahanga International Cricket Stadium, Rwanda",0.34615384615384615,0.4946236559139785,0.4,0.0,0.4,0.5,0.14285714285714285,78,93,0.25,1,0
1462896,2024-12-12,Panama,Brazil,"Belgrano Athletic Club Ground, Buenos Aires",0.1875,0.375,0.2,0.4,0.1,0.4,0.5,16,16,0.0,1,0
1462897,2024-12-12,Suriname,Mexico,"St George's College Ground, Buenos Aires",0.2,0.5384615384615384,0.2,0.6,0.2,0.5,0.5,5,13,0.5,1,0
1462898,2024-12-12,Bahamas,Cayman Islands,"Belgrano Athletic Club Ground, Buenos Aires",0.5,0.3888888888888889,0.8,0.6,0.5,0.6,0.0,12,18,0.5,1,0
1462899,2024-12-12,Bermuda,Belize,"St George's College Ground, Buenos Aires",0.7,0.125,1.0,0.0,0.9,0.125,1.0,30,8,1.0,1,1
1463652,2024-12-13,Bahrain,United Arab Emirates,"ICC Academy, Dubai",0.4305555555555556,0.5976331360946746,0.2,1.0,0.4,0.9,0.2857142857142857,72,169,0.5,1,0
1463653,2024-12-13,Saudi Arabia,Kuwait,"ICC Academy, Dubai",0.4473684210526316,0.4943820224719101,0.6,0.6,0.4,0.7,0.25,38,89,0.5,1,0
1432212,2024-12-13,Pakistan,South Africa,"SuperSport Park, Centurion",0.5165745856353591,0.5174603174603175,0.4,0.2,0.2,0.3,0.5476190476190477,362,315,1.0,1,0
1462913,2024-12-13,Nigeria,Rwanda,"Gahanga International Cricket Stadium, Rwanda",0.5,0.4132231404958678,0.2,0.4,0.5,0.4,0.5833333333333334,94,121,0.5454545454545454,1,1
1462930,2024-12-13,Uganda,Botswana,"Gahanga International Cricket Stadium, Rwanda",0.6853146853146853,0.34177215189873417,1.0,0.4,0.9,0.3,1.0,143,79,0.9354838709677419,1,1
1462901,2024-12-14,Bahamas,Suriname,"Belgrano Athletic Club Ground, Buenos Aires",0.46153846153846156,0.16666666666666666,0.8,0.2,0.5,0.16666666666666666,0.5,13,6,0.0,1,1
1462900,2024-12-14,Cayman Islands,Brazil,"St Albans Club, Buenos Aires",0.42105263157894735,0.4117647058823529,0.8,0.4,0.6,0.5,0.5,19,17,0.5,1,1
1462932,2024-12-14,Nigeria,Uganda,"Gahanga International Cricket Stadium, Rwanda",0.5052631578947369,0.6875,0.4,1.0,0.5,1.0,0.07692307692307693,95,144,0.5833333333333334,1,0
1462902,2024-12-14,Panama,Belize,"St Albans Club, Buenos Aires",0.17647058823529413,0.1111111111111111,0.0,0.0,0.1,0.1111111111111111,0.0,17,9,0.3333333333333333,1,0
1463654,2024-12-14,Bahrain,Kuwait,"ICC Academy, Dubai",0.4246575342465753,0.5,0.2,0.8,0.3,0.7,0.25,73,90,0.0,1,1
1463655,2024-12-14,Oman,Qatar,"ICC Academy, Dubai",0.45555555555555555,0.46551724137931033,0.2,0.8,0.2,0.8,0.5,90,58,0.5,1,1
1462903,2024-12-14,Argentina,Mexico,"Belgrano Athletic Club Ground, Buenos Aires",0.37037037037037035,0.5714285714285714,0.6,0.6,0.8,0.5,1.0,27,14,0.0,1,1
1464722,2024-12-15,Gibraltar,Jersey,Europa Sports Complex,0.3673469387755102,0.62,0.4,0.6,0.5,0.7,0.5,49,50,0.6470588235294118,1,0
1463656,2024-12-15,United Arab Emirates,Oman,"ICC Academy, Dubai",0.6,0.46153846153846156,1.0,0.4,0.9,0.3,0.5555555555555556,170,91,0.6666666666666666,1,1
1463657,2024-12-15,Qatar,Saudi Arabia,"ICC Academy, Dubai",0.4576271186440678,0.4358974358974359,0.6,0.6,0.7,0.4,1.0,59,39,0.0,1,0
1433383,2024-12-15,Bangladesh,West Indies,"Arnos Vale Ground, Kingstown, St Vincent",0.38996138996138996,0.4602649006622517,0.0,0.2,0.1,0.4,0.2777777777777778,259,302,1.0,1,1
1462904,2024-12-15,Brazil,Belize,"Belgrano Athletic Club Ground, Buenos Aires",0.3888888888888889,0.2,0.4,0.2,0.4,0.2,0.5,18,10,1.0,1,0
1459891,2024-12-15,India,West Indies,"Dr DY Patil Sports Academy, Navi Mumbai",0.6371191135734072,0.45874587458745875,0.6,0.2,0.8,0.3,0.717948717948718,361,303,0.5,1,1
1462907,2024-12-15,Panama,Mexico,"Hurlingham Club Ground, Buenos Aires",0.16666666666666666,0.5333333333333333,0.0,0.4,0.1,0.5,0.5,18,15,0.25,1,1
1462906,2024-12-15,Bermuda,Bahamas,"Belgrano Athletic Club Ground, Buenos Aires",0.7096774193548387,0.5,1.0,0.8,0.9,0.6,1.0,31,14,1.0,1,1
1462905,2024-12-15,Cayman Islands,Argentina,"Hurlingham Club Ground, Buenos Aires",0.45,0.39285714285714285,0.8,0.8,0.6,0.8,1.0,20,28,0.6666666666666666,1,1
1464723,2024-12-16,Gibraltar,Jersey,Europa Sports Complex,0.36,0.6274509803921569,0.4,0.6,0.4,0.7,0.0,50,51,0.6111111111111112,1,0
1462911,2024-12-16,Argentina,Brazil,"St George's College Ground, Buenos Aires",0.3793103448275862,0.3684210526315789,0.6,0.4,0.7,0.4,0.0,29,19,1.0,1,1
1462910,2024-12-16,Belize,Suriname,"St Albans Club, Buenos Aires",0.2727272727272727,0.14285714285714285,0.4,0.2,0.3,0.14285714285714285,0.5,11,7,0.5,1,0
1462909,2024-12-16,Bahamas,Mexico,"St George's College Ground, Buenos Aires",0.4666666666666667,0.5,0.6,0.2,0.5,0.4,0.5,15,16,1.0,1,1
1462908,2024-12-16,Bermuda,Cayman Islands,"St Albans Club, Buenos Aires",0.71875,0.47619047619047616,1.0,0.8,0.9,0.6,1.0,32,21,1.0,1,1
1463658,2024-12-16,Saudi Arabia,Bahrain,"ICC Academy, Dubai",0.45,0.43243243243243246,0.6,0.4,0.4,0.4,0.2857142857142857,40,74,0.5,1,0
1463659,2024-12-16,United Arab Emirates,Kuwait,"ICC Academy, Dubai",0.6023391812865497,0.4945054945054945,1.0,0.6,1.0,0.6,0.8571428571428571,171,91,0.7,1,1
1463661,2024-12-17,Oman,Bahrain,"ICC Academy, Dubai",0.45652173913043476,0.44,0.4,0.4,0.3,0.4,0.6,92,75,0.5,1,1
1459892,2024-12-17,India,West Indies,"Dr DY Patil Sports Academy, Navi Mumbai",0.638121546961326,0.45723684210526316,0.8,0.2,0.8,0.2,0.725,362,304,1.0,1,0
1463660,2024-12-17,Qatar,Kuwait,"ICC Academy, Dubai",0.45,0.4891304347826087,0.4,0.4,0.6,0.6,0.3333333333333333,60,92,0.0,1,0
1433384,2024-12-17,Bangladesh,West Indies,"Arnos Vale Ground, Kingstown, St Vincent",0.3923076923076923,0.45901639344262296,0.2,0.4,0.1,0.2,0.3157894736842105,260,305,1.0,1,1
1463662,2024-12-18,Oman,Saudi Arabia,"ICC Academy, Dubai",0.46236559139784944,0.43902439024390244,0.4,0.4,0.4,0.4,1.0,93,41,0.6666666666666666,1,0
1463663,2024-12-18,United Arab Emirates,Qatar,"ICC Academy, Dubai",0.6046511627906976,0.4426229508196721,1.0,0.4,1.0,0.5,1.0,172,61,0.7272727272727273,1,1
1459893,2024-12-19,India,West Indies,"Dr DY Patil Sports Academy, Navi Mumbai",0.6363636363636364,0.45751633986928103,0.6,0.4,0.7,0.2,0.7073170731707317,363,306,0.5,1,1
1433385,2024-12-19,Bangladesh,West Indies,"Arnos Vale Ground, Kingstown, St Vincent",0.3946360153256705,0.4560260586319218,0.4,0.2,0.2,0.2,0.35,261,307,1.0,1,1
1463664,2024-12-19,Saudi Arabia,United Arab Emirates,"ICC Academy, Dubai",0.4523809523809524,0.6069364161849711,0.4,1.0,0.5,1.0,0.0,42,173,0.5,1,1
1463666,2024-12-20,Oman,Kuwait,"ICC Academy, Dubai",0.4574468085106383,0.4946236559139785,0.4,0.4,0.4,0.6,1.0,94,93,0.5,1,0
1463665,2024-12-20,Bahrain,Qatar,"ICC Academy, Dubai",0.4342105263157895,0.43548387096774194,0.4,0.2,0.4,0.4,0.36363636363636365,76,62,0.5,1,0
1463667,2024-12-21,United Arab Emirates,Kuwait,Dubai International Cricket Stadium,0.603448275862069,0.5,0.8,0.6,0.9,0.6,0.875,174,94,0.1875,1,1
1464725,2024-12-22,Bhutan,Myanmar,Gelephu International Cricket Ground,0.3137254901960784,0.35135135135135137,0.0,0.0,0.3,0.3,1.0,51,37,0.6,1,0
1464726,2024-12-24,Myanmar,Bhutan,Gelephu International Cricket Ground,0.3684210526315789,0.3076923076923077,0.2,0.0,0.3,0.2,0.5,38,52,1.0,1,1
1464730,2024-12-24,Singapore,Philippines,Singapore National Cricket Ground,0.2891566265060241,0.32,0.0,0.6,0.0,0.5,0.5,83,25,0.0,1,1
1464727,2024-12-26,Bhutan,Myanmar,Gelephu International Cricket Ground,0.3018867924528302,0.38461538461538464,0.0,0.4,0.1,0.3,0.3333333333333333,53,39,0.42857142857142855,1,0
1464731,2024-12-26,Philippines,Singapore,Singapore National Cricket Ground,0.3076923076923077,0.2976190476190476,0.4,0.2,0.5,0.1,0.0,26,84,0.0,1,0
1464728,2024-12-27,Bhutan,Myanmar,Gelephu International Cricket Ground,0.2962962962962963,0.4,0.0,0.6,0.1,0.4,0.25,54,40,0.375,1,0
1464732,2024-12-27,Singapore,Philippines,Singapore National Cricket Ground,0.3058823529411765,0.2962962962962963,0.4,0.2,0.2,0.4,1.0,85,27,0.25,1,0
1443543,2024-12-28,New Zealand,Sri Lanka,"Bay Oval, Mount Maunganui",0.5445859872611465,0.42953020134228187,0.8,0.6,0.6,0.3,0.71875,314,298,0.5,1,1
1443544,2024-12-30,New Zealand,Sri Lanka,"Bay Oval, Mount Maunganui",0.546031746031746,0.4280936454849498,0.8,0.6,0.7,0.3,0.7272727272727273,315,299,0.6666666666666666,1,1
1443545,2025-01-02,Sri Lanka,New Zealand,"Saxton Oval, Nelson",0.4266666666666667,0.5474683544303798,0.4,0.8,0.3,0.8,0.2647058823529412,300,316,0.5,1,1
1426626,2025-01-20,Australia,England,Sydney Cricket Ground,0.6595092024539877,0.6430678466076696,0.8,0.8,0.9,0.8,0.5283018867924528,326,339,0.6923076923076923,1,1
1439899,2025-01-22,England,India,"Eden Gardens, Kolkata",0.6411764705882353,0.6373626373626373,0.6,0.8,0.7,0.7,0.6122448979591837,340,364,0.5,1,0
1426627,2025-01-23,Australia,England,"Manuka Oval, Canberra",0.6605504587155964,0.6392961876832844,0.8,0.6,0.9,0.6,0.5370370370370371,327,341,0.5,1,1
1426628,2025-01-25,Australia,England,Adelaide Oval,0.6615853658536586,0.6374269005847953,1.0,0.4,0.9,0.6,0.5454545454545454,328,342,0.5,1,1
1439900,2025-01-25,England,India,"MA Chidambaram Stadium, Chepauk, Chennai",0.6355685131195336,0.6383561643835617,0.2,0.8,0.5,0.7,0.6,343,365,0.5,1,0
1468402,2025-01-27,Bangladesh,West Indies,"Warner Park, Basseterre, St Kitts",0.3969465648854962,0.45454545454545453,0.6,0.2,0.3,0.2,0.38095238095238093,262,308,0.5,1,0
1439901,2025-01-28,England,India,"Saurashtra Cricket Association Stadium, Rajkot",0.6337209302325582,0.639344262295082,0.0,0.8,0.4,0.7,0.5882352941176471,344,366,0.5,1,1
1468403,2025-01-29,West Indies,Bangladesh,"Warner Park, Basseterre, St Kitts",0.4563106796116505,0.39543726235741444,0.4,0.6,0.3,0.3,0.6363636363636364,309,263,0.6666666666666666,1,1
1468724,2025-01-30,Netherlands,Nepal,"Tribhuvan University International Cricket Ground, Kirtipur",0.5228758169934641,0.6222222222222222,0.6,0.8,0.7,0.5,0.6,153,135,0.625,1,1
1468404,2025-01-31,Bangladesh,West Indies,"Warner Park, Basseterre, St Kitts",0.3939393939393939,0.45806451612903226,0.6,0.4,0.3,0.4,0.34782608695652173,264,310,0.0,1,0
1468726,2025-01-31,Netherlands,Thailand,"Tribhuvan University International Cricket Ground, Kirtipur",0.525974025974026,0.5486725663716814,0.8,0.8,0.7,0.7,0.2857142857142857,154,113,0.6666666666666666,1,0
1439902,2025-01-31,India,England,"Maharashtra Cricket Association Stadium, Pune",0.6376021798365122,0.6347826086956522,0.6,0.2,0.7,0.4,0.40384615384615385,367,345,0.0,1,1
1468725,2025-02-01,Nepal,Thailand,"Tribhuvan University International Cricket Ground, Kirtipur",0.6176470588235294,0.5526315789473685,0.6,1.0,0.5,0.8,0.3333333333333333,136,114,0.6,1,0
1468727,2025-02-02,Netherlands,Nepal,"Tribhuvan University International Cricket Ground, Kirtipur",0.5225806451612903,0.6131386861313869,0.6,0.6,0.6,0.4,0.6363636363636364,155,137,0.6,1,1
1439903,2025-02-02,India,England,"Wankhede Stadium, Mumbai",0.6385869565217391,0.6329479768786127,0.8,0.2,0.7,0.4,0.41509433962264153,368,346,0.5,1,1
1468729,2025-02-03,Thailand,Netherlands,"Tribhuvan University International Cricket Ground, Kirtipur",0.5565217391304348,0.5256410256410257,1.0,0.8,0.8,0.7,0.75,115,156,1.0,1,1
1470186,2025-02-03,Hungary,Malta,Marsa Sports Club,0.4,0.4107142857142857,0.4,0.2,0.3,0.1,0.5,20,56,0.5,1,1
1470187,2025-02-03,Malta,Austria,Marsa Sports Club,0.40350877192982454,0.5,0.2,0.8,0.1,0.5,0.5,57,34,0.5384615384615384,1,0
1470189,2025-02-04,Malta,Hungary,Marsa Sports Club,0.39655172413793105,0.42857142857142855,0.2,0.4,0.1,0.4,0.3333333333333333,58,21,0.5185185185185185,1,0
1470188,2025-02-04,Hungary,Austria,Marsa Sports Club,0.45454545454545453,0.5142857142857142,0.6,0.8,0.5,0.6,0.0,22,35,0.625,1,0
1468728,2025-02-04,Thailand,Nepal,"Tribhuvan University International Cricket Ground, Kirtipur",0.5603448275862069,0.6086956521739131,1.0,0.4,0.8,0.4,0.75,116,138,1.0,1,1
1468730,2025-02-05,Nepal,Netherlands,"Tribhuvan University International Cricket Ground, Kirtipur",0.60431654676259,0.5222929936305732,0.2,0.6,0.4,0.6,0.3333333333333333,139,157,0.5357142857142857,1,0
1470190,2025-02-05,Malta,Austria,Marsa Sports Club,0.3898305084745763,0.5277777777777778,0.0,0.8,0.1,0.7,0.0,59,36,0.5,1,0
1470191,2025-02-05,Austria,Hungary,Marsa Sports Club,0.5405405405405406,0.43478260869565216,0.8,0.4,0.8,0.5,1.0,37,23,1.0,1,0
1468732,2025-02-06,Thailand,Netherlands,"Tribhuvan University International Cricket Ground, Kirtipur",0.5641025641025641,0.5253164556962026,1.0,0.6,0.9,0.6,0.7777777777777778,117,158,1.0,1,0
1468731,2025-02-07,Nepal,Thailand,"Tribhuvan University International Cricket Ground, Kirtipur",0.6,0.559322033898305,0.0,0.8,0.4,0.8,0.2,140,118,0.5172413793103449,1,0
1471822,2025-02-19,Bahrain,Indonesia,Udayana Cricket Ground,0.42857142857142855,0.5882352941176471,0.4,1.0,0.3,0.6,0.0,77,68,0.5,1,1
1473145,2025-02-20,Oman,United States of America,Al Amerat Cricket Ground Oman Cricket (Ministry Turf 1),0.45263157894736844,0.49206349206349204,0.4,0.4,0.3,0.4,0.5,95,63,0.46511627906976744,1,0
1471823,2025-02-20,Indonesia,Bahrain,Udayana Cricket Ground,0.5797101449275363,0.4358974358974359,0.8,0.6,0.6,0.4,0.5,69,78,0.7142857142857143,1,0
1473146,2025-02-21,Oman,United States of America,Al Amerat Cricket Ground Oman Cricket (Ministry Turf 1),0.4479166666666667,0.5,0.2,0.4,0.3,0.5,0.0,96,64,0.45454545454545453,1,0
1471824,2025-02-22,Bahrain,Indonesia,Udayana Cricket Ground,0.4430379746835443,0.5714285714285714,0.6,0.6,0.5,0.6,0.6666666666666666,79,70,1.0,1,0
1471825,2025-02-23,Bahrain,Indonesia,Udayana Cricket Ground,0.4375,0.5774647887323944,0.4,0.6,0.4,0.7,0.5,80,71,0.6666666666666666,1,1
1467705,2025-02-23,Ireland,Zimbabwe,Harare Sports Club,0.47368421052631576,0.4639175257731959,0.8,0.6,0.6,0.6,0.6818181818181818,228,194,0.7272727272727273,1,0
1473147,2025-02-23,Oman,United States of America,Al Amerat Cricket Ground Oman Cricket (Ministry Turf 1),0.44329896907216493,0.5076923076923077,0.2,0.6,0.3,0.6,0.0,97,65,0.4444444444444444,1,0
1471826,2025-02-24,Indonesia,Bahrain,Udayana Cricket Ground,0.5694444444444444,0.4444444444444444,0.4,0.6,0.7,0.5,0.4,72,81,0.6842105263157895,1,0
1474260,2025-02-28,Bahrain,Singapore,Singapore National Cricket Ground,0.45121951219512196,0.3023255813953488,0.8,0.4,0.6,0.2,1.0,82,86,0.5,1,1
1474261,2025-03-01,Singapore,Bahrain,Singapore National Cricket Ground,0.2988505747126437,0.4578313253012048,0.4,0.8,0.2,0.7,0.0,87,83,0.2,1,0
1474262,2025-03-02,Singapore,Bahrain,Singapore National Cricket Ground,0.29545454545454547,0.4642857142857143,0.4,0.8,0.2,0.7,0.0,88,84,0.18181818181818182,1,0
1476153,2025-03-08,Nepal,Namibia,Entebbe Cricket Oval,0.5957446808510638,0.5985401459854015,0.0,0.8,0.3,0.4,0.5,141,137,0.5,1,0
1476152,2025-03-08,Hong Kong,Uganda,Entebbe Cricket Oval,0.49324324324324326,0.6896551724137931,0.6,1.0,0.7,1.0,0.0,148,145,0.5,1,0
1476155,2025-03-09,Namibia,Hong Kong,Entebbe Cricket Oval,0.6014492753623188,0.4899328859060403,0.8,0.4,0.5,0.6,1.0,138,149,0.6,1,0
1476154,2025-03-09,Uganda,Nepal,Entebbe Cricket Oval,0.6917808219178082,0.5915492957746479,1.0,0.0,1.0,0.3,0.6,146,142,0.8181818181818182,1,0
1476157,2025-03-10,Hong Kong,Nepal,Entebbe Cricket Oval,0.49333333333333335,0.5944055944055944,0.4,0.2,0.6,0.3,0.4375,150,143,0.5,1,1
1475525,2025-03-10,Malaysia,Bahrain,"Bayuemas Oval, Kuala Lumpur",0.5,0.47058823529411764,0.4,1.0,0.5,0.7,0.5714285714285714,140,85,0.6666666666666666,1,0
1476156,2025-03-10,Uganda,Namibia,Entebbe Cricket Oval,0.6870748299319728,0.5971223021582733,0.8,0.6,0.9,0.5,0.23529411764705882,147,139,0.75,1,1
1474981,2025-03-10,Canada,United States of America,"St Albans Club, Buenos Aires",0.5396825396825397,0.5151515151515151,0.6,0.6,0.5,0.6,0.21428571428571427,63,66,0.5,1,1
1474982,2025-03-10,Brazil,Argentina,"St Albans Club, Buenos Aires",0.35,0.4,0.2,0.8,0.4,0.7,0.75,20,30,0.5,1,1
1474423,2025-03-10,Vanuatu,Samoa,"N'Du Stadium, Noumea, New Caledonia",0.45454545454545453,0.2777777777777778,0.2,0.6,0.2,0.4,0.5,44,18,0.5,1,1
1474424,2025-03-11,Vanuatu,France,"N'Du Stadium, Noumea, New Caledonia",0.4666666666666667,0.4186046511627907,0.2,0.6,0.2,0.6,0.5,45,43,1.0,1,1
1475526,2025-03-11,Hong Kong,Bahrain,"Bayuemas Oval, Kuala Lumpur",0.4966887417218543,0.47674418604651164,0.6,1.0,0.7,0.8,0.6666666666666666,151,86,0.42857142857142855,1,0
1474984,2025-03-11,Argentina,Canada,"St Albans Club, Buenos Aires",0.3870967741935484,0.546875,0.6,0.8,0.6,0.6,0.0,31,64,0.5,1,1
1474983,2025-03-11,United States of America,Brazil,"St Albans Club, Buenos Aires",0.5074626865671642,0.38095238095238093,0.6,0.4,0.6,0.4,1.0,67,21,0.0,1,1
1476159,2025-03-12,Uganda,Hong Kong,Entebbe Cricket Oval,0.6891891891891891,0.4934210526315789,0.8,0.6,0.9,0.6,1.0,148,152,0.7692307692307693,1,0
1476158,2025-03-12,Namibia,Nepal,Entebbe Cricket Oval,0.5928571428571429,0.5902777777777778,0.6,0.2,0.5,0.2,0.6666666666666666,140,144,0.42857142857142855,1,1
1475527,2025-03-12,Hong Kong,Malaysia,"Bayuemas Oval, Kuala Lumpur",0.49673202614379086,0.49645390070921985,0.6,0.4,0.6,0.5,0.47058823529411764,153,141,0.4,1,1
1474426,2025-03-12,France,Samoa,"N'Du Stadium, Noumea, New Caledonia",0.4090909090909091,0.2631578947368421,0.4,0.6,0.6,0.4,0.5,44,19,0.0,1,0
1474427,2025-03-12,Vanuatu,Fiji,"N'Du Stadium, Noumea, New Caledonia",0.4782608695652174,0.3888888888888889,0.4,0.6,0.3,0.4,0.6666666666666666,46,18,1.0,1,1
1474985,2025-03-13,United States of America,Argentina,"St Albans Club, Buenos Aires",0.5147058823529411,0.40625,0.8,0.6,0.6,0.6,1.0,68,32,0.5,1,1
1474986,2025-03-13,Brazil,Canada,"St Albans Club, Buenos Aires",0.36363636363636365,0.5384615384615384,0.2,0.6,0.3,0.5,0.0,22,65,0.5,1,0
1476160,2025-03-13,Hong Kong,Namibia,Entebbe Cricket Oval,0.5,0.5957446808510638,0.8,0.6,0.6,0.6,0.3333333333333333,154,141,0.75,1,0
1474422,2025-03-13,Fiji,France,"N'Du Stadium, Noumea, New Caledonia",0.3684210526315789,0.4,0.6,0.4,0.3,0.5,0.5,19,45,0.0,1,1
1476161,2025-03-13,Uganda,Nepal,Entebbe Cricket Oval,0.6845637583892618,0.5862068965517241,0.6,0.2,0.8,0.1,0.5,149,145,0.7142857142857143,1,1
1475528,2025-03-13,Bahrain,Malaysia,"Bayuemas Oval, Kuala Lumpur",0.4827586206896552,0.49295774647887325,1.0,0.2,0.9,0.5,0.5,87,142,0.7,1,1
1474429,2025-03-14,Vanuatu,Samoa,"N'Du Stadium, Noumea, New Caledonia",0.48936170212765956,0.3,0.6,0.6,0.4,0.5,0.5714285714285714,47,20,1.0,1,0
1476163,2025-03-14,Uganda,Namibia,Entebbe Cricket Oval,0.6866666666666666,0.5985915492957746,0.6,0.6,0.8,0.7,0.2777777777777778,150,142,0.7333333333333333,1,1
1443571,2025-03-14,New Zealand,Sri Lanka,"Hagley Oval, Christchurch",0.5457413249211357,0.42857142857142855,0.6,0.4,0.7,0.4,0.7142857142857143,317,301,0.625,1,0
1476162,2025-03-14,Hong Kong,Nepal,Entebbe Cricket Oval,0.4967741935483871,0.5821917808219178,0.6,0.2,0.5,0.1,0.47058823529411764,155,146,0.6,1,0
1474988,2025-03-14,United States of America,Brazil,"St Albans Club, Buenos Aires",0.5217391304347826,0.34782608695652173,0.8,0.2,0.6,0.3,1.0,69,23,0.6666666666666666,1,1
1474987,2025-03-14,Canada,Argentina,"St Albans Club, Buenos Aires",0.5454545454545454,0.3939393939393939,0.8,0.4,0.6,0.6,0.75,66,33,0.6666666666666666,1,1
1475530,2025-03-15,Malaysia,Hong Kong,"Bayuemas Oval, Kuala Lumpur",0.48951048951048953,0.4935897435897436,0.0,0.4,0.4,0.5,0.5,143,156,0.6,1,0
1443549,2025-03-16,Pakistan,New Zealand,"Hagley Oval, Christchurch",0.5151515151515151,0.5440251572327044,0.4,0.6,0.2,0.7,0.4807692307692308,363,318,0.7142857142857143,1,0
1476165,2025-03-16,Namibia,Uganda,Entebbe Cricket Oval,0.5944055944055944,0.6887417218543046,0.4,0.6,0.6,0.8,0.6842105263157895,143,151,0.5,1,0
1443572,2025-03-16,Sri Lanka,New Zealand,"Hagley Oval, Christchurch",0.4304635761589404,0.5454545454545454,0.4,0.6,0.5,0.7,0.3055555555555556,302,319,1.0,1,0
1474990,2025-03-16,Argentina,United States of America,"St Albans Club, Buenos Aires",0.38235294117647056,0.5285714285714286,0.4,0.8,0.5,0.7,0.0,34,70,0.42857142857142855,1,0
1475531,2025-03-17,Hong Kong,Bahrain,"Bayuemas Oval, Kuala Lumpur",0.4968152866242038,0.48863636363636365,0.6,1.0,0.6,0.9,0.5,157,88,0.47058823529411764,1,0
1474992,2025-03-17,United States of America,Canada,"St Albans Club, Buenos Aires",0.5352112676056338,0.5522388059701493,0.8,0.8,0.7,0.7,0.7333333333333333,71,67,0.8,1,1
1474991,2025-03-17,Argentina,Brazil,"St Albans Club, Buenos Aires",0.37142857142857144,0.3333333333333333,0.2,0.2,0.5,0.3,0.2,35,24,0.375,1,0
1443550,2025-03-18,Pakistan,New Zealand,"University Oval, Dunedin",0.5137362637362637,0.546875,0.2,0.6,0.2,0.7,0.4716981132075472,364,320,0.6666666666666666,1,0
1476795,2025-03-19,Canada,Namibia,"Namibia Cricket Ground, Windhoek",0.5441176470588235,0.5902777777777778,0.6,0.4,0.6,0.5,0.5,68,144,0.5,1,0
1443551,2025-03-21,New Zealand,Pakistan,"Eden Park, Auckland",0.5482866043613707,0.5123287671232877,0.6,0.0,0.7,0.2,0.5370370370370371,321,365,0.3333333333333333,1,0
1443574,2025-03-21,New Zealand,Australia,"Eden Park, Auckland",0.546583850931677,0.662613981762918,0.6,1.0,0.6,0.9,0.2682926829268293,322,329,0.25,1,0
1476797,2025-03-22,Canada,Namibia,"Namibia Cricket Ground, Windhoek",0.5362318840579711,0.593103448275862,0.4,0.6,0.6,0.6,0.0,69,145,0.0,1,0
1443552,2025-03-23,New Zealand,Pakistan,"Bay Oval, Mount Maunganui",0.544891640866873,0.5136612021857924,0.6,0.2,0.6,0.3,0.5272727272727272,323,366,0.75,1,1
1476798,2025-03-23,Canada,Namibia,"Namibia Cricket Ground, Windhoek",0.5285714285714286,0.5958904109589042,0.4,0.6,0.5,0.6,0.0,70,146,0.0,1,0
1443575,2025-03-23,Australia,New Zealand,"Bay Oval, Mount Maunganui",0.6636363636363637,0.5462962962962963,1.0,0.6,0.9,0.6,0.7380952380952381,330,324,0.5,1,1
1443576,2025-03-26,Australia,New Zealand,"Sky Stadium, Wellington",0.6646525679758308,0.5446153846153846,1.0,0.4,0.9,0.5,0.7441860465116279,331,325,1.0,1,1
1443553,2025-03-26,Pakistan,New Zealand,"Sky Stadium, Wellington",0.5122615803814714,0.5429447852760736,0.2,0.2,0.3,0.4,0.4642857142857143,367,326,0.5,1,0
1478228,2025-04-07,Norway,Portugal,Santarem Cricket Ground,0.4411764705882353,0.6818181818181818,0.4,0.4,0.6,0.7,0.5,34,22,0.5,1,1
1478411,2025-04-07,Portugal,Norway,Santarem Cricket Ground,0.6521739130434783,0.45714285714285713,0.2,0.4,0.6,0.6,0.0,23,35,0.75,1,1
1478229,2025-04-08,Norway,Portugal,Santarem Cricket Ground,0.4444444444444444,0.6666666666666666,0.4,0.4,0.5,0.6,0.5,36,24,0.5,1,0
1479929,2025-04-08,Uganda,Namibia,"High Performance Oval, Windhoek",0.6907894736842105,0.5986394557823129,0.8,0.6,0.8,0.6,0.35,152,147,0.5,1,1
1478412,2025-04-08,Portugal,Norway,Santarem Cricket Ground,0.68,0.43243243243243246,0.6,0.4,0.6,0.4,0.6666666666666666,25,37,0.8333333333333334,1,0
1478413,2025-04-09,Norway,Portugal,Santarem Cricket Ground,0.4473684210526316,0.6538461538461539,0.6,0.6,0.4,0.5,0.5,38,26,0.5,1,0
1479320,2025-04-09,Qatar,Nepal,"Mission Road Ground, Mong Kok, Hong Kong",0.4444444444444444,0.5850340136054422,0.2,0.4,0.5,0.2,0.16666666666666666,63,147,0.5,1,0
1479321,2025-04-09,Hong Kong,Kuwait,"Mission Road Ground, Mong Kok, Hong Kong",0.4936708860759494,0.49473684210526314,0.4,0.4,0.5,0.6,0.7272727272727273,158,95,0.8,1,0
1478230,2025-04-09,Portugal,Norway,Santarem Cricket Ground,0.6666666666666666,0.4358974358974359,0.6,0.4,0.5,0.4,0.6,27,39,0.75,1,1
1479930,2025-04-09,Uganda,Namibia,"High Performance Oval, Windhoek",0.6928104575163399,0.5945945945945946,0.8,0.6,0.8,0.5,0.38095238095238093,153,148,1.0,1,1
1477679,2025-04-09,Cook Islands,Indonesia,Udayana Cricket Ground,0.5,0.5616438356164384,0.6,0.2,0.5,0.6,0.0,16,73,0.5,1,0
1479323,2025-04-10,Hong Kong,Qatar,"Mission Road Ground, Mong Kok, Hong Kong",0.49056603773584906,0.4375,0.2,0.2,0.5,0.4,0.6666666666666666,159,64,0.75,1,1
1479322,2025-04-10,Kuwait,Nepal,"Mission Road Ground, Mong Kok, Hong Kong",0.5,0.5878378378378378,0.6,0.4,0.6,0.3,0.0,96,148,0.4,1,0
1477680,2025-04-10,Indonesia,Philippines,Udayana Cricket Ground,0.5675675675675675,0.32142857142857145,0.4,0.4,0.6,0.4,0.42857142857142855,74,28,0.675,1,1
1477681,2025-04-11,Cook Islands,Philippines,Udayana Cricket Ground,0.47058823529411764,0.3103448275862069,0.4,0.4,0.5,0.4,0.5,17,29,0.0,1,1
1479931,2025-04-11,Namibia,Uganda,"High Performance Oval, Windhoek",0.5906040268456376,0.6948051948051948,0.6,1.0,0.5,0.8,0.5909090909090909,149,154,0.0,1,1
1477682,2025-04-12,Cook Islands,Indonesia,Udayana Cricket Ground,0.5,0.5733333333333334,0.6,0.6,0.6,0.6,0.0,18,75,0.5,1,0
1479324,2025-04-12,Qatar,Kuwait,"Mission Road Ground, Mong Kok, Hong Kong",0.4307692307692308,0.4948453608247423,0.2,0.6,0.3,0.5,0.2857142857142857,65,97,0.0,1,0
1479932,2025-04-12,Namibia,Uganda,"High Performance Oval, Windhoek",0.5933333333333334,0.6903225806451613,0.6,0.8,0.6,0.7,0.6086956521739131,150,155,0.3333333333333333,1,1
1479326,2025-04-13,Hong Kong,Qatar,"Mission Road Ground, Mong Kok, Hong Kong",0.49375,0.42424242424242425,0.4,0.2,0.5,0.3,0.75,160,66,0.7647058823529411,1,1
1479327,2025-04-13,Kuwait,Nepal,"Mission Road Ground, Mong Kok, Hong Kong",0.5,0.5906040268456376,0.6,0.6,0.5,0.4,0.0,98,149,0.42857142857142855,1,1
1479933,2025-04-14,Namibia,Uganda,"High Performance Oval, Windhoek",0.5960264900662252,0.6858974358974359,0.6,0.6,0.6,0.6,0.625,151,156,0.5,1,1
1479934,2025-04-15,Namibia,Uganda,"High Performance Oval, Windhoek",0.5986842105263158,0.6815286624203821,0.6,0.4,0.6,0.6,0.64,152,157,0.6,1,0
1481296,2025-04-17,Panama,Turks and Caicos Island,"Clayton Panama, Panama City",0.21052631578947367,0.5,0.2,0.5,0.2,0.5,0.5,19,0,0.5,0,1
1481295,2025-04-17,Mexico,Costa Rica,"Clayton Panama, Panama City",0.47058823529411764,0.16666666666666666,0.2,0.2,0.4,0.16666666666666666,0.8333333333333334,17,6,0.5,1,1
1481297,2025-04-18,Costa Rica,Panama,"Clayton Panama, Panama City",0.14285714285714285,0.25,0.2,0.4,0.14285714285714285,0.3,0.5,7,20,0.0,1,0
1481298,2025-04-18,Turks and Caicos Island,Mexico,"Clayton Panama, Panama City",0.0,0.5,0.0,0.4,0.0,0.5,0.5,1,18,0.0,1,0
1481304,2025-04-19,Bermuda,Canada,"Jimmy Powell Oval, Cayman Islands",0.7272727272727273,0.5211267605633803,1.0,0.2,0.9,0.5,0.5,33,71,0.5,1,0
1481303,2025-04-19,United States of America,Cayman Islands,"Jimmy Powell Oval, Cayman Islands",0.5416666666666666,0.45454545454545453,1.0,0.8,0.8,0.6,1.0,72,22,0.5,1,1
1481300,2025-04-19,Panama,Mexico,"Clayton Panama, Panama City",0.2857142857142857,0.5263157894736842,0.6,0.4,0.4,0.5,1.0,21,19,1.0,1,1
1481299,2025-04-19,Costa Rica,Turks and Caicos Island,"Clayton Panama, Panama City",0.125,0.0,0.0,0.0,0.125,0.0,0.5,8,2,0.0,1,0
1481301,2025-04-20,Turks and Caicos Island,Costa Rica,"Clayton Panama, Panama City",0.3333333333333333,0.1111111111111111,0.3333333333333333,0.0,0.3333333333333333,0.1111111111111111,1.0,3,9,0.3333333333333333,1,0
1481305,2025-04-20,United States of America,Bahamas,"Jimmy Powell Oval, Cayman Islands",0.547945205479452,0.5,1.0,0.6,0.9,0.6,1.0,73,16,1.0,1,1
1481306,2025-04-20,Bermuda,Cayman Islands,"Jimmy Powell Oval, Cayman Islands",0.7058823529411765,0.43478260869565216,0.8,0.6,0.8,0.6,1.0,34,23,0.0,1,1
1481307,2025-04-21,Bahamas,Canada,"Jimmy Powell Oval, Cayman Islands",0.47058823529411764,0.5277777777777778,0.4,0.2,0.6,0.5,0.5,17,72,0.0,1,0
1481308,2025-04-21,Bermuda,United States of America,"Jimmy Powell Oval, Cayman Islands",0.7142857142857143,0.5540540540540541,0.8,1.0,0.9,0.9,0.6666666666666666,35,74,0.5,1,0
1481310,2025-04-23,Bahamas,Bermuda,"Jimmy Powell Oval, Cayman Islands",0.4444444444444444,0.6944444444444444,0.4,0.6,0.6,0.8,0.0,18,36,0.0,1,0
1481309,2025-04-23,Canada,Cayman Islands,"Jimmy Powell Oval, Cayman Islands",0.5342465753424658,0.4166666666666667,0.4,0.4,0.5,0.6,1.0,73,24,1.0,1,1
1481312,2025-04-24,Canada,United States of America,"Jimmy Powell Oval, Cayman Islands",0.5405405405405406,0.56,0.6,1.0,0.5,0.9,0.25,74,75,1.0,1,1
1481311,2025-04-24,Cayman Islands,Bahamas,"Jimmy Powell Oval, Cayman Islands",0.4,0.42105263157894735,0.2,0.2,0.5,0.5,1.0,25,19,0.0,1,1
1482088,2025-04-24,Saudi Arabia,Thailand,"Bayuemas Oval, Kuala Lumpur",0.46511627906976744,0.5630252100840336,0.6,0.8,0.6,0.9,1.0,43,119,0.5,1,1
1482089,2025-04-24,Malaysia,Singapore,"Bayuemas Oval, Kuala Lumpur",0.4861111111111111,0.29213483146067415,0.0,0.2,0.3,0.2,0.8125,144,89,0.5806451612903226,1,1
1482091,2025-04-25,Saudi Arabia,Singapore,"Bayuemas Oval, Kuala Lumpur",0.4772727272727273,0.28888888888888886,0.8,0.0,0.7,0.2,0.5,44,90,1.0,1,1
1481709,2025-04-25,Zimbabwe,United States of America,"Grand Prairie Stadium, Dallas",0.4666666666666667,0.5526315789473685,0.6,0.8,0.7,0.8,1.0,195,76,0.5,1,1
1482090,2025-04-25,Thailand,Malaysia,"Bayuemas Oval, Kuala Lumpur",0.5583333333333333,0.4896551724137931,0.6,0.2,0.8,0.3,0.4,120,145,0.5555555555555556,1,0
1477671,2025-04-26,Eswatini,Sierra Leone,"Botswana Cricket Association Oval 1, Gaborone",0.16666666666666666,0.45454545454545453,0.4,0.6,0.2,0.5,0.0,18,44,0.0,1,0
1481313,2025-04-26,Cayman Islands,Canada,"Jimmy Powell Oval, Cayman Islands",0.4230769230769231,0.5466666666666666,0.2,0.8,0.5,0.6,0.0,26,75,0.25,1,0
1482092,2025-04-26,Saudi Arabia,Malaysia,"Bayuemas Oval, Kuala Lumpur",0.4888888888888889,0.4931506849315068,0.8,0.4,0.7,0.4,0.0,45,146,1.0,1,0
1477662,2025-04-26,Botswana,Eswatini,"Botswana Cricket Association Oval 1, Gaborone",0.3375,0.15789473684210525,0.2,0.4,0.2,0.2,1.0,80,19,0.5,1,1
1477665,2025-04-26,Botswana,Mozambique,"Botswana Cricket Association Oval 2, Gaborone",0.345679012345679,0.35135135135135137,0.2,0.6,0.3,0.5,1.0,81,37,1.0,1,1
1477663,2025-04-26,Mozambique,Sierra Leone,"Botswana Cricket Association Oval 2, Gaborone",0.34210526315789475,0.4666666666666667,0.6,0.6,0.5,0.5,0.0,38,45,0.25,1,0
1481314,2025-04-26,Bermuda,United States of America,"Jimmy Powell Oval, Cayman Islands",0.7027027027027027,0.5454545454545454,0.6,0.6,0.8,0.8,0.5,37,77,0.5,1,0
1482093,2025-04-26,Singapore,Thailand,"Bayuemas Oval, Kuala Lumpur",0.2857142857142857,0.5537190082644629,0.0,0.4,0.2,0.7,0.3333333333333333,91,121,0.3333333333333333,1,1
1477667,2025-04-27,Mozambique,Eswatini,"Botswana Cricket Association Oval 2, Gaborone",0.3333333333333333,0.15,0.6,0.2,0.4,0.2,1.0,39,20,0.2,1,1
1477668,2025-04-27,Sierra Leone,Botswana,"Botswana Cricket Association Oval 1, Gaborone",0.4782608695652174,0.35365853658536583,0.8,0.4,0.6,0.4,0.25,46,82,0.75,1,1
1477670,2025-04-27,Botswana,Mozambique,"Botswana Cricket Association Oval 1, Gaborone",0.3493975903614458,0.35,0.4,0.6,0.4,0.5,1.0,83,40,0.5,1,1
1481710,2025-04-27,Zimbabwe,United States of America,"Grand Prairie Stadium, Dallas",0.46938775510204084,0.5512820512820513,0.6,0.6,0.8,0.8,1.0,196,78,1.0,1,1
1481315,2025-04-27,Canada,United States of America,"Jimmy Powell Oval, Cayman Islands",0.5526315789473685,0.5443037974683544,1.0,0.4,0.6,0.7,0.29411764705882354,76,79,1.0,1,0
1477669,2025-04-27,Sierra Leone,Eswatini,"Botswana Cricket Association Oval 2, Gaborone",0.48936170212765956,0.14285714285714285,0.8,0.2,0.7,0.2,1.0,47,21,0.6666666666666666,1,1
1482094,2025-04-28,Saudi Arabia,Thailand,"Bayuemas Oval, Kuala Lumpur",0.4782608695652174,0.5491803278688525,0.8,0.2,0.6,0.6,1.0,46,122,0.6666666666666666,1,1
1482097,2025-04-29,Singapore,Saudi Arabia,"Bayuemas Oval, Kuala Lumpur",0.29347826086956524,0.48936170212765956,0.2,0.8,0.3,0.6,0.0,92,47,0.42857142857142855,1,0
1482096,2025-04-29,Malaysia,Thailand,"Bayuemas Oval, Kuala Lumpur",0.4965986394557823,0.5447154471544715,0.6,0.2,0.4,0.5,0.6363636363636364,147,123,0.6176470588235294,1,1
1477675,2025-04-29,Mozambique,Eswatini,"Botswana Cricket Association Oval 2, Gaborone",0.34146341463414637,0.13636363636363635,0.4,0.0,0.5,0.2,1.0,41,22,0.3333333333333333,1,1
1481711,2025-04-29,Zimbabwe,United States of America,"Grand Prairie Stadium, Dallas",0.4720812182741117,0.55,0.8,0.4,0.8,0.7,1.0,197,80,1.0,1,0
1477666,2025-04-29,Mozambique,Sierra Leone,"Botswana Cricket Association Oval 1, Gaborone",0.35714285714285715,0.5,0.4,1.0,0.5,0.8,0.0,42,48,0.2727272727272727,1,0
1477664,2025-04-29,Eswatini,Botswana,"Botswana Cricket Association Oval 2, Gaborone",0.13043478260869565,0.35714285714285715,0.0,0.6,0.2,0.5,0.0,23,84,0.0,1,0
1477674,2025-04-29,Botswana,Sierra Leone,"Botswana Cricket Association Oval 1, Gaborone",0.36470588235294116,0.5102040816326531,0.8,1.0,0.5,0.8,0.6,85,49,0.5333333333333333,1,0
1477672,2025-04-30,Mozambique,Eswatini,"Botswana Cricket Association Oval 1, Gaborone",0.3488372093023256,0.125,0.4,0.0,0.5,0.2,1.0,43,24,0.25,1,1
1482098,2025-04-30,Malaysia,Saudi Arabia,"Bayuemas Oval, Kuala Lumpur",0.5,0.5,0.8,0.8,0.4,0.7,1.0,148,48,0.6285714285714286,1,0
1477673,2025-04-30,Sierra Leone,Botswana,"Botswana Cricket Association Oval 1, Gaborone",0.52,0.36046511627906974,1.0,0.6,0.8,0.4,0.5,50,86,0.8571428571428571,1,1
1483064,2025-05-02,Cyprus,Czech Republic,"Scott Page Field, Vinor",0.5384615384615384,0.45161290322580644,0.6,0.4,0.6,0.3,0.0,26,31,0.5,1,1
1483063,2025-05-02,Cyprus,Czech Republic,"Scott Page Field, Vinor",0.5555555555555556,0.4375,0.8,0.4,0.6,0.2,0.5,27,32,1.0,1,1
1483941,2025-05-02,Bahrain,Oman,Al Amerat Cricket Ground Oman Cricket (Ministry Turf 2),0.4943820224719101,0.4387755102040816,1.0,0.0,0.9,0.2,0.3333333333333333,89,98,0.5,1,0
1482101,2025-05-02,Malaysia,Saudi Arabia,"Bayuemas Oval, Kuala Lumpur",0.4966442953020134,0.5102040816326531,0.8,0.8,0.4,0.8,0.6666666666666666,149,49,0.6111111111111112,1,1
1482100,2025-05-02,Singapore,Thailand,"Bayuemas Oval, Kuala Lumpur",0.2903225806451613,0.5403225806451613,0.2,0.0,0.3,0.4,0.5,93,124,0.375,1,1
1483755,2025-05-03,Kuwait,Thailand,"Terdthai Cricket Ground, Bangkok",0.5050505050505051,0.536,0.6,0.0,0.6,0.3,0.0,99,125,0.5,1,0
1483754,2025-05-03,United Arab Emirates,Hong Kong,"Terdthai Cricket Ground, Bangkok",0.6057142857142858,0.4968944099378882,0.8,0.6,0.9,0.5,0.8,175,161,0.5,1,1
1483065,2025-05-03,Czech Republic,Cyprus,"Scott Page Field, Vinor",0.42424242424242425,0.5714285714285714,0.4,1.0,0.2,0.7,0.3333333333333333,33,28,0.3333333333333333,1,0
1483066,2025-05-03,Czech Republic,Cyprus,"Scott Page Field, Vinor",0.4117647058823529,0.5862068965517241,0.2,1.0,0.2,0.7,0.25,34,29,0.3125,1,0
1483942,2025-05-03,Oman,Bahrain,Al Amerat Cricket Ground Oman Cricket (Ministry Turf 1),0.4444444444444444,0.4888888888888889,0.2,0.8,0.3,0.9,0.7142857142857143,99,90,0.43478260869565216,1,1
1483756,2025-05-04,Thailand,Hong Kong,"Terdthai Cricket Ground, Bangkok",0.5396825396825397,0.49382716049382713,0.2,0.4,0.3,0.5,0.8,126,162,0.6666666666666666,1,1
1483757,2025-05-04,United Arab Emirates,Kuwait,"Terdthai Cricket Ground, Bangkok",0.6079545454545454,0.5,0.8,0.6,0.9,0.5,0.8888888888888888,176,100,1.0,1,1
1483067,2025-05-04,Czech Republic,Cyprus,"Scott Page Field, Vinor",0.4,0.6,0.0,1.0,0.2,0.8,0.2,35,30,0.29411764705882354,1,0
1483068,2025-05-05,Croatia,Malta,Marsa Sports Club,0.30434782608695654,0.38333333333333336,0.0,0.0,0.2,0.1,0.5,23,60,0.5,1,0
1483069,2025-05-05,Croatia,Malta,Marsa Sports Club,0.2916666666666667,0.39344262295081966,0.0,0.2,0.2,0.2,0.0,24,61,0.0,1,0
1483943,2025-05-05,Bahrain,Oman,Al Amerat Cricket Ground Oman Cricket (Ministry Turf 1),0.4835164835164835,0.45,0.6,0.4,0.8,0.4,0.25,91,100,0.3125,1,0
1483759,2025-05-06,Thailand,United Arab Emirates,"Terdthai Cricket Ground, Bangkok",0.5433070866141733,0.6101694915254238,0.4,0.8,0.3,0.9,0.5714285714285714,127,177,0.6923076923076923,1,1
1483758,2025-05-06,Hong Kong,Kuwait,"Terdthai Cricket Ground, Bangkok",0.49079754601226994,0.49504950495049505,0.4,0.4,0.4,0.5,0.6666666666666666,163,101,0.0,1,1
1482829,2025-05-06,Malta,Estonia,Marsa Sports Club,0.4032258064516129,0.3103448275862069,0.4,0.8,0.3,0.5,0.0,62,29,0.5161290322580645,1,0
1482828,2025-05-06,Malta,Estonia,Marsa Sports Club,0.3968253968253968,0.3333333333333333,0.4,0.8,0.3,0.6,0.0,63,30,0.5,1,1
1482819,2025-05-07,Thailand,Cook Islands,Sano International Cricket Ground,0.546875,0.47368421052631576,0.6,0.4,0.4,0.6,0.5,128,19,0.5,1,0
1482830,2025-05-07,Malta,Estonia,Marsa Sports Club,0.40625,0.3225806451612903,0.6,0.6,0.3,0.5,0.3333333333333333,64,31,0.5151515151515151,1,1
1482820,2025-05-08,Japan,Thailand,Sano International Cricket Ground,0.578125,0.5426356589147286,0.8,0.6,0.9,0.3,1.0,64,129,0.875,1,1
1483760,2025-05-09,Kuwait,Thailand,"Terdthai Cricket Ground, Bangkok",0.49019607843137253,0.5384615384615384,0.4,0.6,0.5,0.3,0.0,102,130,0.0,1,0
1483762,2025-05-09,Malaysia,United Arab Emirates,"Asian Institute of Technology Ground, Bangkok",0.5,0.6067415730337079,0.8,0.6,0.5,0.8,0.0,150,178,0.5,1,0
1482822,2025-05-09,Japan,Cook Islands,Sano International Cricket Ground,0.5846153846153846,0.5,0.8,0.4,0.9,0.6,1.0,65,20,0.8823529411764706,1,1
1482821,2025-05-09,Cook Islands,Thailand,Sano International Cricket Ground,0.47619047619047616,0.5419847328244275,0.4,0.6,0.5,0.4,1.0,21,131,0.5,1,0
1483765,2025-05-10,United Arab Emirates,Qatar,"Terdthai Cricket Ground, Bangkok",0.6089385474860335,0.417910447761194,0.8,0.2,0.8,0.2,1.0,179,67,0.6666666666666666,1,1
1483763,2025-05-10,Bahrain,Nepal,"Terdthai Cricket Ground, Bangkok",0.4782608695652174,0.5866666666666667,0.4,0.6,0.7,0.4,0.0,92,150,0.5,1,0
1483071,2025-05-10,Germany,Greece,"Marina Ground, Corfu",0.5679012345679012,0.23809523809523808,0.0,0.2,0.4,0.2,0.5,81,21,0.5,1,1
1483070,2025-05-10,Germany,Greece,"Marina Ground, Corfu",0.573170731707317,0.22727272727272727,0.2,0.2,0.4,0.2,1.0,82,22,1.0,1,1
1483073,2025-05-11,Greece,Germany,"Marina Ground, Corfu",0.21739130434782608,0.5783132530120482,0.2,0.4,0.1,0.4,0.0,23,83,0.14285714285714285,1,0
1483072,2025-05-11,Germany,Greece,"Marina Ground, Corfu",0.5833333333333334,0.20833333333333334,0.6,0.2,0.5,0.1,1.0,84,24,1.0,1,1
1482825,2025-05-11,Japan,Thailand,Sano International Cricket Ground,0.5909090909090909,0.5454545454545454,0.8,0.6,0.9,0.5,1.0,66,132,0.8888888888888888,1,0
1483766,2025-05-12,Kuwait,Bhutan,"Terdthai Cricket Ground, Bangkok",0.4854368932038835,0.2909090909090909,0.2,0.0,0.4,0.0,0.5,103,55,0.0,1,1
1482826,2025-05-13,Cook Islands,Japan,Sano International Cricket Ground,0.45454545454545453,0.582089552238806,0.4,0.6,0.4,0.8,0.0,22,67,0.3333333333333333,1,0
1483770,2025-05-13,Nepal,Hong Kong,"Asian Institute of Technology Ground, Bangkok",0.5894039735099338,0.49390243902439024,0.8,0.6,0.5,0.4,0.5555555555555556,151,164,0.5,1,0
1482827,2025-05-14,Japan,Cook Islands,Sano International Cricket Ground,0.5882352941176471,0.43478260869565216,0.6,0.2,0.8,0.4,1.0,68,23,0.85,1,1
1477677,2025-05-15,Bulgaria,Estonia,Estonian National Cricket and Rugby Field,0.28205128205128205,0.3125,0.0,0.6,0.0,0.5,0.0,39,32,0.5,1,0
1477676,2025-05-15,Bulgaria,Estonia,Estonian National Cricket and Rugby Field,0.275,0.3333333333333333,0.0,0.6,0.0,0.6,0.0,40,33,0.0,1,0
1483773,2025-05-15,Bahrain,Nepal,"Terdthai Cricket Ground, Bangkok",0.4731182795698925,0.5855263157894737,0.2,0.6,0.6,0.5,0.0,93,152,0.0,1,0
1483772,2025-05-15,Thailand,Bhutan,"Terdthai Cricket Ground, Bangkok",0.5488721804511278,0.2857142857142857,0.6,0.0,0.6,0.0,0.6666666666666666,133,56,0.7333333333333333,1,1
1483775,2025-05-16,Kuwait,Bhutan,"Terdthai Cricket Ground, Bangkok",0.49038461538461536,0.2807017543859649,0.2,0.0,0.4,0.0,0.6666666666666666,104,57,0.2,1,0
1483777,2025-05-16,Qatar,Malaysia,"Terdthai Cricket Ground, Bangkok",0.4117647058823529,0.4966887417218543,0.0,0.6,0.1,0.5,0.4,68,151,0.0,1,0
1486225,2025-05-17,Austria,Slovenia,"Velden Cricket Ground, Latschach",0.5263157894736842,0.14285714285714285,0.8,0.2,0.8,0.14285714285714285,1.0,38,7,0.5,1,1
1484051,2025-05-17,Bangladesh,United Arab Emirates,Sharjah Cricket Stadium,0.39245283018867927,0.6111111111111112,0.4,0.8,0.3,0.8,1.0,265,180,0.2,1,1
1483778,2025-05-18,Thailand,United Arab Emirates,"Terdthai Cricket Ground, Bangkok",0.5522388059701493,0.6077348066298343,0.8,0.6,0.7,0.7,0.625,134,181,0.75,1,1
1486228,2025-05-18,Austria,Slovenia,"Ballpark Ground, Graz",0.5384615384615384,0.125,0.8,0.2,0.8,0.125,1.0,39,8,0.5,1,1
1486227,2025-05-18,Slovenia,Austria,"Ballpark Ground, Graz",0.1111111111111111,0.55,0.2,0.8,0.1111111111111111,0.8,0.0,9,40,0.0,1,0
1483779,2025-05-19,United Arab Emirates,Nepal,"Terdthai Cricket Ground, Bangkok",0.6043956043956044,0.5882352941176471,0.4,0.6,0.6,0.5,0.46153846153846156,182,153,0.6,1,0
1484052,2025-05-19,Bangladesh,United Arab Emirates,Sharjah Cricket Stadium,0.39473684210526316,0.6010928961748634,0.4,0.4,0.4,0.5,1.0,266,183,0.3333333333333333,1,0
1485778,2025-05-20,Thailand,Nepal,"Terdthai Cricket Ground, Bangkok",0.5555555555555556,0.5909090909090909,1.0,0.6,0.8,0.6,0.8333333333333334,135,154,0.7647058823529411,1,1
1486582,2025-05-21,Bangladesh,United Arab Emirates,Sharjah Cricket Stadium,0.39325842696629215,0.6032608695652174,0.2,0.4,0.4,0.6,0.8333333333333334,267,184,0.2857142857142857,1,0
1448391,2025-05-21,West Indies,England,"St Lawrence Ground, Canterbury",0.45980707395498394,0.6311239193083573,0.6,0.2,0.5,0.3,0.39285714285714285,311,347,0.5,1,0
1448392,2025-05-23,West Indies,England,"County Ground, Hove",0.4583333333333333,0.632183908045977,0.6,0.4,0.4,0.3,0.38596491228070173,312,348,0.5,1,0
1486091,2025-05-25,Germany,Spain,"Simar Cricket Ground, Rome",0.5882352941176471,0.8333333333333334,0.8,1.0,0.5,1.0,0.42857142857142855,85,42,0.5,1,1
1486090,2025-05-25,Isle of Man,Italy,Roma Cricket Ground,0.6538461538461539,0.627906976744186,0.8,1.0,0.7,1.0,0.0,26,43,0.25,1,0
1486089,2025-05-25,Sweden,Spain,"Simar Cricket Ground, Rome",0.4642857142857143,0.813953488372093,0.6,0.8,0.5,0.9,0.0,28,43,0.5,1,1
1486088,2025-05-25,Jersey,Italy,Roma Cricket Ground,0.6346153846153846,0.6363636363636364,0.6,1.0,0.8,1.0,0.6666666666666666,52,44,0.5,1,0
1448393,2025-05-26,England,West Indies,"County Ground, Chelmsford",0.6332378223495702,0.45686900958466453,0.6,0.6,0.3,0.4,0.6206896551724138,349,313,0.75,1,1
1486093,2025-05-26,Sweden,Isle of Man,"Simar Cricket Ground, Rome",0.4827586206896552,0.6296296296296297,0.6,0.6,0.5,0.6,0.5,29,27,1.0,1,0
1486092,2025-05-26,Germany,Jersey,Roma Cricket Ground,0.5930232558139535,0.6226415094339622,1.0,0.6,0.5,0.7,0.42857142857142855,86,53,0.5,1,1
1486094,2025-05-26,Spain,Jersey,Roma Cricket Ground,0.7954545454545454,0.6111111111111112,0.6,0.6,0.8,0.6,1.0,44,54,0.5,1,0
1486095,2025-05-26,Sweden,Italy,"Simar Cricket Ground, Rome",0.4666666666666667,0.6444444444444445,0.6,1.0,0.5,1.0,0.0,30,45,0.5,1,0
1486098,2025-05-28,Germany,Sweden,Roma Cricket Ground,0.5977011494252874,0.45161290322580644,1.0,0.6,0.6,0.5,1.0,87,31,1.0,1,1
1486099,2025-05-28,Jersey,Isle of Man,"Simar Cricket Ground, Rome",0.6181818181818182,0.6428571428571429,0.6,0.8,0.6,0.6,0.5,55,28,0.5,1,1
1483785,2025-05-28,Pakistan,Bangladesh,"Gaddafi Stadium, Lahore",0.5108695652173914,0.3917910447761194,0.2,0.2,0.3,0.4,0.7666666666666667,368,268,0.4166666666666667,1,1
1486096,2025-05-28,Italy,Germany,Roma Cricket Ground,0.6521739130434783,0.6022727272727273,1.0,1.0,1.0,0.7,0.7272727272727273,46,88,1.0,1,1
1483808,2025-05-28,Belgium,Switzerland,"Stars Arena Hofstade, Zemst",0.6521739130434783,0.6666666666666666,0.6,0.6,0.5,0.7,1.0,23,18,0.5,1,0
1483809,2025-05-28,Belgium,Switzerland,"Stars Arena Hofstade, Zemst",0.625,0.6842105263157895,0.4,0.6,0.5,0.8,0.5,24,19,0.0,1,0
1486097,2025-05-28,Isle of Man,Spain,"Simar Cricket Ground, Rome",0.6206896551724138,0.7777777777777778,0.6,0.4,0.6,0.7,0.0,29,45,0.6666666666666666,1,0
1483811,2025-05-29,Switzerland,Belgium,"Stars Arena Hofstade, Zemst",0.7,0.6,0.8,0.2,0.8,0.5,0.6666666666666666,20,25,1.0,1,1
1486101,2025-05-29,Sweden,Jersey,"Simar Cricket Ground, Rome",0.4375,0.625,0.4,0.6,0.5,0.6,0.0,32,56,0.3333333333333333,1,1
1486100,2025-05-29,Italy,Spain,Roma Cricket Ground,0.6595744680851063,0.782608695652174,1.0,0.4,1.0,0.7,0.5,47,46,1.0,1,1
1486102,2025-05-29,Isle of Man,Germany,Roma Cricket Ground,0.6,0.5955056179775281,0.4,0.8,0.5,0.7,0.5,30,89,0.2,1,0
1483810,2025-05-29,Belgium,Switzerland,"Stars Arena Hofstade, Zemst",0.5769230769230769,0.7142857142857143,0.2,1.0,0.4,0.8,0.25,26,21,0.0,1,0
1485346,2025-05-30,Malta,Belgium,"Stars Arena Hofstade, Zemst",0.4153846153846154,0.5555555555555556,0.8,0.2,0.4,0.4,0.2857142857142857,65,27,0.5,1,0
1485345,2025-05-30,Malta,Portugal,"Stars Arena Hofstade, Zemst",0.4090909090909091,0.6785714285714286,0.6,0.8,0.4,0.5,0.0,66,28,0.0,1,0
1485343,2025-05-30,Belgium,Portugal,"Stars Arena Hofstade, Zemst",0.5714285714285714,0.6896551724137931,0.2,0.8,0.4,0.6,0.0,28,29,0.2,1,0
1483788,2025-05-30,Austria,Switzerland,"Velden Cricket Ground, Latschach",0.5609756097560976,0.7272727272727273,0.8,1.0,0.8,0.8,0.5,41,22,1.0,1,1
1483786,2025-05-30,Pakistan,Bangladesh,"Gaddafi Stadium, Lahore",0.5121951219512195,0.3903345724907063,0.4,0.2,0.3,0.4,0.7741935483870968,369,269,0.46153846153846156,1,1
1483789,2025-05-31,Austria,Switzerland,"Velden Cricket Ground, Latschach",0.5714285714285714,0.6956521739130435,0.8,0.8,0.8,0.7,1.0,42,23,1.0,1,1
1485347,2025-05-31,Malta,Portugal,"Stars Arena Hofstade, Zemst",0.40298507462686567,0.7,0.4,0.8,0.4,0.7,0.0,67,30,0.0,1,0
1485348,2025-05-31,Belgium,Malta,"Stars Arena Hofstade, Zemst",0.5517241379310345,0.39705882352941174,0.2,0.4,0.3,0.4,0.75,29,68,0.16666666666666666,1,1
1485344,2025-05-31,Belgium,Portugal,"Stars Arena Hofstade, Zemst",0.5666666666666667,0.7096774193548387,0.4,1.0,0.3,0.8,0.0,30,31,0.2857142857142857,1,0
1486784,2025-05-31,Austria,Switzerland,"Velden Cricket Ground, Latschach",0.5813953488372093,0.6666666666666666,1.0,0.6,0.9,0.6,1.0,43,24,1.0,1,0
1483787,2025-06-01,Bangladesh,Pakistan,"Gaddafi Stadium, Lahore",0.3888888888888889,0.5135135135135135,0.2,0.6,0.3,0.3,0.21875,270,370,0.0,1,0
1486785,2025-06-01,Austria,Switzerland,"Velden Cricket Ground, Latschach",0.5681818181818182,0.68,0.8,0.6,0.8,0.7,0.6666666666666666,44,25,0.75,1,1
1486224,2025-06-01,Belgium,Portugal,"Stars Arena Hofstade, Zemst",0.5483870967741935,0.71875,0.4,1.0,0.3,0.8,0.0,31,32,0.25,1,1
1487696,2025-06-03,Malawi,Brazil,"Gahanga B Ground, Rwanda",0.43333333333333335,0.36,0.2,0.4,0.5,0.3,0.5,30,25,0.3333333333333333,1,0
1487695,2025-06-03,Tanzania,Sierra Leone,"Gahanga International Cricket Stadium, Rwanda",0.6144578313253012,0.5294117647058824,0.8,1.0,0.6,0.9,1.0,83,51,0.55,1,1
1487693,2025-06-03,Rwanda,Cameroon,"Gahanga International Cricket Stadium, Rwanda",0.4098360655737705,0.14285714285714285,0.4,0.4,0.3,0.2,1.0,122,28,0.18181818181818182,1,1
1487700,2025-06-04,Tanzania,Malawi,"Gahanga B Ground, Rwanda",0.6190476190476191,0.41935483870967744,1.0,0.0,0.7,0.4,1.0,84,31,0.5,1,1
1487699,2025-06-04,Nigeria,Brazil,"Gahanga International Cricket Stadium, Rwanda",0.5,0.38461538461538464,0.4,0.4,0.4,0.4,1.0,96,26,0.5384615384615384,1,0
1487698,2025-06-04,Cameroon,Uganda,"Gahanga B Ground, Rwanda",0.13793103448275862,0.6835443037974683,0.4,0.4,0.2,0.6,0.0,29,158,0.0,1,0
1487697,2025-06-04,Rwanda,Sierra Leone,"Gahanga International Cricket Stadium, Rwanda",0.4146341463414634,0.5192307692307693,0.6,0.8,0.4,0.8,0.6666666666666666,123,52,0.20588235294117646,1,1
1485406,2025-06-04,Hong Kong,Japan,Sano International Cricket Ground,0.49696969696969695,0.5942028985507246,0.6,0.8,0.5,0.8,0.8888888888888888,165,69,0.5,1,1
1485407,2025-06-04,Philippines,China,Sano International Cricket Ground,0.3,0.3142857142857143,0.2,0.0,0.4,0.3,0.5,30,35,0.5,1,0
1485409,2025-06-05,Mongolia,China,Sano International Cricket Ground,0.0,0.3333333333333333,0.0,0.2,0.0,0.4,0.0,23,36,0.0,1,0
1487704,2025-06-05,Tanzania,Nigeria,"Gahanga B Ground, Rwanda",0.6235294117647059,0.4948453608247423,1.0,0.4,0.7,0.3,0.8,85,97,1.0,1,0
1487702,2025-06-05,Cameroon,Sierra Leone,"Gahanga B Ground, Rwanda",0.13333333333333333,0.5094339622641509,0.2,0.6,0.2,0.8,0.0,30,53,0.0,1,1
1487703,2025-06-05,Rwanda,Malawi,"Gahanga International Cricket Stadium, Rwanda",0.41935483870967744,0.40625,0.6,0.0,0.5,0.4,0.6666666666666666,124,32,0.22857142857142856,1,1
1485410,2025-06-06,Japan,China,Sano International Cricket Ground,0.5857142857142857,0.35135135135135137,0.6,0.4,0.7,0.4,1.0,70,37,0.8181818181818182,1,1
1448346,2025-06-06,England,West Indies,"Riverside Ground, Chester-le-Street",0.6342857142857142,0.4554140127388535,0.6,0.4,0.4,0.4,0.6271186440677966,350,314,1.0,1,1
1487813,2025-06-06,Jersey,Guernsey,"Grainville, St Saviour",0.6140350877192983,0.5862068965517241,0.4,0.8,0.5,0.6,0.8333333333333334,57,29,1.0,1,0
1485411,2025-06-06,Philippines,Mongolia,Sano International Cricket Ground,0.2903225806451613,0.0,0.2,0.0,0.3,0.0,0.5,31,24,0.0,1,1
1487708,2025-06-06,Rwanda,Nigeria,"Gahanga B Ground, Rwanda",0.424,0.5,0.6,0.6,0.6,0.3,0.38461538461538464,125,98,0.75,1,1
1487707,2025-06-06,Cameroon,Malawi,"Gahanga International Cricket Stadium, Rwanda",0.16129032258064516,0.3939393939393939,0.4,0.0,0.3,0.3,0.0,31,33,0.0,1,0
1487706,2025-06-06,Sierra Leone,Uganda,"Gahanga B Ground, Rwanda",0.5,0.6855345911949685,0.4,0.4,0.7,0.7,0.0,54,159,0.0,1,0
1487815,2025-06-07,Jersey,Guernsey,"Grainville, St Saviour",0.603448275862069,0.6,0.4,0.8,0.5,0.7,0.7142857142857143,58,30,0.6666666666666666,1,1
1487709,2025-06-07,Brazil,Uganda,"Gahanga International Cricket Stadium, Rwanda",0.4074074074074074,0.6875,0.6,0.6,0.4,0.7,0.5,27,160,1.0,1,0
1486790,2025-06-07,Slovenia,Serbia,Lisicji Jarak Cricket Ground,0.1,0.3125,0.2,0.6,0.1,0.3,0.5,10,32,0.5,1,0
1487712,2025-06-07,Nigeria,Cameroon,"Gahanga B Ground, Rwanda",0.494949494949495,0.15625,0.4,0.4,0.3,0.3,1.0,99,32,0.3333333333333333,1,1
1487710,2025-06-07,Malawi,Sierra Leone,"Gahanga B Ground, Rwanda",0.4117647058823529,0.4909090909090909,0.2,0.2,0.3,0.6,0.0,34,55,0.25,1,0
1485413,2025-06-07,Mongolia,Hong Kong,Sano International Cricket Ground,0.0,0.5,0.0,0.6,0.0,0.6,0.0,25,166,0.0,1,0
1485412,2025-06-07,Japan,Philippines,Sano International Cricket Ground,0.5915492957746479,0.3125,0.6,0.4,0.7,0.3,1.0,71,32,0.8260869565217391,1,1
1487814,2025-06-07,Guernsey,Jersey,"Grainville, St Saviour",0.5806451612903226,0.6101694915254238,0.6,0.6,0.7,0.6,0.25,31,59,0.25,1,0
1489041,2025-06-08,Mongolia,Philippines,Sano International Cricket Ground 2,0.0,0.30303030303030304,0.0,0.2,0.0,0.3,0.0,26,33,0.5,1,0
1485414,2025-06-08,Philippines,China,Sano International Cricket Ground,0.3235294117647059,0.34210526315789475,0.4,0.4,0.4,0.3,0.0,34,38,0.3333333333333333,1,0
1485415,2025-06-08,Japan,Hong Kong,Sano International Cricket Ground,0.5972222222222222,0.5029940119760479,0.8,0.8,0.7,0.6,0.1,72,167,0.8333333333333334,1,1
1448347,2025-06-08,West Indies,England,"County Ground, Bristol",0.45396825396825397,0.6353276353276354,0.2,0.8,0.3,0.5,0.36666666666666664,315,351,0.5,1,0
1487713,2025-06-08,Uganda,Malawi,"Gahanga International Cricket Stadium, Rwanda",0.6894409937888198,0.4,0.8,0.2,0.7,0.2,1.0,161,35,0.9411764705882353,1,1
1487714,2025-06-08,Brazil,Tanzania,"Gahanga B Ground, Rwanda",0.39285714285714285,0.6162790697674418,0.6,0.8,0.4,0.7,0.5,28,86,1.0,1,0
1486791,2025-06-08,Serbia,Slovenia,Lisicji Jarak Cricket Ground,0.3333333333333333,0.09090909090909091,0.8,0.0,0.4,0.1,1.0,33,11,0.6666666666666666,1,1
1487715,2025-06-08,Nigeria,Sierra Leone,"Gahanga International Cricket Stadium, Rwanda",0.5,0.5,0.4,0.2,0.4,0.6,0.9090909090909091,100,56,0.5,1,1
1483731,2025-06-08,Czech Republic,Austria,"Scott Page Field, Vinor",0.3888888888888889,0.5777777777777777,0.0,0.8,0.2,0.8,0.25,36,45,0.2777777777777778,1,0
1483732,2025-06-08,Norway,Czech Republic,"Scott Page Field, Vinor",0.425,0.3783783783783784,0.2,0.0,0.3,0.2,0.5,40,37,0.5,1,1
1483733,2025-06-09,Norway,Austria,"Scott Page Field, Vinor",0.43902439024390244,0.5869565217391305,0.4,0.8,0.4,0.8,0.0,41,46,1.0,1,1
1487652,2025-06-09,Netherlands,United States of America,"Sportpark Maarschalkerweerd, Utrecht",0.5283018867924528,0.5555555555555556,0.6,0.6,0.7,0.7,1.0,159,81,0.7692307692307693,1,1
1483734,2025-06-09,Austria,Czech Republic,"Scott Page Field, Vinor",0.574468085106383,0.3684210526315789,0.6,0.0,0.7,0.2,0.8,47,38,0.6666666666666666,1,1
1448348,2025-06-10,England,West Indies,"The Rose Bowl, Southampton",0.6363636363636364,0.4525316455696203,1.0,0.0,0.6,0.3,0.639344262295082,352,316,0.4,1,1
1483735,2025-06-10,Norway,Czech Republic,"Scott Page Field, Vinor",0.4523809523809524,0.358974358974359,0.6,0.0,0.5,0.1,1.0,42,39,1.0,1,1
1483736,2025-06-10,Norway,Austria,"Scott Page Field, Vinor",0.46511627906976744,0.5833333333333334,0.6,0.6,0.6,0.8,0.5,43,48,1.0,1,0
1487717,2025-06-10,Uganda,Tanzania,"Gahanga International Cricket Stadium, Rwanda",0.691358024691358,0.6206896551724138,1.0,0.8,0.7,0.7,0.7222222222222222,162,87,0.9428571428571428,1,1
1487720,2025-06-10,Rwanda,Brazil,"Gahanga B Ground, Rwanda",0.42857142857142855,0.3793103448275862,0.8,0.6,0.6,0.4,1.0,126,29,0.7777777777777778,1,1
1488319,2025-06-11,Indonesia,Cambodia,Udayana Cricket Ground,0.5789473684210527,0.28,0.6,0.2,0.6,0.1,0.5714285714285714,76,25,0.6904761904761905,1,0
1487722,2025-06-11,Rwanda,Tanzania,"Gahanga B Ground, Rwanda",0.4330708661417323,0.6136363636363636,1.0,0.6,0.7,0.7,0.07692307692307693,127,88,0.8,1,0
1487723,2025-06-11,Brazil,Cameroon,"Gahanga International Cricket Stadium, Rwanda",0.36666666666666664,0.15151515151515152,0.4,0.2,0.4,0.3,0.5,30,33,0.5,1,1
1487721,2025-06-11,Nigeria,Uganda,"Gahanga International Cricket Stadium, Rwanda",0.504950495049505,0.6932515337423313,0.6,1.0,0.5,0.7,0.07142857142857142,101,163,0.5333333333333333,1,1
1487653,2025-06-11,Netherlands,United States of America,"Sportpark Maarschalkerweerd, Utrecht",0.53125,0.5487804878048781,0.8,0.6,0.7,0.6,1.0,160,82,0.7857142857142857,1,1
1487658,2025-06-12,Austria,Gibraltar,"Scott Page Field, Vinor",0.5918367346938775,0.35294117647058826,0.8,0.4,0.8,0.4,0.5,49,51,0.7272727272727273,1,1
1487654,2025-06-12,Netherlands,United States of America,"Sportpark Maarschalkerweerd, Utrecht",0.5341614906832298,0.5421686746987951,0.8,0.4,0.8,0.5,1.0,161,83,0.8,1,1
1489582,2025-06-12,Bermuda,Cayman Islands,"Maple Leaf North-East Ground, King City",0.6842105263157895,0.4074074074074074,0.4,0.2,0.7,0.5,1.0,38,27,0.5,1,1
1489581,2025-06-12,Canada,Bahamas,"Maple Leaf North-East Ground, King City",0.5454545454545454,0.4,0.8,0.2,0.5,0.4,1.0,77,20,0.5,1,1
1488321,2025-06-12,Indonesia,Cambodia,Udayana Cricket Ground,0.5714285714285714,0.3076923076923077,0.6,0.4,0.5,0.2,0.5,77,26,0.6744186046511628,1,0
1488320,2025-06-12,Indonesia,Cambodia,Udayana Cricket Ground,0.5641025641025641,0.3333333333333333,0.6,0.6,0.4,0.3,0.4444444444444444,78,27,0.6590909090909091,1,0
1487728,2025-06-12,Sierra Leone,Brazil,"Gahanga B Ground, Rwanda",0.49122807017543857,0.3870967741935484,0.2,0.4,0.5,0.4,0.5,57,31,0.3333333333333333,1,0
1487726,2025-06-12,Uganda,Rwanda,"Gahanga B Ground, Rwanda",0.6890243902439024,0.4296875,0.8,0.8,0.6,0.7,1.0,164,128,1.0,1,0
1487725,2025-06-12,Tanzania,Cameroon,"Gahanga International Cricket Stadium, Rwanda",0.6179775280898876,0.14705882352941177,0.6,0.2,0.8,0.3,1.0,89,34,0.5454545454545454,1,1
1489585,2025-06-13,Canada,Cayman Islands,"Maple Leaf North-East Ground, King City",0.5512820512820513,0.39285714285714285,0.8,0.2,0.6,0.4,1.0,78,28,1.0,1,1
1489584,2025-06-13,Bermuda,Bahamas,"Maple Leaf North-East Ground, King City",0.6923076923076923,0.38095238095238093,0.6,0.0,0.7,0.3,1.0,39,21,1.0,1,1
1487661,2025-06-13,Czech Republic,Austria,"Scott Page Field, Vinor",0.35,0.6,0.0,0.8,0.0,0.8,0.16666666666666666,40,50,0.22727272727272727,1,0
1487729,2025-06-13,Tanzania,Rwanda,"Gahanga International Cricket Stadium, Rwanda",0.6222222222222222,0.43410852713178294,0.6,0.8,0.8,0.7,0.9285714285714286,90,129,0.5652173913043478,1,1
1487660,2025-06-13,Gibraltar,Czech Republic,"Scott Page Field, Vinor",0.34615384615384615,0.34146341463414637,0.4,0.0,0.3,0.0,0.6666666666666666,52,41,0.6,1,1
1488338,2025-06-13,Denmark,Finland,"Ishoj Cricket Club, Vejledalen",0.46511627906976744,0.43478260869565216,0.8,0.6,0.8,0.3,0.8,43,23,0.5,1,1
1487655,2025-06-13,Netherlands,United States of America,"Sportpark Maarschalkerweerd, Utrecht",0.5370370370370371,0.5357142857142857,1.0,0.4,0.8,0.4,1.0,162,84,0.8125,1,1
1488341,2025-06-14,Denmark,Norway,Koge Cricket Club,0.4772727272727273,0.45454545454545453,0.8,0.6,0.9,0.5,1.0,44,44,1.0,1,0
1488322,2025-06-14,Cambodia,Indonesia,Udayana Cricket Ground,0.35714285714285715,0.5569620253164557,0.8,0.4,0.4,0.4,0.6,28,79,0.5555555555555556,1,0
1488340,2025-06-14,Denmark,Sweden,Koge Cricket Club,0.4666666666666667,0.45454545454545453,0.8,0.4,0.8,0.5,0.2,45,33,0.75,1,1
1488342,2025-06-14,Sweden,Finland,"Ishoj Cricket Club, Vejledalen",0.4411764705882353,0.4166666666666667,0.2,0.4,0.4,0.3,0.4,34,24,0.5,1,1
1487731,2025-06-14,Uganda,Rwanda,"Gahanga B Ground, Rwanda",0.6848484848484848,0.4307692307692308,0.6,0.6,0.6,0.6,0.9583333333333334,165,130,0.8,1,1
1488339,2025-06-14,Finland,Norway,"Ishoj Cricket Club, Vejledalen",0.4,0.4666666666666667,0.4,0.8,0.3,0.5,0.0,25,45,0.0,1,1
1488344,2025-06-15,Finland,Norway,"Ishoj Cricket Club, Vejledalen",0.4230769230769231,0.45652173913043476,0.4,0.6,0.4,0.5,0.2,26,46,0.3333333333333333,1,1
1488343,2025-06-15,Sweden,Norway,"Ishoj Cricket Club, Vejledalen",0.45714285714285713,0.44680851063829785,0.4,0.4,0.5,0.5,0.5,35,47,1.0,1,0
1488324,2025-06-15,Indonesia,Cambodia,Udayana Cricket Ground,0.5625,0.3448275862068966,0.4,0.8,0.5,0.4,0.45454545454545453,80,29,0.6521739130434783,1,0
1488325,2025-06-15,Indonesia,Cambodia,Udayana Cricket Ground,0.5555555555555556,0.36666666666666664,0.2,0.8,0.4,0.5,0.4166666666666667,81,30,0.6382978723404256,1,0
1488326,2025-06-15,Canada,Bermuda,"Maple Leaf North-West Ground, King City",0.5569620253164557,0.7,0.8,0.6,0.7,0.7,0.6666666666666666,79,40,0.75,1,1
1488327,2025-06-15,Cayman Islands,Bahamas,"Maple Leaf North-West Ground, King City",0.3793103448275862,0.36363636363636365,0.2,0.0,0.3,0.2,1.0,29,22,0.5,1,1
1472516,2025-06-15,West Indies,Ireland,"Bready Cricket Club, Magheramason, Bready",0.45110410094637227,0.47161572052401746,0.0,0.8,0.3,0.6,0.7692307692307693,317,229,0.5,1,1
1485938,2025-06-15,Scotland,Netherlands,"Titwood, Glasgow",0.5255474452554745,0.5398773006134969,0.0,1.0,0.2,0.8,0.6086956521739131,137,163,0.5,1,1
1490239,2025-06-16,Cambodia,Indonesia,Udayana Cricket Ground,0.3870967741935484,0.5487804878048781,0.8,0.2,0.6,0.4,0.6153846153846154,31,82,0.5833333333333334,1,0
1489043,2025-06-16,Papua New Guinea,Vanuatu,"Amini Park, Port Moresby",0.5432098765432098,0.4791666666666667,0.0,0.6,0.3,0.4,0.8333333333333334,81,48,1.0,1,1
1488329,2025-06-16,Bahamas,Bermuda,"Maple Leaf North-West Ground, King City",0.34782608695652173,0.6829268292682927,0.0,0.6,0.2,0.6,0.0,23,41,0.0,1,0
1488328,2025-06-16,Canada,Cayman Islands,"Maple Leaf North-West Ground, King City",0.5625,0.4,0.8,0.4,0.8,0.3,1.0,80,30,0.8,1,1
1485940,2025-06-17,Scotland,Nepal,"Titwood, Glasgow",0.5289855072463768,0.5870967741935483,0.2,0.6,0.3,0.6,0.5,138,155,1.0,1,0
1489044,2025-06-17,Samoa,Papua New Guinea,"Amini Park, Port Moresby",0.3333333333333333,0.5487804878048781,0.6,0.2,0.6,0.3,0.0,21,82,0.5,1,0
1488331,2025-06-18,Bahamas,Canada,"Maple Leaf North-West Ground, King City",0.3333333333333333,0.5679012345679012,0.0,0.8,0.1,0.9,0.0,24,81,0.0,1,0
1485942,2025-06-18,Netherlands,Scotland,"Titwood, Glasgow",0.5365853658536586,0.5251798561151079,0.8,0.2,0.7,0.2,0.375,164,139,0.0,1,1
1488330,2025-06-18,Cayman Islands,Bermuda,"Maple Leaf North-West Ground, King City",0.3870967741935484,0.6904761904761905,0.2,0.6,0.2,0.6,0.0,31,42,0.5,1,0
1488332,2025-06-19,Bermuda,Bahamas,"Maple Leaf North-West Ground, King City",0.6976744186046512,0.32,0.8,0.0,0.6,0.1,1.0,43,25,0.6666666666666666,1,1
1488333,2025-06-19,Canada,Cayman Islands,"Maple Leaf North-West Ground, King City",0.573170731707317,0.375,1.0,0.2,0.9,0.2,1.0,82,32,0.8571428571428571,1,1
1485941,2025-06-19,Netherlands,Nepal,"Titwood, Glasgow",0.5393939393939394,0.5897435897435898,0.8,0.6,0.8,0.7,0.6923076923076923,165,156,0.5,1,0
1489045,2025-06-19,Vanuatu,Samoa,"Amini Park, Port Moresby",0.46938775510204084,0.3181818181818182,0.6,0.6,0.4,0.6,0.5,49,22,0.2857142857142857,1,1
1472537,2025-06-20,South Africa,West Indies,"Three Ws Oval, Cave Hill, Barbados",0.5189873417721519,0.4528301886792453,0.4,0.2,0.3,0.4,0.4878048780487805,316,318,0.5,1,1
1485943,2025-06-20,Scotland,Nepal,"Titwood, Glasgow",0.5214285714285715,0.5923566878980892,0.2,0.8,0.1,0.7,0.0,140,157,0.3333333333333333,1,1
1489046,2025-06-20,Papua New Guinea,Vanuatu,"Amini Park, Port Moresby",0.5542168674698795,0.48,0.4,0.6,0.3,0.4,0.8571428571428571,83,50,1.0,1,1
1487632,2025-06-21,Switzerland,Luxembourg,Pierre Werner Cricket Ground,0.6538461538461539,0.3333333333333333,0.4,0.0,0.7,0.2,0.5,26,36,0.5,1,1
1487631,2025-06-21,Switzerland,Luxembourg,Pierre Werner Cricket Ground,0.6666666666666666,0.32432432432432434,0.4,0.0,0.7,0.1,0.6666666666666666,27,37,1.0,1,1
1489047,2025-06-21,Papua New Guinea,Samoa,"Amini Park, Port Moresby",0.5595238095238095,0.30434782608695654,0.6,0.4,0.3,0.5,1.0,84,23,1.0,1,1
1486786,2025-06-21,Hungary,Slovenia,"GB Oval, Szodliget",0.4583333333333333,0.08333333333333333,0.6,0.0,0.6,0.1,0.5,24,12,1.0,1,1
1486787,2025-06-21,Hungary,Slovenia,"GB Oval, Szodliget",0.48,0.07692307692307693,0.8,0.0,0.6,0.1,1.0,25,13,1.0,1,1
1488335,2025-06-21,Bermuda,Cayman Islands,"Maple Leaf North-West Ground, King City",0.7045454545454546,0.36363636363636365,0.8,0.2,0.7,0.2,1.0,44,33,0.75,1,0
1488334,2025-06-21,Bahamas,Canada,"Maple Leaf North-West Ground, King City",0.3076923076923077,0.5783132530120482,0.0,1.0,0.0,0.9,0.0,26,83,0.0,1,0
1487633,2025-06-22,Switzerland,Luxembourg,Pierre Werner Cricket Ground,0.6785714285714286,0.3157894736842105,0.6,0.0,0.7,0.1,0.75,28,38,1.0,1,0
1486788,2025-06-22,Slovenia,Hungary,"GB Oval, Szodliget",0.07142857142857142,0.5,0.0,0.8,0.1,0.6,0.0,14,26,0.0,1,0
1488336,2025-06-22,Cayman Islands,Bahamas,"Maple Leaf North-West Ground, King City",0.38235294117647056,0.2962962962962963,0.4,0.0,0.3,0.0,1.0,34,27,0.4,1,1
1472538,2025-06-22,South Africa,West Indies,"Three Ws Oval, Cave Hill, Barbados",0.5205047318611987,0.45141065830721006,0.6,0.2,0.4,0.3,0.5,317,319,1.0,1,0
1472539,2025-06-23,South Africa,West Indies,"Three Ws Oval, Cave Hill, Barbados",0.5188679245283019,0.453125,0.6,0.4,0.4,0.3,0.4883720930232558,318,320,0.5,1,0
1490884,2025-06-26,Belgium,Malta,"Moara Vlasiei Cricket Ground, Ilfov County",0.5625,0.391304347826087,0.6,0.2,0.4,0.4,0.7777777777777778,32,69,0.5,1,1
1490882,2025-06-26,France,Malta,"Moara Vlasiei Cricket Ground, Ilfov County",0.391304347826087,0.38571428571428573,0.2,0.0,0.4,0.4,0.6666666666666666,46,70,0.5,1,0
1490885,2025-06-27,Hungary,Austria,"Moara Vlasiei Cricket Ground, Ilfov County",0.5185185185185185,0.6078431372549019,0.8,0.8,0.7,0.8,0.3333333333333333,27,51,0.5,1,0
1490886,2025-06-27,Belgium,France,"Moara Vlasiei Cricket Ground, Ilfov County",0.5757575757575758,0.3829787234042553,0.6,0.0,0.4,0.3,0.5,33,47,1.0,1,1
1490887,2025-06-27,Hungary,Romania,"Moara Vlasiei Cricket Ground, Ilfov County",0.5,0.627906976744186,0.8,0.8,0.6,0.8,0.3333333333333333,28,43,0.4,1,0
1490888,2025-06-28,Belgium,Austria,"Moara Vlasiei Cricket Ground, Ilfov County",0.5882352941176471,0.6153846153846154,0.8,1.0,0.5,0.8,0.5,34,52,1.0,1,0
1490889,2025-06-28,Malta,Romania,"Moara Vlasiei Cricket Ground, Ilfov County",0.39436619718309857,0.6363636363636364,0.2,0.8,0.4,0.8,0.4,71,44,0.3076923076923077,1,1
1448397,2025-06-28,India,England,"Trent Bridge, Nottingham",0.6395663956639567,0.6373937677053825,0.8,1.0,0.8,0.7,0.42592592592592593,369,353,0.0,1,1
1490890,2025-06-29,Hungary,France,"Moara Vlasiei Cricket Ground, Ilfov County",0.4827586206896552,0.375,0.6,0.0,0.6,0.3,0.5,29,48,0.3333333333333333,1,1
1448398,2025-07-01,India,England,"County Ground, Bristol",0.6405405405405405,0.635593220338983,0.8,0.8,0.8,0.7,0.43636363636363634,370,354,0.0,1,1
1490226,2025-07-03,Singapore,Indonesia,Singapore National Cricket Ground,0.2978723404255319,0.5542168674698795,0.4,0.4,0.3,0.5,0.0,94,83,0.16666666666666666,1,0
1448399,2025-07-04,England,India,"Kennington Oval, London",0.6338028169014085,0.6415094339622641,0.6,0.8,0.6,0.8,0.5535714285714286,355,371,1.0,1,1
1492880,2025-07-05,Malawi,Germany,"TCA Oval, Blantyre",0.3888888888888889,0.6,0.2,0.8,0.1,0.8,0.5,36,90,0.0,1,0
1490472,2025-07-05,Guernsey,Italy,"Sportpark Westvliet, Voorburg",0.5625,0.6666666666666666,0.6,1.0,0.6,1.0,0.0,32,48,0.5,1,0
1490471,2025-07-05,Jersey,Netherlands,"Sportpark Westvliet, Voorburg",0.6166666666666667,0.536144578313253,0.6,0.6,0.6,0.7,0.0,60,166,0.5,1,0
1490227,2025-07-05,Indonesia,Singapore,Singapore National Cricket Ground,0.5595238095238095,0.29473684210526313,0.6,0.4,0.5,0.2,1.0,84,95,1.0,1,1
1492881,2025-07-06,Bahrain,Germany,"TCA Oval, Blantyre",0.46808510638297873,0.6043956043956044,0.0,0.8,0.5,0.9,1.0,94,91,0.5,1,1
1490870,2025-07-06,Philippines,Indonesia,Udayana Cricket Ground,0.3142857142857143,0.5647058823529412,0.4,0.6,0.3,0.5,0.5,35,85,0.42857142857142855,1,1
1490855,2025-07-07,Bulgaria,Serbia,"Vassil Levski National Sports Academy, Sofia",0.2682926829268293,0.35294117647058826,0.0,1.0,0.0,0.5,0.45454545454545453,41,34,0.5,1,0
1490854,2025-07-07,Turkey,Greece,"Vassil Levski National Sports Academy, Sofia",0.06666666666666667,0.2,0.0,0.2,0.1,0.1,0.5,15,25,0.5,1,1
1490872,2025-07-07,Indonesia,Philippines,Udayana Cricket Ground,0.5581395348837209,0.3333333333333333,0.6,0.6,0.4,0.4,0.4444444444444444,86,36,0.62,1,1
1490856,2025-07-07,Turkey,Serbia,"Vassil Levski National Sports Academy, Sofia",0.125,0.37142857142857144,0.2,1.0,0.2,0.6,0.0,16,35,1.0,1,1
1490871,2025-07-07,South Korea,Philippines,Udayana Cricket Ground,0.0,0.32432432432432434,0.0,0.4,0.0,0.4,0.0,13,37,0.5,1,0
1492884,2025-07-07,Malawi,Bahrain,"TCA Oval, Blantyre",0.3783783783783784,0.47368421052631576,0.2,0.2,0.1,0.5,0.5,37,95,0.0,1,0
1492883,2025-07-07,Tanzania,Germany,"TCA Oval, Blantyre",0.6263736263736264,0.5978260869565217,0.8,0.6,0.8,0.8,0.5,91,92,0.5,1,0
1490873,2025-07-08,Indonesia,South Korea,Udayana Cricket Ground,0.5632183908045977,0.0,0.8,0.0,0.5,0.0,1.0,87,14,0.6274509803921569,1,1
1490859,2025-07-08,Turkey,Bulgaria,"Vassil Levski National Sports Academy, Sofia",0.17647058823529413,0.2619047619047619,0.4,0.0,0.3,0.0,0.0,17,42,1.0,1,1
1490475,2025-07-08,Jersey,Guernsey,"Sportpark Westvliet, Voorburg",0.6065573770491803,0.5454545454545454,0.4,0.4,0.5,0.6,0.7777777777777778,61,33,0.0,1,1
1490476,2025-07-08,Scotland,Netherlands,"Sportpark Westvliet, Voorburg",0.524822695035461,0.5389221556886228,0.4,0.6,0.2,0.8,0.6,141,167,0.5,1,1
1492879,2025-07-08,Bahrain,Tanzania,"TCA Oval, Blantyre",0.4791666666666667,0.6195652173913043,0.4,0.6,0.5,0.7,1.0,96,92,1.0,1,0
1490858,2025-07-08,Serbia,Greece,"Vassil Levski National Sports Academy, Sofia",0.3611111111111111,0.19230769230769232,0.8,0.0,0.6,0.1,0.0,36,26,0.5,1,0
1490857,2025-07-08,Greece,Bulgaria,"Vassil Levski National Sports Academy, Sofia",0.2222222222222222,0.2558139534883721,0.2,0.0,0.2,0.0,1.0,27,43,0.5,1,1
1490875,2025-07-09,South Korea,Indonesia,Udayana Cricket Ground,0.0,0.5681818181818182,0.0,0.8,0.0,0.6,0.0,15,88,0.0,1,0
1490477,2025-07-09,Italy,Scotland,"Sportpark Westvliet, Voorburg",0.673469387755102,0.528169014084507,1.0,0.6,1.0,0.3,0.0,49,142,1.0,1,1
1490478,2025-07-09,Netherlands,Guernsey,"Sportpark Westvliet, Voorburg",0.5357142857142857,0.5294117647058824,0.4,0.2,0.7,0.5,0.5,168,34,0.6,1,1
1490860,2025-07-09,Bulgaria,Serbia,"Vassil Levski National Sports Academy, Sofia",0.25,0.35135135135135137,0.0,0.6,0.0,0.6,0.4166666666666667,44,37,0.0,1,0
1490861,2025-07-09,Turkey,Greece,"Vassil Levski National Sports Academy, Sofia",0.2222222222222222,0.25,0.6,0.4,0.4,0.3,1.0,18,28,1.0,1,1
1448400,2025-07-09,England,India,"Old Trafford, Manchester",0.6348314606741573,0.6397849462365591,0.6,0.8,0.7,0.7,0.5614035087719298,356,372,1.0,1,0
1490874,2025-07-09,South Korea,Philippines,Udayana Cricket Ground,0.0,0.34210526315789475,0.0,0.6,0.0,0.4,0.0,16,38,0.0,1,1
1491605,2025-07-10,Turkey,Bulgaria,"Vassil Levski National Sports Academy, Sofia",0.2631578947368421,0.24444444444444444,0.8,0.0,0.5,0.0,0.5,19,45,1.0,1,0
1491604,2025-07-10,Bulgaria,Gibraltar,"Vassil Levski National Sports Academy, Sofia",0.2608695652173913,0.3584905660377358,0.2,0.4,0.1,0.3,0.5,46,53,0.2,1,0
1490876,2025-07-10,Indonesia,Philippines,Udayana Cricket Ground,0.5730337078651685,0.3333333333333333,0.8,0.4,0.7,0.4,0.5,89,39,0.6415094339622641,1,0
1492887,2025-07-10,Tanzania,Bahrain,"TCA Oval, Blantyre",0.6236559139784946,0.4742268041237113,0.8,0.4,0.7,0.4,0.5,93,97,0.5,1,0
1490877,2025-07-10,Philippines,South Korea,Udayana Cricket Ground,0.35,0.058823529411764705,0.6,0.2,0.5,0.1,0.75,40,17,0.5,1,1
1485508,2025-07-10,Bangladesh,Sri Lanka,Pallekele International Cricket Stadium,0.3874538745387454,0.429042904290429,0.0,0.4,0.2,0.5,0.32142857142857145,271,303,0.0,1,0
1492888,2025-07-10,Malawi,Germany,"TCA Oval, Blantyre",0.3684210526315789,0.6021505376344086,0.2,0.6,0.1,0.8,0.0,38,93,0.0,1,1
1491606,2025-07-11,Turkey,Gibraltar,"Vassil Levski National Sports Academy, Sofia",0.25,0.37037037037037035,0.8,0.4,0.4,0.4,0.5,20,54,0.8,1,0
1490480,2025-07-11,Italy,Netherlands,"Sportpark Westvliet, Voorburg",0.68,0.5384615384615384,1.0,0.6,1.0,0.7,0.0,50,169,1.0,1,0
1491607,2025-07-11,Gibraltar,Bulgaria,"Vassil Levski National Sports Academy, Sofia",0.38181818181818183,0.2553191489361702,0.6,0.2,0.5,0.1,0.6,55,47,1.0,1,0
1490479,2025-07-11,Scotland,Jersey,"Sportpark Westvliet, Voorburg",0.5244755244755245,0.6129032258064516,0.4,0.6,0.3,0.5,1.0,143,62,0.5,1,0
1491609,2025-07-12,Turkey,Gibraltar,"Vassil Levski National Sports Academy, Sofia",0.23809523809523808,0.375,0.6,0.6,0.4,0.5,0.0,21,56,0.6666666666666666,1,0
1491608,2025-07-12,Turkey,Bulgaria,"Vassil Levski National Sports Academy, Sofia",0.22727272727272727,0.2708333333333333,0.4,0.4,0.4,0.2,0.3333333333333333,22,48,0.5714285714285714,1,1
1492889,2025-07-12,Malawi,Bahrain,"TCA Oval, Blantyre",0.38461538461538464,0.47959183673469385,0.2,0.6,0.2,0.4,0.0,39,98,0.16666666666666666,1,0
1490879,2025-07-12,Philippines,South Korea,Udayana Cricket Ground,0.36585365853658536,0.05555555555555555,0.6,0.2,0.6,0.1,0.8,41,18,0.5384615384615384,1,1
1490878,2025-07-12,Indonesia,South Korea,Udayana Cricket Ground,0.5666666666666667,0.05263157894736842,0.6,0.2,0.6,0.1,1.0,90,19,0.6296296296296297,1,0
1492890,2025-07-12,Germany,Tanzania,"TCA Oval, Blantyre",0.5957446808510638,0.6170212765957447,0.6,0.6,0.7,0.6,1.0,94,94,0.5,1,0
1448401,2025-07-12,India,England,"Edgbaston, Birmingham",0.6407506702412868,0.6330532212885154,0.8,0.4,0.8,0.7,0.4482758620689655,373,357,0.6666666666666666,1,0
1490881,2025-07-13,South Korea,Indonesia,Udayana Cricket Ground,0.1,0.5604395604395604,0.4,0.6,0.2,0.6,0.14285714285714285,20,91,0.2857142857142857,1,0
1490880,2025-07-13,Indonesia,Philippines,Udayana Cricket Ground,0.5652173913043478,0.38095238095238093,0.6,0.8,0.7,0.6,0.45454545454545453,92,42,0.625,1,0
1491610,2025-07-13,Gibraltar,Bulgaria,"Vassil Levski National Sports Academy, Sofia",0.38596491228070173,0.2653061224489796,0.8,0.4,0.6,0.2,0.5,57,49,0.75,1,0
1492892,2025-07-13,Bahrain,Tanzania,"TCA Oval, Blantyre",0.48484848484848486,0.6210526315789474,0.8,0.6,0.4,0.6,0.6666666666666666,99,95,0.8,1,0
1485509,2025-07-13,Bangladesh,Sri Lanka,Rangiri Dambulla International Stadium,0.3860294117647059,0.4309210526315789,0.0,0.6,0.1,0.6,0.3103448275862069,272,304,0.5,1,1
1492891,2025-07-13,Germany,Malawi,"TCA Oval, Blantyre",0.5894736842105263,0.375,0.4,0.2,0.6,0.2,0.5,95,40,0.4,1,1
1478865,2025-07-14,Zimbabwe,South Africa,Harare Sports Club,0.4696969696969697,0.5172413793103449,0.8,0.6,0.7,0.3,0.0,198,319,0.2857142857142857,1,0
1478866,2025-07-16,New Zealand,South Africa,Harare Sports Club,0.5443425076452599,0.51875,0.4,0.6,0.5,0.4,0.4827586206896552,327,320,1.0,1,1
1485510,2025-07-16,Sri Lanka,Bangladesh,"R Premadasa Stadium, Colombo",0.42950819672131146,0.3882783882783883,0.6,0.2,0.5,0.2,0.6666666666666666,305,273,0.36363636363636365,1,0
1494115,2025-07-17,Kenya,Nigeria,Entebbe Cricket Oval,0.5483870967741935,0.5098039215686274,0.4,0.8,0.6,0.6,0.75,124,102,0.5,1,1
1495453,2025-07-18,Rwanda,Bahrain,"Gahanga International Cricket Stadium, Rwanda",0.42748091603053434,0.48,0.4,0.6,0.6,0.4,0.5,131,100,0.24324324324324326,1,0
1494116,2025-07-18,Uganda,Nigeria,Entebbe Cricket Oval,0.6867469879518072,0.5048543689320388,0.6,0.6,0.7,0.6,0.8666666666666667,166,103,0.7647058823529411,1,1
1494090,2025-07-18,Hong Kong,Malaysia,Singapore National Cricket Ground,0.5,0.5,0.8,0.6,0.6,0.6,0.5263157894736842,168,152,0.5,1,0
1478867,2025-07-18,Zimbabwe,New Zealand,Harare Sports Club,0.46733668341708545,0.5457317073170732,0.6,0.6,0.6,0.6,0.0,199,328,0.28,1,0
1494091,2025-07-18,Singapore,Samoa,Singapore National Cricket Ground,0.2916666666666667,0.2916666666666667,0.4,0.4,0.2,0.5,0.5,96,24,0.14285714285714285,1,1
1494092,2025-07-19,Singapore,Malaysia,Singapore National Cricket Ground,0.29896907216494845,0.5032679738562091,0.4,0.6,0.3,0.7,0.17647058823529413,97,153,0.2,1,0
1494093,2025-07-19,Hong Kong,Samoa,Singapore National Cricket Ground,0.4970414201183432,0.28,0.6,0.2,0.6,0.4,0.5,169,25,0.0,1,1
1494108,2025-07-19,Uganda,United Arab Emirates,Entebbe Cricket Oval,0.688622754491018,0.6054054054054054,0.6,0.4,0.8,0.6,0.0,167,185,0.7777777777777778,1,1
1494766,2025-07-19,Qatar,Saudi Arabia,"West End Park International Cricket Stadium, Doha",0.4057971014492754,0.5,0.0,0.6,0.1,0.7,0.75,69,50,0.5789473684210527,1,0
1495455,2025-07-19,Malawi,Rwanda,"Gahanga International Cricket Stadium, Rwanda",0.36585365853658536,0.42424242424242425,0.2,0.2,0.2,0.6,0.2857142857142857,41,132,0.25,1,0
1494579,2025-07-19,Switzerland,Estonia,Kerava National Cricket Ground,0.6551724137931034,0.35294117647058826,0.6,0.6,0.6,0.7,1.0,29,34,0.5,1,1
1494578,2025-07-19,Finland,Switzerland,Kerava National Cricket Ground,0.4444444444444444,0.6666666666666666,0.4,0.6,0.5,0.6,0.5,27,30,0.4,1,0
1495454,2025-07-19,Malawi,Bahrain,"Gahanga International Cricket Stadium, Rwanda",0.35714285714285715,0.48514851485148514,0.2,0.6,0.2,0.5,0.0,42,101,0.2,1,0
1494577,2025-07-19,Estonia,Finland,Kerava National Cricket Ground,0.34285714285714286,0.42857142857142855,0.4,0.4,0.6,0.5,1.0,35,28,0.0,1,0
1494126,2025-07-20,Malawi,Cameroon,"Botswana Cricket Association Oval 1, Gaborone",0.3488372093023256,0.14285714285714285,0.2,0.2,0.2,0.2,1.0,43,35,0.0,1,1
1476987,2025-07-20,Zimbabwe,Ireland,"Pembroke Cricket Club, Sandymount, Dublin",0.465,0.46956521739130436,0.4,0.6,0.5,0.6,0.34782608695652173,200,230,0.5,1,0
1472520,2025-07-20,West Indies,Australia,"Sabina Park, Kingston, Jamaica",0.45482866043613707,0.6656626506024096,0.6,1.0,0.3,0.9,0.38235294117647056,321,332,0.6666666666666666,1,0
1495456,2025-07-20,Malawi,Bahrain,"Gahanga International Cricket Stadium, Rwanda",0.36363636363636365,0.49019607843137253,0.2,0.8,0.2,0.6,0.0,44,102,0.16666666666666666,1,0
1494127,2025-07-20,Sierra Leone,Mozambique,"Botswana Cricket Association Oval 2, Gaborone",0.4827586206896552,0.36363636363636365,0.2,0.6,0.4,0.6,1.0,58,44,0.7142857142857143,1,1
1495457,2025-07-20,Rwanda,Bahrain,"Gahanga International Cricket Stadium, Rwanda",0.42857142857142855,0.49514563106796117,0.4,0.8,0.6,0.7,0.0,133,103,0.2564102564102564,1,0
1494125,2025-07-20,Botswana,Eswatini,"Botswana Cricket Association Oval 2, Gaborone",0.3563218390804598,0.12,0.4,0.0,0.4,0.1,1.0,87,25,1.0,1,1
1494124,2025-07-20,Lesotho,Rwanda,"Botswana Cricket Association Oval 1, Gaborone",0.08333333333333333,0.4253731343283582,0.2,0.2,0.1,0.5,0.0,24,134,0.0,1,0
1494580,2025-07-20,Estonia,Finland,Kerava National Cricket Ground,0.3333333333333333,0.4482758620689655,0.4,0.6,0.5,0.5,0.5,36,29,0.0,1,1
1494581,2025-07-20,Finland,Switzerland,Kerava National Cricket Ground,0.43333333333333335,0.6774193548387096,0.6,0.8,0.5,0.6,0.0,30,31,0.38461538461538464,1,0
1478868,2025-07-20,Zimbabwe,South Africa,Harare Sports Club,0.4626865671641791,0.5171339563862928,0.2,0.4,0.4,0.4,0.0,201,321,0.27450980392156865,1,0
1494094,2025-07-20,Hong Kong,Singapore,Singapore National Cricket Ground,0.5,0.29591836734693877,0.6,0.4,0.6,0.3,0.75,170,98,0.5,1,1
1494095,2025-07-20,Samoa,Malaysia,Singapore National Cricket Ground,0.2692307692307692,0.5064935064935064,0.0,0.8,0.3,0.8,0.5,26,154,0.0,1,0
1491903,2025-07-20,Pakistan,Bangladesh,"Shere Bangla National Stadium, Mirpur",0.5148247978436657,0.3905109489051095,0.6,0.4,0.4,0.3,0.7878787878787878,371,274,1.0,1,0
1494131,2025-07-21,Cameroon,Lesotho,"Botswana Cricket Association Oval 2, Gaborone",0.1388888888888889,0.08,0.0,0.2,0.2,0.1,1.0,36,25,0.3333333333333333,1,1
1494767,2025-07-21,Saudi Arabia,Qatar,"West End Park International Cricket Stadium, Doha",0.5098039215686274,0.4,0.8,0.0,0.8,0.1,0.4,51,70,0.45454545454545453,1,0
1494130,2025-07-21,Sierra Leone,Eswatini,"Botswana Cricket Association Oval 1, Gaborone",0.4915254237288136,0.11538461538461539,0.4,0.0,0.4,0.1,1.0,59,26,0.875,1,1
1494129,2025-07-21,Rwanda,Malawi,"Botswana Cricket Association Oval 2, Gaborone",0.42962962962962964,0.35555555555555557,0.4,0.2,0.5,0.2,0.75,135,45,0.5,1,1
1494128,2025-07-21,Mozambique,Botswana,"Botswana Cricket Association Oval 1, Gaborone",0.35555555555555557,0.36363636363636365,0.4,0.6,0.5,0.5,0.0,45,88,0.3076923076923077,1,0
1494118,2025-07-21,Nigeria,United Arab Emirates,Entebbe Cricket Oval,0.5,0.6021505376344086,0.6,0.4,0.5,0.5,0.0,104,186,0.18181818181818182,1,0
1494103,2025-07-21,Uganda,Kenya,Entebbe Cricket Oval,0.6904761904761905,0.552,0.6,0.6,0.8,0.6,0.7222222222222222,168,125,0.7894736842105263,1,1
1495458,2025-07-22,Malawi,Rwanda,"Gahanga International Cricket Stadium, Rwanda",0.34782608695652173,0.4338235294117647,0.2,0.6,0.2,0.5,0.2222222222222222,46,136,0.14285714285714285,1,0
1478869,2025-07-22,South Africa,New Zealand,Harare Sports Club,0.5186335403726708,0.547112462006079,0.4,0.6,0.5,0.6,0.5,322,329,0.6666666666666666,1,0
1494768,2025-07-22,Qatar,Saudi Arabia,"West End Park International Cricket Stadium, Doha",0.4084507042253521,0.5,0.2,0.6,0.2,0.7,0.6666666666666666,71,52,0.5714285714285714,1,1
1476988,2025-07-22,Ireland,Zimbabwe,"Pembroke Cricket Club, Sandymount, Dublin",0.47186147186147187,0.4603960396039604,0.6,0.0,0.6,0.4,0.6666666666666666,231,202,0.5,1,1
1494096,2025-07-22,Hong Kong,Malaysia,Singapore National Cricket Ground,0.5029239766081871,0.5096774193548387,0.6,0.8,0.6,0.8,0.5,171,155,0.6666666666666666,1,0
1495459,2025-07-22,Bahrain,Rwanda,"Gahanga International Cricket Stadium, Rwanda",0.5,0.43795620437956206,0.8,0.8,0.8,0.5,1.0,104,137,1.0,1,1
1494097,2025-07-22,Samoa,Singapore,Singapore National Cricket Ground,0.25925925925925924,0.29292929292929293,0.0,0.2,0.3,0.3,0.0,27,99,0.0,1,0
1491904,2025-07-22,Bangladesh,Pakistan,"Shere Bangla National Stadium, Mirpur",0.3927272727272727,0.5134408602150538,0.6,0.6,0.4,0.4,0.23529411764705882,275,372,0.5333333333333333,1,1
1472521,2025-07-22,West Indies,Australia,"Sabina Park, Kingston, Jamaica",0.453416149068323,0.6666666666666666,0.6,1.0,0.3,1.0,0.37142857142857144,322,333,0.5714285714285714,1,0
1494583,2025-07-22,Uganda,Nigeria,Entebbe Cricket Oval,0.6923076923076923,0.49523809523809526,0.8,0.4,0.8,0.4,0.875,169,105,0.8,1,1
1494135,2025-07-23,Cameroon,Rwanda,"Botswana Cricket Association Oval 2, Gaborone",0.16216216216216217,0.43478260869565216,0.2,0.6,0.3,0.5,0.0,37,138,0.5,1,0
1494133,2025-07-23,Mozambique,Eswatini,"Botswana Cricket Association Oval 2, Gaborone",0.34782608695652173,0.1111111111111111,0.4,0.0,0.4,0.0,1.0,46,27,0.375,1,1
1494132,2025-07-23,Malawi,Lesotho,"Botswana Cricket Association Oval 1, Gaborone",0.3404255319148936,0.07692307692307693,0.2,0.2,0.2,0.1,1.0,47,26,0.3333333333333333,1,1
1476989,2025-07-23,Ireland,Zimbabwe,"Pembroke Cricket Club, Sandymount, Dublin",0.47413793103448276,0.458128078817734,0.6,0.0,0.7,0.4,0.68,232,203,0.5714285714285714,1,1
1494110,2025-07-23,Kenya,United Arab Emirates,Entebbe Cricket Oval,0.5476190476190477,0.6042780748663101,0.4,0.6,0.5,0.5,0.5,126,187,0.5,1,0
1495460,2025-07-23,Rwanda,Malawi,"Gahanga International Cricket Stadium, Rwanda",0.43884892086330934,0.3541666666666667,0.8,0.4,0.5,0.3,0.8,139,48,0.2619047619047619,1,0
1494099,2025-07-23,Malaysia,Singapore,Singapore National Cricket Ground,0.5128205128205128,0.3,1.0,0.4,0.8,0.4,0.8333333333333334,156,100,1.0,1,1
1494098,2025-07-23,Samoa,Hong Kong,Singapore National Cricket Ground,0.25,0.5,0.0,0.4,0.2,0.6,0.0,28,172,0.0,1,0
1494134,2025-07-23,Botswana,Sierra Leone,"Botswana Cricket Association Oval 1, Gaborone",0.3707865168539326,0.5,0.6,0.6,0.6,0.4,0.42857142857142855,89,60,0.5,1,0
1495461,2025-07-23,Bahrain,Malawi,"Gahanga International Cricket Stadium, Rwanda",0.5047619047619047,0.3673469387755102,1.0,0.4,0.8,0.3,1.0,105,49,1.0,1,1
1494138,2025-07-24,Lesotho,Mozambique,"Botswana Cricket Association Oval 2, Gaborone",0.07407407407407407,0.3617021276595745,0.2,0.4,0.1,0.4,0.0,27,47,0.0,1,0
1494139,2025-07-24,Malawi,Sierra Leone,"Botswana Cricket Association Oval 1, Gaborone",0.36,0.5081967213114754,0.4,0.6,0.3,0.4,0.0,50,61,0.5,1,0
1494101,2025-07-24,Hong Kong,Singapore,Singapore National Cricket Ground,0.5028901734104047,0.297029702970297,0.6,0.4,0.7,0.4,0.8,173,101,0.6,1,1
1494100,2025-07-24,Samoa,Malaysia,Singapore National Cricket Ground,0.2413793103448276,0.5159235668789809,0.0,1.0,0.2,0.8,0.0,29,157,0.0,1,0
1478870,2025-07-24,New Zealand,Zimbabwe,Harare Sports Club,0.5484848484848485,0.45588235294117646,0.8,0.0,0.6,0.3,1.0,330,204,1.0,1,1
1494137,2025-07-24,Rwanda,Botswana,"Botswana Cricket Association Oval 1, Gaborone",0.4357142857142857,0.36666666666666664,0.6,0.4,0.5,0.6,0.9090909090909091,140,90,0.8888888888888888,1,1
1491905,2025-07-24,Pakistan,Bangladesh,"Shere Bangla National Stadium, Mirpur",0.5120643431635389,0.39492753623188404,0.6,0.8,0.4,0.4,0.7428571428571429,373,276,0.6,1,1
1494136,2025-07-24,Cameroon,Eswatini,"Botswana Cricket Association Oval 2, Gaborone",0.15789473684210525,0.10714285714285714,0.2,0.0,0.2,0.0,1.0,38,28,0.4,1,1
1494114,2025-07-25,Kenya,Uganda,Entebbe Cricket Oval,0.5433070866141733,0.6941176470588235,0.4,1.0,0.4,0.8,0.2631578947368421,127,170,0.45454545454545453,1,0
1472522,2025-07-25,West Indies,Australia,"Warner Park, Basseterre, St Kitts",0.4520123839009288,0.6676646706586826,0.4,1.0,0.3,1.0,0.3611111111111111,323,334,0.8,1,0
1495463,2025-07-25,Malawi,Bahrain,"Gahanga International Cricket Stadium, Rwanda",0.35294117647058826,0.5094339622641509,0.4,1.0,0.3,0.8,0.0,51,106,0.2,1,0
1495656,2025-07-25,Hungary,Luxembourg,"GB Oval, Szodliget",0.5,0.3333333333333333,0.6,0.2,0.7,0.2,0.0,30,39,1.0,1,1
1495654,2025-07-25,Romania,Austria,"GB Oval, Szodliget",0.6222222222222222,0.6226415094339622,0.6,1.0,0.7,0.8,1.0,45,53,0.5,1,0
1495655,2025-07-25,Hungary,Romania,"GB Oval, Szodliget",0.5161290322580645,0.6086956521739131,0.6,0.4,0.7,0.6,0.25,31,46,1.0,1,0
1495462,2025-07-25,Bahrain,Rwanda,"Gahanga International Cricket Stadium, Rwanda",0.514018691588785,0.4397163120567376,1.0,0.6,0.9,0.6,1.0,107,141,1.0,1,1
1478871,2025-07-26,New Zealand,South Africa,Harare Sports Club,0.5498489425981873,0.5170278637770898,1.0,0.4,0.6,0.5,0.5161290322580645,331,323,1.0,1,1
1494142,2025-07-26,Mozambique,Cameroon,"Botswana Cricket Association Oval 2, Gaborone",0.375,0.1794871794871795,0.6,0.4,0.5,0.3,0.6666666666666666,48,39,0.5,1,0
1494143,2025-07-26,Rwanda,Sierra Leone,"Botswana Cricket Association Oval 1, Gaborone",0.43661971830985913,0.5161290322580645,0.4,0.8,0.6,0.5,0.75,142,62,0.9,1,1
1495657,2025-07-26,Romania,Luxembourg,"GB Oval, Szodliget",0.6170212765957447,0.325,0.4,0.2,0.7,0.1,0.6666666666666666,47,40,0.5,1,1
1472523,2025-07-26,West Indies,Australia,"Warner Park, Basseterre, St Kitts",0.4506172839506173,0.6686567164179105,0.4,1.0,0.3,1.0,0.35135135135135137,324,335,0.6666666666666666,1,0
1494113,2025-07-26,United Arab Emirates,Nigeria,Entebbe Cricket Oval,0.6063829787234043,0.49056603773584906,0.8,0.2,0.6,0.4,1.0,188,106,0.6666666666666666,1,1
1494102,2025-07-26,Hong Kong,Malaysia,Singapore National Cricket Ground,0.5057471264367817,0.5189873417721519,0.8,1.0,0.7,0.8,0.47619047619047616,174,158,0.6666666666666666,1,0
1495464,2025-07-26,Rwanda,Malawi,"Gahanga International Cricket Stadium, Rwanda",0.4405594405594406,0.34615384615384615,0.6,0.4,0.6,0.3,0.7272727272727273,143,52,0.25,1,0
1494771,2025-07-26,Finland,Estonia,Estonian National Cricket and Rugby Field,0.41935483870967744,0.35135135135135137,0.4,0.6,0.4,0.6,0.3333333333333333,31,37,0.5,1,0
1494140,2025-07-26,Botswana,Malawi,"Botswana Cricket Association Oval 1, Gaborone",0.3626373626373626,0.3584905660377358,0.4,0.4,0.5,0.4,1.0,91,53,0.45,1,1
1494141,2025-07-26,Lesotho,Eswatini,"Botswana Cricket Association Oval 2, Gaborone",0.07142857142857142,0.10344827586206896,0.0,0.0,0.1,0.0,0.5,28,29,0.0,1,1
1495659,2025-07-26,Austria,Luxembourg,"GB Oval, Szodliget",0.6296296296296297,0.3170731707317073,1.0,0.2,0.9,0.1,0.8,54,41,1.0,1,1
1495658,2025-07-26,Hungary,Austria,"GB Oval, Szodliget",0.5,0.6363636363636364,0.4,1.0,0.6,0.9,0.25,32,55,0.8571428571428571,1,0
1494584,2025-07-27,Nigeria,Kenya,Entebbe Cricket Oval,0.48598130841121495,0.5390625,0.0,0.4,0.4,0.3,0.23076923076923078,107,128,0.14285714285714285,1,0
1495660,2025-07-27,Hungary,Luxembourg,"GB Oval, Szodliget",0.48484848484848486,0.30952380952380953,0.4,0.2,0.6,0.1,0.5,33,42,0.75,1,1
1494772,2025-07-27,Estonia,Finland,Estonian National Cricket and Rugby Field,0.3684210526315789,0.40625,0.6,0.2,0.6,0.3,0.75,38,32,1.0,1,0
1495465,2025-07-27,Bahrain,Malawi,"Gahanga International Cricket Stadium, Rwanda",0.5185185185185185,0.35185185185185186,1.0,0.2,0.9,0.3,1.0,108,54,1.0,1,1
1494111,2025-07-27,Uganda,United Arab Emirates,Entebbe Cricket Oval,0.695906432748538,0.6084656084656085,1.0,0.8,0.8,0.6,0.5,171,189,0.8181818181818182,1,1
1472524,2025-07-28,West Indies,Australia,"Warner Park, Basseterre, St Kitts",0.4492307692307692,0.6696428571428571,0.2,1.0,0.3,1.0,0.34210526315789475,325,336,0.5714285714285714,1,0
1472525,2025-07-31,Pakistan,West Indies,"Central Broward Regional Park Stadium Turf Ground, Lauderhill",0.5133689839572193,0.44785276073619634,0.6,0.0,0.5,0.3,0.5625,374,326,1.0,1,1
1494773,2025-08-02,Switzerland,Estonia,Estonian National Cricket and Rugby Field,0.6875,0.358974358974359,0.8,0.4,0.6,0.5,1.0,32,39,0.5,1,1
1472526,2025-08-02,Pakistan,West Indies,"Central Broward Regional Park Stadium Turf Ground, Lauderhill",0.5146666666666667,0.44648318042813456,0.6,0.0,0.6,0.3,0.5757575757575758,375,327,1.0,1,0
1494774,2025-08-03,Switzerland,Estonia,Estonian National Cricket and Rugby Field,0.696969696969697,0.35,0.8,0.4,0.7,0.4,1.0,33,40,1.0,1,1
1472527,2025-08-03,Pakistan,West Indies,"Central Broward Regional Park Stadium Turf Ground, Lauderhill",0.5132978723404256,0.4481707317073171,0.4,0.2,0.5,0.3,0.5588235294117647,376,328,0.6666666666666666,1,1
1494775,2025-08-03,Switzerland,Estonia,Estonian National Cricket and Rugby Field,0.7058823529411765,0.34146341463414637,1.0,0.4,0.8,0.4,1.0,34,41,1.0,1,1
1476992,2025-08-06,Ireland,Pakistan,"Clontarf Cricket Club Ground, Dublin",0.47639484978540775,0.5145888594164456,0.6,0.6,0.7,0.6,0.26666666666666666,233,377,0.5,1,1
1496828,2025-08-07,Cyprus,Croatia,"Mladost Cricket Ground, Zagreb",0.6129032258064516,0.28,1.0,0.0,0.8,0.1,0.5,31,25,0.5,1,1
1496829,2025-08-07,Croatia,Cyprus,"Mladost Cricket Ground, Zagreb",0.2692307692307692,0.625,0.0,1.0,0.0,0.9,0.0,26,32,0.0,1,0
1496821,2025-08-08,Sweden,Austria,"Botkyrka Cricket Center, Stockholm",0.4444444444444444,0.6428571428571429,0.4,1.0,0.5,0.9,0.0,36,56,0.5,1,0
1476993,2025-08-08,Pakistan,Ireland,"Clontarf Cricket Club Ground, Dublin",0.5132275132275133,0.47863247863247865,0.6,0.8,0.6,0.8,0.6875,378,234,0.0,1,0
1496831,2025-08-08,Cyprus,Croatia,"Mladost Cricket Ground, Zagreb",0.6363636363636364,0.25925925925925924,1.0,0.0,1.0,0.0,1.0,33,27,1.0,1,1
1496830,2025-08-08,Croatia,Cyprus,"Mladost Cricket Ground, Zagreb",0.25,0.6470588235294118,0.0,1.0,0.0,1.0,0.0,28,34,0.0,1,0
1496822,2025-08-08,Norway,France,"Botkyrka Cricket Center, Stockholm",0.4583333333333333,0.3673469387755102,0.4,0.0,0.5,0.2,0.3333333333333333,48,49,0.5,1,1
1496824,2025-08-09,France,Austria,"Botkyrka Cricket Center, Stockholm",0.36,0.6491228070175439,0.0,1.0,0.2,1.0,0.0,50,57,0.0,1,0
1496823,2025-08-09,Norway,Sweden,"Botkyrka Cricket Center, Stockholm",0.46938775510204084,0.43243243243243246,0.6,0.4,0.6,0.4,0.6666666666666666,49,37,1.0,1,1
1476994,2025-08-10,Ireland,Pakistan,"Clontarf Cricket Club Ground, Dublin",0.4808510638297872,0.5118733509234829,1.0,0.4,0.8,0.5,0.35294117647058826,235,379,1.0,1,0
1496825,2025-08-10,Sweden,France,"Botkyrka Cricket Center, Stockholm",0.42105263157894735,0.35294117647058826,0.2,0.0,0.3,0.1,0.0,38,51,0.0,1,0
1496826,2025-08-10,Norway,Austria,"Botkyrka Cricket Center, Stockholm",0.48,0.6551724137931034,0.6,1.0,0.7,1.0,0.3333333333333333,50,58,1.0,1,0
1478898,2025-08-10,Australia,South Africa,"Marrara Stadium, Darwin",0.6706231454005934,0.5154320987654321,1.0,0.4,1.0,0.5,0.696969696969697,337,324,0.5,1,1
1478899,2025-08-12,South Africa,Australia,"Marrara Stadium, Darwin",0.5138461538461538,0.6715976331360947,0.2,1.0,0.4,1.0,0.29411764705882354,325,338,0.0,1,1
1498203,2025-08-13,Singapore,Cambodia,Singapore National Cricket Ground,0.29411764705882354,0.375,0.2,0.6,0.3,0.6,0.8,102,32,0.2,1,1
1498204,2025-08-14,Singapore,Cambodia,Singapore National Cricket Ground,0.30097087378640774,0.36363636363636365,0.4,0.4,0.4,0.6,0.8333333333333334,103,33,0.23809523809523808,1,1
1498689,2025-08-14,Guernsey,Papua New Guinea,"King George V Sports Ground, Castel",0.5142857142857142,0.5647058823529412,0.0,0.8,0.4,0.4,0.5,35,85,0.6,1,0
1498205,2025-08-16,Singapore,Cambodia,Singapore National Cricket Ground,0.3076923076923077,0.35294117647058826,0.6,0.4,0.4,0.6,0.8571428571428571,104,34,0.2727272727272727,1,1
1478900,2025-08-16,South Africa,Australia,"Cazaly's Stadium, Cairns",0.5153374233128835,0.6696165191740413,0.4,0.8,0.4,0.9,0.3142857142857143,326,339,0.5,1,0
1498191,2025-08-17,Sweden,Hungary,"Stubberudmyra Cricket Ground, Oslo",0.41025641025641024,0.5,0.2,0.6,0.2,0.6,0.5,39,34,0.5,1,1
1496827,2025-08-17,Sweden,Norway,"Stubberudmyra Cricket Ground, Oslo",0.425,0.47058823529411764,0.2,0.6,0.3,0.6,0.25,40,51,1.0,1,0
1498192,2025-08-17,Norway,Hungary,"Stubberudmyra Cricket Ground, Oslo",0.4807692307692308,0.4857142857142857,0.8,0.4,0.6,0.5,0.5,52,35,1.0,1,1
1498207,2025-08-20,Germany,Ireland,"Hazelaarweg, Rotterdam",0.59375,0.4788135593220339,0.4,0.8,0.6,0.7,0.0,96,236,0.5,1,0
1498206,2025-08-20,Netherlands,Italy,"Hazelaarweg, Rotterdam",0.5411764705882353,0.6666666666666666,0.6,0.8,0.7,0.9,1.0,170,51,0.5,1,1
1499012,2025-08-21,Romania,Czech Republic,"Moara Vlasiei Cricket Ground, Ilfov County",0.625,0.3333333333333333,0.6,0.0,0.7,0.0,1.0,48,42,0.6470588235294118,1,1
1498209,2025-08-21,Germany,Italy,"Hazelaarweg, Rotterdam",0.5876288659793815,0.6538461538461539,0.4,0.6,0.5,0.8,0.25,97,52,0.0,1,0
1498208,2025-08-21,Netherlands,Ireland,"Hazelaarweg, Rotterdam",0.543859649122807,0.4810126582278481,0.8,0.8,0.7,0.7,0.3333333333333333,171,237,1.0,1,0
1499011,2025-08-21,Czech Republic,Romania,"Moara Vlasiei Cricket Ground, Ilfov County",0.32558139534883723,0.6326530612244898,0.0,0.6,0.0,0.7,0.0,43,49,0.0,1,1
1499014,2025-08-22,Romania,Czech Republic,"Moara Vlasiei Cricket Ground, Ilfov County",0.62,0.3409090909090909,0.6,0.2,0.6,0.1,0.75,50,44,0.631578947368421,1,0
1499013,2025-08-22,Romania,Czech Republic,"Moara Vlasiei Cricket Ground, Ilfov County",0.6078431372549019,0.35555555555555557,0.6,0.4,0.5,0.2,0.6,51,45,0.6,1,1
1498697,2025-08-23,Austria,Belgium,"Velden Cricket Ground, Latschach",0.6610169491525424,0.5714285714285714,1.0,0.6,1.0,0.5,1.0,59,35,0.8,1,1
1498210,2025-08-23,Ireland,Italy,"Hazelaarweg, Rotterdam",0.4831932773109244,0.660377358490566,0.8,0.6,0.7,0.8,1.0,238,53,1.0,1,1
1498211,2025-08-23,Netherlands,Germany,"Hazelaarweg, Rotterdam",0.5406976744186046,0.5816326530612245,0.6,0.2,0.6,0.4,1.0,172,98,0.5,1,1
1498696,2025-08-23,Belgium,Austria,"Velden Cricket Ground, Latschach",0.5555555555555556,0.6666666666666666,0.6,1.0,0.5,1.0,0.0,36,60,0.0,1,0
1498212,2025-08-24,Ireland,Germany,"Hazelaarweg, Rotterdam",0.48535564853556484,0.5757575757575758,0.8,0.2,0.8,0.4,1.0,239,99,1.0,1,1
1498698,2025-08-24,Belgium,Austria,"Velden Cricket Ground, Latschach",0.5405405405405406,0.6721311475409836,0.4,1.0,0.5,1.0,0.0,37,61,0.0,1,0
1498699,2025-08-24,Belgium,Austria,"Velden Cricket Ground, Latschach",0.5263157894736842,0.6774193548387096,0.2,1.0,0.4,1.0,0.0,38,62,0.0,1,0
1498213,2025-08-24,Italy,Netherlands,"Hazelaarweg, Rotterdam",0.6481481481481481,0.5433526011560693,0.4,0.8,0.7,0.6,0.0,54,173,0.3333333333333333,1,0
1498215,2025-08-26,Netherlands,Ireland,"Hazelaarweg, Rotterdam",0.5459770114942529,0.4875,0.8,0.8,0.7,0.9,0.32,174,240,0.75,1,0
1498214,2025-08-26,Germany,Italy,"Hazelaarweg, Rotterdam",0.57,0.6363636363636364,0.2,0.2,0.3,0.6,0.23076923076923078,100,55,0.0,1,0
1498217,2025-08-27,Ireland,Italy,"Hazelaarweg, Rotterdam",0.4896265560165975,0.6428571428571429,1.0,0.4,0.9,0.6,1.0,241,56,1.0,1,1
1498216,2025-08-27,Netherlands,Germany,"Hazelaarweg, Rotterdam",0.5428571428571428,0.5643564356435643,0.6,0.0,0.6,0.2,1.0,175,101,0.6,1,1
1499021,2025-08-29,Finland,Germany,"Ishoj Cricket Club, Vejledalen",0.42424242424242425,0.5588235294117647,0.4,0.0,0.4,0.2,0.5,33,102,0.5,1,0
1499022,2025-08-29,Sweden,Norway,Albertslund Cricket Club,0.4146341463414634,0.49056603773584906,0.2,0.8,0.3,0.6,0.2,41,53,0.5,1,1
1499026,2025-08-30,Germany,Norway,"Ishoj Cricket Club, Vejledalen",0.5631067961165048,0.48148148148148145,0.2,0.6,0.2,0.6,0.6,103,54,1.0,1,1
1497874,2025-08-30,Pakistan,United Arab Emirates,Sharjah Cricket Stadium,0.5131578947368421,0.6052631578947368,0.4,0.6,0.5,0.5,1.0,380,190,0.5833333333333334,1,1
1498662,2025-08-30,Netherlands,Bangladesh,Sylhet International Cricket Stadium,0.5454545454545454,0.3935018050541516,0.6,0.8,0.7,0.4,0.16666666666666666,176,277,0.5,1,0
1499023,2025-08-30,Finland,Norway,"Ishoj Cricket Club, Vejledalen",0.4117647058823529,0.4727272727272727,0.2,0.4,0.4,0.5,0.3333333333333333,34,55,0.4,1,0
1499025,2025-08-30,Finland,Denmark,Albertslund Cricket Club,0.4,0.4782608695652174,0.2,0.8,0.4,0.8,0.16666666666666666,35,46,0.5,1,0
1499024,2025-08-30,Sweden,Denmark,Albertslund Cricket Club,0.42857142857142855,0.48936170212765956,0.4,0.8,0.4,0.8,0.6666666666666666,42,47,1.0,1,1
1499027,2025-08-31,Norway,Denmark,Albertslund Cricket Club,0.48214285714285715,0.4791666666666667,0.6,0.6,0.6,0.7,0.2,56,48,0.0,1,0
1499029,2025-08-31,Germany,Denmark,"Ishoj Cricket Club, Vejledalen",0.5673076923076923,0.4897959183673469,0.4,0.6,0.3,0.7,1.0,104,49,1.0,1,1
1499030,2025-08-31,Sweden,Finland,Albertslund Cricket Club,0.4418604651162791,0.3888888888888889,0.6,0.2,0.4,0.3,0.5,43,36,1.0,1,1
1500635,2025-08-31,Isle of Man,Brazil,"New Farnley CC, Leeds",0.5806451612903226,0.40625,0.2,0.4,0.5,0.5,0.5,31,32,0.5,1,0
1499028,2025-08-31,Germany,Sweden,"Ishoj Cricket Club, Vejledalen",0.5714285714285714,0.45454545454545453,0.6,0.8,0.4,0.5,1.0,105,44,1.0,1,1
1498707,2025-08-31,Nigeria,Sierra Leone,"Namibia Cricket Ground, Windhoek",0.48148148148148145,0.5079365079365079,0.0,0.8,0.3,0.5,0.9166666666666666,108,63,0.5,1,1
1498708,2025-08-31,Kenya,Rwanda,"High Performance Oval, Windhoek",0.5426356589147286,0.4375,0.4,0.4,0.4,0.6,0.6363636363636364,129,144,0.5,1,0
1498709,2025-08-31,Zimbabwe,Namibia,"Namibia Cricket Ground, Windhoek",0.45365853658536587,0.5947712418300654,0.0,0.6,0.2,0.6,0.5217391304347826,205,153,0.5,1,1
1498710,2025-08-31,Tanzania,Uganda,"High Performance Oval, Windhoek",0.625,0.6976744186046512,0.6,1.0,0.7,0.8,0.2631578947368421,96,172,0.5,1,1
1500636,2025-09-01,Brazil,Isle of Man,"New Farnley CC, Leeds",0.42424242424242425,0.5625,0.6,0.2,0.6,0.4,1.0,33,32,1.0,1,1
1498663,2025-09-01,Netherlands,Bangladesh,Sylhet International Cricket Stadium,0.5423728813559322,0.39568345323741005,0.6,0.8,0.6,0.5,0.14285714285714285,177,278,0.0,1,0
1498711,2025-09-01,Sierra Leone,Zimbabwe,"Namibia Cricket Ground, Windhoek",0.5,0.4563106796116505,0.6,0.2,0.5,0.2,0.5,64,206,0.0,1,0
1498712,2025-09-01,Tanzania,Kenya,"High Performance Oval, Windhoek",0.6288659793814433,0.5384615384615384,0.8,0.2,0.7,0.4,0.5714285714285714,97,130,1.0,1,1
1498714,2025-09-01,Rwanda,Uganda,"High Performance Oval, Windhoek",0.4413793103448276,0.6936416184971098,0.6,0.8,0.6,0.7,0.04,145,173,1.0,1,0
1498713,2025-09-01,Nigeria,Namibia,"Namibia Cricket Ground, Windhoek",0.48623853211009177,0.5909090909090909,0.2,0.6,0.4,0.6,0.2857142857142857,109,154,1.0,1,0
1500638,2025-09-02,Jersey,Isle of Man,"New Farnley CC, Leeds",0.6190476190476191,0.5454545454545454,0.8,0.0,0.6,0.4,1.0,63,33,0.5,1,0
1498717,2025-09-03,Kenya,Uganda,"Namibia Cricket Ground, Windhoek",0.5343511450381679,0.6954022988505747,0.2,0.8,0.3,0.8,0.25,131,174,0.5,1,0
1492823,2025-09-03,Zimbabwe,Sri Lanka,Harare Sports Club,0.45893719806763283,0.42810457516339867,0.4,0.4,0.2,0.4,0.2,207,306,0.2641509433962264,1,0
1498718,2025-09-03,Nigeria,Zimbabwe,"High Performance Oval, Windhoek",0.4818181818181818,0.4567307692307692,0.2,0.4,0.3,0.2,0.0,110,208,0.5,1,0
1498716,2025-09-03,Namibia,Sierra Leone,"High Performance Oval, Windhoek",0.5935483870967742,0.49230769230769234,0.6,0.4,0.6,0.5,1.0,155,65,0.5,1,1
1498715,2025-09-03,Tanzania,Rwanda,"Namibia Cricket Ground, Windhoek",0.6326530612244898,0.4383561643835616,0.8,0.4,0.8,0.5,0.9333333333333333,98,146,0.5,1,1
1498722,2025-09-04,Rwanda,Sierra Leone,"High Performance Oval, Windhoek",0.43537414965986393,0.48484848484848486,0.4,0.2,0.4,0.4,0.8,147,66,0.5,1,1
1497877,2025-09-04,Pakistan,United Arab Emirates,Sharjah Cricket Stadium,0.5144356955380578,0.6020942408376964,0.6,0.6,0.5,0.5,1.0,381,191,0.6153846153846154,1,1
1498720,2025-09-04,Kenya,Nigeria,"High Performance Oval, Windhoek",0.5303030303030303,0.4774774774774775,0.2,0.2,0.3,0.2,0.7857142857142857,132,111,0.0,1,1
1498721,2025-09-04,Tanzania,Namibia,"Namibia Cricket Ground, Windhoek",0.6363636363636364,0.5961538461538461,1.0,0.6,0.8,0.6,0.3333333333333333,99,156,1.0,1,0
1498719,2025-09-04,Uganda,Zimbabwe,"Namibia Cricket Ground, Windhoek",0.6971428571428572,0.45933014354066987,0.8,0.6,0.9,0.3,0.14285714285714285,175,209,1.0,1,0
1499779,2025-09-05,Japan,Fiji,"Albert Park 1, Suva",0.6027397260273972,0.4,0.8,0.6,0.7,0.4,1.0,73,20,0.5,1,1
1498723,2025-09-06,Tanzania,Uganda,"Namibia Cricket Ground, Windhoek",0.63,0.6931818181818182,0.8,0.6,0.7,0.8,0.3,100,176,0.5,1,1
1498724,2025-09-06,Nigeria,Sierra Leone,"High Performance Oval, Windhoek",0.4732142857142857,0.47761194029850745,0.2,0.0,0.1,0.4,0.9230769230769231,112,67,0.0,1,1
1499780,2025-09-06,Japan,Fiji,"Albert Park 1, Suva",0.6081081081081081,0.38095238095238093,0.8,0.6,0.8,0.4,1.0,74,21,1.0,1,1
1498725,2025-09-06,Rwanda,Kenya,"High Performance Oval, Windhoek",0.4391891891891892,0.5338345864661654,0.4,0.4,0.5,0.4,0.391304347826087,148,133,0.6666666666666666,1,1
1498726,2025-09-06,Namibia,Zimbabwe,"Namibia Cricket Ground, Windhoek",0.5987261146496815,0.46190476190476193,0.6,0.8,0.6,0.4,0.4583333333333333,157,210,0.8333333333333334,1,0
1499782,2025-09-06,Estonia,Czech Republic,Estonian National Cricket and Rugby Field,0.3333333333333333,0.34782608695652173,0.2,0.4,0.4,0.2,0.5,42,46,0.42857142857142855,1,1
1499781,2025-09-06,Czech Republic,Estonia,Estonian National Cricket and Rugby Field,0.3404255319148936,0.3488372093023256,0.4,0.2,0.2,0.4,0.3333333333333333,47,43,0.0,1,0
1492824,2025-09-06,Sri Lanka,Zimbabwe,Harare Sports Club,0.42996742671009774,0.46445497630331756,0.4,0.8,0.4,0.5,0.8333333333333334,307,211,1.0,1,0
1492825,2025-09-07,Zimbabwe,Sri Lanka,Harare Sports Club,0.4669811320754717,0.42857142857142855,0.8,0.4,0.6,0.4,0.2857142857142857,212,308,0.2727272727272727,1,0
1499783,2025-09-07,Czech Republic,Estonia,Estonian National Cricket and Rugby Field,0.3333333333333333,0.36363636363636365,0.4,0.4,0.2,0.4,0.25,48,44,0.0,1,0
1499786,2025-09-09,Vanuatu,Indonesia,"Albert Park 1, Suva",0.47058823529411764,0.5591397849462365,0.4,0.4,0.4,0.6,1.0,51,93,0.5,1,1
1499787,2025-09-09,Philippines,Samoa,"Albert Park 2, Suva",0.3953488372093023,0.23333333333333334,0.8,0.0,0.7,0.1,0.5,43,30,0.5,1,0
1499785,2025-09-09,Papua New Guinea,Japan,"Albert Park 2, Suva",0.5697674418604651,0.6133333333333333,1.0,1.0,0.5,0.8,1.0,86,75,0.5,1,1
1499784,2025-09-09,Cook Islands,Fiji,"Albert Park 1, Suva",0.4166666666666667,0.36363636363636365,0.2,0.4,0.3,0.4,0.4,24,22,0.5,1,0
1448357,2025-09-10,South Africa,England,"Sophia Gardens, Cardiff",0.5137614678899083,0.6340782122905028,0.2,0.4,0.3,0.7,0.36363636363636365,327,358,1.0,1,1
1499788,2025-09-10,Japan,Samoa,"Albert Park 1, Suva",0.6052631578947368,0.25806451612903225,0.8,0.2,0.7,0.1,1.0,76,31,1.0,1,1
1499789,2025-09-10,Indonesia,Fiji,"Albert Park 2, Suva",0.5531914893617021,0.391304347826087,0.2,0.4,0.5,0.5,1.0,94,23,0.5,1,1
1496921,2025-09-10,United Arab Emirates,India,Dubai International Cricket Stadium,0.5989583333333334,0.6390374331550802,0.4,0.6,0.5,0.7,0.0,192,374,0.23529411764705882,1,0
1499790,2025-09-10,Papua New Guinea,Philippines,"Albert Park 1, Suva",0.5747126436781609,0.38636363636363635,1.0,0.8,0.6,0.6,1.0,87,44,0.5,1,1
1499791,2025-09-10,Cook Islands,Vanuatu,"Albert Park 2, Suva",0.4,0.4807692307692308,0.0,0.4,0.2,0.5,0.6,25,52,0.5,1,0
1496922,2025-09-11,Hong Kong,Bangladesh,"Zayed Cricket Stadium, Abu Dhabi",0.5028571428571429,0.3978494623655914,0.6,0.8,0.6,0.6,1.0,175,279,0.5,1,0
1499792,2025-09-12,Indonesia,Cook Islands,"Albert Park 1, Suva",0.5578947368421052,0.38461538461538464,0.4,0.0,0.5,0.2,1.0,95,26,0.0,1,1
1501503,2025-09-12,Eswatini,Mozambique,Malkerns Country Club oval,0.1,0.3673469387755102,0.0,0.4,0.0,0.5,0.0,30,49,0.5,1,1
1499795,2025-09-12,Samoa,Papua New Guinea,"Albert Park 2, Suva",0.25,0.5795454545454546,0.2,1.0,0.1,0.7,0.0,32,88,1.0,1,1
1448358,2025-09-12,England,South Africa,"Old Trafford, Manchester",0.6323119777158774,0.5152439024390244,0.4,0.4,0.6,0.4,0.6222222222222222,359,328,0.6666666666666666,1,1
1501502,2025-09-12,Eswatini,Mozambique,Malkerns Country Club oval,0.12903225806451613,0.36,0.2,0.4,0.1,0.4,0.125,31,50,1.0,1,1
1500864,2025-09-12,Switzerland,Luxembourg,Pierre Werner Cricket Ground,0.7142857142857143,0.3023255813953488,1.0,0.2,0.8,0.1,0.6,35,43,0.6666666666666666,1,1
1496923,2025-09-12,Pakistan,Oman,Dubai International Cricket Stadium,0.5157068062827225,0.45544554455445546,0.6,0.6,0.6,0.4,0.5,382,101,0.48484848484848486,1,1
1499794,2025-09-12,Vanuatu,Fiji,"Albert Park 1, Suva",0.49056603773584906,0.375,0.6,0.4,0.6,0.5,0.75,53,24,1.0,1,1
1499796,2025-09-13,Samoa,Cook Islands,"Albert Park 1, Suva",0.2727272727272727,0.37037037037037035,0.4,0.0,0.2,0.2,0.0,33,27,0.0,1,1
1499797,2025-09-13,Philippines,Fiji,"Albert Park 2, Suva",0.37777777777777777,0.36,0.6,0.2,0.6,0.4,0.5,45,25,0.0,1,0
1499799,2025-09-13,Vanuatu,Japan,"Albert Park 2, Suva",0.5,0.6103896103896104,0.8,0.8,0.7,0.8,0.8,54,77,1.0,1,1
1496924,2025-09-13,Bangladesh,Sri Lanka,"Zayed Cricket Stadium, Abu Dhabi",0.4,0.43042071197411,0.8,0.4,0.7,0.5,0.3548387096774194,280,309,0.3333333333333333,1,0
1500866,2025-09-13,Austria,Switzerland,Pierre Werner Cricket Ground,0.6825396825396826,0.7222222222222222,1.0,1.0,1.0,0.9,0.75,63,36,0.5,1,0
1499798,2025-09-13,Indonesia,Papua New Guinea,"Albert Park 1, Suva",0.5625,0.5730337078651685,0.6,0.8,0.6,0.7,0.0,96,89,0.5,1,0
1501504,2025-09-13,Eswatini,Mozambique,Malkerns Country Club oval,0.15625,0.35294117647058826,0.4,0.4,0.2,0.4,0.2222222222222222,32,51,1.0,1,1
1500868,2025-09-14,Luxembourg,Switzerland,Pierre Werner Cricket Ground,0.29545454545454547,0.7297297297297297,0.0,1.0,0.1,0.9,0.3333333333333333,44,37,0.16666666666666666,1,0
1500867,2025-09-14,Austria,Luxembourg,Pierre Werner Cricket Ground,0.671875,0.28888888888888886,0.8,0.0,0.9,0.1,0.8333333333333334,64,45,0.0,1,0
1496925,2025-09-14,Pakistan,India,Dubai International Cricket Stadium,0.5169712793733682,0.64,0.8,0.6,0.7,0.7,0.24,383,375,0.5,1,0
1502164,2025-09-15,Zimbabwe,Namibia,"Queens Sports Club, Bulawayo",0.4647887323943662,0.5949367088607594,0.8,0.6,0.6,0.6,0.56,213,158,0.6153846153846154,1,1
1499801,2025-09-15,Cook Islands,Philippines,"Albert Park 2, Suva",0.35714285714285715,0.3695652173913043,0.0,0.4,0.1,0.5,1.0,28,46,0.0,1,0
1499802,2025-09-15,Japan,Indonesia,"Albert Park 2, Suva",0.6025641025641025,0.5567010309278351,0.6,0.4,0.7,0.5,0.5555555555555556,78,97,0.0,1,0
1499803,2025-09-15,Vanuatu,Papua New Guinea,"Albert Park 1, Suva",0.509090909090909,0.5777777777777777,0.8,0.8,0.7,0.8,0.125,55,90,1.0,1,0
1499800,2025-09-15,Samoa,Fiji,"Albert Park 1, Suva",0.29411764705882354,0.38461538461538464,0.6,0.4,0.3,0.5,0.4,34,26,0.5,1,0
1496927,2025-09-15,Hong Kong,Sri Lanka,Dubai International Cricket Stadium,0.5,0.432258064516129,0.4,0.6,0.5,0.6,0.5,176,310,0.3333333333333333,1,0
1496926,2025-09-15,United Arab Emirates,Oman,"Zayed Cricket Stadium, Abu Dhabi",0.5958549222797928,0.45098039215686275,0.2,0.6,0.5,0.4,0.6,193,102,0.5,1,1
1502165,2025-09-16,Namibia,Zimbabwe,"Queens Sports Club, Bulawayo",0.5911949685534591,0.4672897196261682,0.6,0.8,0.6,0.7,0.4230769230769231,159,214,0.5,1,0
1448360,2025-09-17,Ireland,England,"The Village, Malahide, Dublin",0.49173553719008267,0.6333333333333333,1.0,0.6,0.9,0.6,0.5,242,360,0.2857142857142857,1,0
1496929,2025-09-17,Pakistan,United Arab Emirates,Dubai International Cricket Stadium,0.515625,0.5979381443298969,0.8,0.2,0.6,0.5,1.0,384,194,0.4857142857142857,1,1
1502166,2025-09-18,Namibia,Zimbabwe,"Queens Sports Club, Bulawayo",0.5875,0.4697674418604651,0.4,0.8,0.5,0.8,0.4074074074074074,160,215,0.42857142857142855,1,1
1496931,2025-09-19,India,Oman,"Zayed Cricket Stadium, Abu Dhabi",0.6409574468085106,0.44660194174757284,0.6,0.6,0.7,0.3,0.5,376,103,0.5,1,1
1496932,2025-09-20,Sri Lanka,Bangladesh,Dubai International Cricket Stadium,0.4340836012861736,0.398576512455516,0.8,0.6,0.6,0.7,0.65625,311,281,0.6666666666666666,1,0
1448362,2025-09-21,Ireland,England,"The Village, Malahide, Dublin",0.4897119341563786,0.6343490304709142,0.8,0.6,0.8,0.6,0.4,243,361,0.25,1,0
1496933,2025-09-21,Pakistan,India,Dubai International Cricket Stadium,0.5168831168831168,0.6419098143236074,0.8,0.8,0.6,0.8,0.23076923076923078,385,377,0.5,1,0
1496934,2025-09-23,Sri Lanka,Pakistan,"Zayed Cricket Stadium, Abu Dhabi",0.4326923076923077,0.5155440414507773,0.6,0.6,0.5,0.6,0.40540540540540543,312,386,1.0,1,0
1496935,2025-09-24,India,Bangladesh,Dubai International Cricket Stadium,0.6428571428571429,0.40070921985815605,0.8,0.8,0.8,0.8,0.8787878787878788,378,282,0.6428571428571429,1,1
1496936,2025-09-25,Pakistan,Bangladesh,Dubai International Cricket Stadium,0.5167958656330749,0.3992932862190813,0.6,0.6,0.6,0.7,0.75,387,283,0.4864864864864865,1,1
1502746,2025-09-26,Botswana,Tanzania,"Takashinga Sports Club, Highfield, Harare",0.3695652173913043,0.6336633663366337,0.6,0.8,0.5,0.7,0.0,92,101,0.5,1,0
1502745,2025-09-26,Uganda,Zimbabwe,Harare Sports Club,0.6892655367231638,0.4675925925925926,0.4,0.6,0.7,0.7,0.125,177,216,0.5,1,0
1502743,2025-09-26,Namibia,Kenya,Harare Sports Club,0.5900621118012422,0.5298507462686567,0.4,0.2,0.5,0.3,0.6666666666666666,161,134,0.0,1,1
1502744,2025-09-26,Malawi,Nigeria,"Takashinga Sports Club, Highfield, Harare",0.34545454545454546,0.4778761061946903,0.2,0.4,0.3,0.2,0.0,55,113,0.5,1,0
1489968,2025-09-27,Nepal,West Indies,Sharjah Cricket Stadium,0.5886075949367089,0.44680851063829785,0.6,0.2,0.6,0.3,0.5,158,329,0.5,1,1
1502749,2025-09-28,Zimbabwe,Botswana,Harare Sports Club,0.4700460829493088,0.3655913978494624,0.6,0.4,0.7,0.5,1.0,217,93,0.2807017543859649,1,1
1502748,2025-09-28,Tanzania,Uganda,"Takashinga Sports Club, Highfield, Harare",0.6372549019607843,0.6853932584269663,0.8,0.4,0.8,0.6,0.3333333333333333,102,178,1.0,1,1
1502747,2025-09-28,Namibia,Nigeria,Harare Sports Club,0.5925925925925926,0.4824561403508772,0.4,0.4,0.5,0.3,0.75,162,114,0.5,1,1
1496938,2025-09-28,Pakistan,India,Dubai International Cricket Stadium,0.5180412371134021,0.6437994722955145,0.6,1.0,0.7,0.8,0.2222222222222222,388,379,0.5,1,0
1502750,2025-09-28,Malawi,Kenya,"Takashinga Sports Club, Highfield, Harare",0.3392857142857143,0.5259259259259259,0.2,0.2,0.3,0.2,0.0,56,135,0.0,1,1
1489969,2025-09-29,Nepal,West Indies,Sharjah Cricket Stadium,0.5911949685534591,0.44545454545454544,0.6,0.2,0.6,0.2,1.0,159,330,1.0,1,1
1504941,2025-09-29,Kuwait,Oman,Al Amerat Cricket Ground Oman Cricket (Ministry Turf 1),0.4857142857142857,0.4423076923076923,0.2,0.4,0.4,0.3,0.25,105,104,0.7,1,0
1489970,2025-09-30,Nepal,West Indies,Sharjah Cricket Stadium,0.59375,0.44410876132930516,0.8,0.2,0.7,0.1,1.0,160,331,1.0,1,0
1502751,2025-09-30,Zimbabwe,Tanzania,Harare Sports Club,0.4724770642201835,0.6407766990291263,0.8,0.8,0.8,0.8,1.0,218,103,0.29310344827586204,1,1
1502753,2025-09-30,Malawi,Namibia,Harare Sports Club,0.3508771929824561,0.5950920245398773,0.4,0.6,0.4,0.6,0.0,57,163,0.5,1,0
1502754,2025-09-30,Nigeria,Kenya,"Takashinga Sports Club, Highfield, Harare",0.4782608695652174,0.5220588235294118,0.4,0.2,0.3,0.2,0.2,115,136,1.0,1,0
1502752,2025-09-30,Botswana,Uganda,"Takashinga Sports Club, Highfield, Harare",0.3617021276595745,0.6815642458100558,0.2,0.2,0.4,0.5,0.0,94,179,0.0,1,0
1491714,2025-10-01,New Zealand,Australia,"Bay Oval, Mount Maunganui",0.5512048192771084,0.6705882352941176,1.0,0.8,0.7,0.9,0.25,332,340,0.6666666666666666,1,0
1502755,2025-10-02,Namibia,Tanzania,Harare Sports Club,0.5975609756097561,0.6346153846153846,0.8,0.6,0.7,0.8,0.75,164,104,0.75,1,1
1502758,2025-10-02,Uganda,Malawi,"Takashinga Sports Club, Highfield, Harare",0.6833333333333333,0.3448275862068966,0.2,0.2,0.5,0.3,1.0,180,58,0.5,1,1
1502756,2025-10-02,Nigeria,Botswana,"Takashinga Sports Club, Highfield, Harare",0.47413793103448276,0.35789473684210527,0.4,0.2,0.3,0.3,0.875,116,95,0.5,1,1
1502757,2025-10-02,Kenya,Zimbabwe,Harare Sports Club,0.5255474452554745,0.4748858447488584,0.4,0.8,0.3,0.8,0.0,137,219,0.0,1,0
1505114,2025-10-02,Malaysia,Nepal,"Bayuemas Oval, Kuala Lumpur",0.5220125786163522,0.5900621118012422,1.0,0.6,0.9,0.6,0.2222222222222222,159,161,0.6216216216216216,1,1
1502760,2025-10-04,Malawi,Botswana,"Takashinga Sports Club, Highfield, Harare",0.3389830508474576,0.3541666666666667,0.2,0.2,0.2,0.3,0.0,59,96,0.3333333333333333,1,1
1505115,2025-10-04,Malaysia,Nepal,"Bayuemas Oval, Kuala Lumpur",0.525,0.5864197530864198,1.0,0.4,0.9,0.6,0.2631578947368421,160,162,0.631578947368421,1,0
1491716,2025-10-04,New Zealand,Australia,"Bay Oval, Mount Maunganui",0.5495495495495496,0.6715542521994134,0.8,0.8,0.7,0.9,0.24444444444444444,333,341,0.5714285714285714,1,0
1502762,2025-10-04,Namibia,Zimbabwe,Harare Sports Club,0.6,0.4772727272727273,1.0,0.8,0.7,0.8,0.42857142857142855,165,220,0.8,1,0
1502761,2025-10-04,Uganda,Nigeria,"Takashinga Sports Club, Highfield, Harare",0.6850828729281768,0.47863247863247865,0.4,0.6,0.5,0.4,0.8823529411764706,181,117,0.6666666666666666,1,1
1502759,2025-10-04,Kenya,Tanzania,Harare Sports Club,0.5217391304347826,0.6285714285714286,0.2,0.6,0.3,0.7,0.375,138,105,0.0,1,1
1505116,2025-10-05,Malaysia,Nepal,"Bayuemas Oval, Kuala Lumpur",0.5217391304347826,0.588957055214724,0.8,0.6,0.9,0.6,0.25,161,163,0.6153846153846154,1,1
1503565,2025-10-05,United Arab Emirates,Zimbabwe,"Queens Sports Club, Bulawayo",0.5948717948717949,0.4796380090497738,0.2,1.0,0.4,0.8,0.42857142857142855,195,221,0.5,1,1
1503566,2025-10-06,United Arab Emirates,Zimbabwe,"Queens Sports Club, Bulawayo",0.5969387755102041,0.4774774774774775,0.4,0.8,0.5,0.7,0.5,196,222,1.0,1,1
1505117,2025-10-07,Malaysia,Nepal,"Bayuemas Oval, Kuala Lumpur",0.5246913580246914,0.5853658536585366,0.8,0.4,0.9,0.5,0.2857142857142857,162,164,0.625,1,0
1503452,2025-10-08,Nepal,Kuwait,Al Amerat Cricket Ground Oman Cricket (Ministry Turf 1),0.5878787878787879,0.4811320754716981,0.4,0.2,0.6,0.3,0.875,165,106,0.5333333333333333,1,1
1503451,2025-10-08,Qatar,United Arab Emirates,Al Amerat Cricket Ground Oman Cricket (Ministry Turf 1),0.4166666666666667,0.5989847715736041,0.4,0.6,0.3,0.5,0.0,72,197,0.4,1,0
1503450,2025-10-08,Samoa,Oman,Al Amerat Cricket Ground Oman Cricket (Ministry Turf 2),0.2857142857142857,0.44761904761904764,0.6,0.4,0.3,0.4,0.5,35,105,0.5,1,0
1505118,2025-10-08,Malaysia,Nepal,"Bayuemas Oval, Kuala Lumpur",0.5214723926380368,0.5903614457831325,0.6,0.6,0.8,0.6,0.2727272727272727,163,166,0.6097560975609756,1,0
1506181,2025-10-09,Romania,Austria,"Moara Vlasiei Cricket Ground, Ilfov County",0.6153846153846154,0.6615384615384615,0.6,0.6,0.5,0.8,0.5,52,65,0.6190476190476191,1,1
1506182,2025-10-09,Turkey,Bulgaria,"Moara Vlasiei Cricket Ground, Ilfov County",0.2608695652173913,0.28,0.4,0.6,0.5,0.3,0.5,23,50,0.5,1,1
1503455,2025-10-09,Papua New Guinea,Samoa,Al Amerat Cricket Ground Oman Cricket (Ministry Turf 1),0.5824175824175825,0.2777777777777778,0.8,0.4,0.9,0.3,0.8,91,36,0.16666666666666666,1,0
1503454,2025-10-09,Kuwait,Japan,Al Amerat Cricket Ground Oman Cricket (Ministry Turf 1),0.4766355140186916,0.5949367088607594,0.2,0.4,0.3,0.6,0.5,107,79,0.5833333333333334,1,0
1503453,2025-10-09,Malaysia,Qatar,Al Amerat Cricket Ground Oman Cricket (Ministry Turf 2),0.5182926829268293,0.410958904109589,0.4,0.4,0.7,0.2,0.6666666666666666,164,73,0.5,1,0
1506183,2025-10-10,Austria,Turkey,"Moara Vlasiei Cricket Ground, Ilfov County",0.6515151515151515,0.2916666666666667,0.4,0.4,0.7,0.6,0.5,66,24,0.6666666666666666,1,1
1506184,2025-10-10,Romania,Turkey,"Moara Vlasiei Cricket Ground, Ilfov County",0.6226415094339622,0.28,0.6,0.4,0.6,0.6,1.0,53,25,0.6363636363636364,1,0
1503456,2025-10-10,Malaysia,United Arab Emirates,Al Amerat Cricket Ground Oman Cricket (Ministry Turf 2),0.5151515151515151,0.601010101010101,0.2,0.8,0.6,0.5,0.0,165,198,0.3333333333333333,1,0
1503457,2025-10-10,Japan,Nepal,Al Amerat Cricket Ground Oman Cricket (Ministry Turf 1),0.6,0.592814371257485,0.4,0.8,0.7,0.6,0.0,80,167,1.0,1,0
1503458,2025-10-10,Oman,Papua New Guinea,Al Amerat Cricket Ground Oman Cricket (Ministry Turf 1),0.4528301886792453,0.5760869565217391,0.4,0.6,0.5,0.8,0.75,106,92,0.46938775510204084,1,1
1506185,2025-10-10,Romania,Bulgaria,"Moara Vlasiei Cricket Ground, Ilfov County",0.6111111111111112,0.27450980392156865,0.4,0.4,0.5,0.3,0.8571428571428571,54,51,0.6086956521739131,1,1
1487824,2025-10-11,South Africa,Namibia,"Namibia Cricket Ground, Windhoek",0.513677811550152,0.5963855421686747,0.4,0.8,0.4,0.6,0.0,329,166,0.5,1,0
1506186,2025-10-11,Norway,Turkey,"Moara Vlasiei Cricket Ground, Ilfov County",0.47368421052631576,0.3076923076923077,0.4,0.6,0.6,0.6,0.5,57,26,0.5,1,1
1506187,2025-10-11,Bulgaria,Austria,"Moara Vlasiei Cricket Ground, Ilfov County",0.2692307692307692,0.6567164179104478,0.4,0.4,0.3,0.7,0.5,52,67,0.0,1,0
1506188,2025-10-11,Norway,Romania,"Moara Vlasiei Cricket Ground, Ilfov County",0.4827586206896552,0.6181818181818182,0.4,0.6,0.6,0.6,0.5,58,55,1.0,1,0
1503461,2025-10-12,Japan,Samoa,Al Amerat Cricket Ground Oman Cricket (Ministry Turf 1),0.5925925925925926,0.2972972972972973,0.4,0.6,0.6,0.4,1.0,81,37,0.5,1,1
1503459,2025-10-12,Oman,Qatar,Al Amerat Cricket Ground Oman Cricket (Ministry Turf 2),0.45794392523364486,0.4189189189189189,0.6,0.6,0.6,0.3,0.6666666666666666,107,74,0.6666666666666666,1,1
1506190,2025-10-12,Norway,Bulgaria,"Moara Vlasiei Cricket Ground, Ilfov County",0.4745762711864407,0.2641509433962264,0.4,0.2,0.5,0.3,0.5,59,53,0.5,1,1
1503460,2025-10-12,Nepal,United Arab Emirates,Al Amerat Cricket Ground Oman Cricket (Ministry Turf 1),0.5952380952380952,0.6030150753768844,0.8,0.8,0.7,0.5,0.5714285714285714,168,199,0.5882352941176471,1,1
1506189,2025-10-12,Austria,Norway,"Moara Vlasiei Cricket Ground, Ilfov County",0.6617647058823529,0.48333333333333334,0.4,0.6,0.7,0.5,0.75,68,60,0.8,1,0
1503462,2025-10-13,United Arab Emirates,Oman,Al Amerat Cricket Ground Oman Cricket (Ministry Turf 1),0.6,0.46296296296296297,0.8,0.8,0.5,0.7,0.6363636363636364,200,108,0.7058823529411765,1,0
1503463,2025-10-13,Nepal,Qatar,Al Amerat Cricket Ground Oman Cricket (Ministry Turf 1),0.5976331360946746,0.41333333333333333,1.0,0.6,0.7,0.3,0.8571428571428571,169,75,0.6111111111111112,1,1
1503464,2025-10-15,Japan,Qatar,Al Amerat Cricket Ground Oman Cricket (Ministry Turf 2),0.5975609756097561,0.40789473684210525,0.4,0.4,0.6,0.3,0.5,82,76,0.5,1,0
1503465,2025-10-15,United Arab Emirates,Samoa,Al Amerat Cricket Ground Oman Cricket (Ministry Turf 1),0.5970149253731343,0.2894736842105263,0.6,0.4,0.5,0.4,0.5,201,38,0.6666666666666666,1,1
1503466,2025-10-15,Nepal,Oman,Al Amerat Cricket Ground Oman Cricket (Ministry Turf 1),0.6,0.46788990825688076,1.0,1.0,0.7,0.7,0.7142857142857143,170,109,0.631578947368421,1,1
1503467,2025-10-16,Japan,United Arab Emirates,Al Amerat Cricket Ground Oman Cricket (Ministry Turf 1),0.5903614457831325,0.599009900990099,0.4,0.6,0.5,0.6,0.0,83,202,0.6666666666666666,1,0
1503468,2025-10-16,Samoa,Qatar,Al Amerat Cricket Ground Oman Cricket (Ministry Turf 1),0.28205128205128205,0.4155844155844156,0.2,0.4,0.4,0.4,0.5,39,77,0.3333333333333333,1,0
1503470,2025-10-17,Nepal,Samoa,Al Amerat Cricket Ground Oman Cricket (Ministry Turf 1),0.6023391812865497,0.275,1.0,0.2,0.8,0.4,0.5,171,40,0.65,1,1
1503469,2025-10-17,Japan,Oman,Al Amerat Cricket Ground Oman Cricket (Ministry Turf 2),0.5833333333333334,0.4636363636363636,0.4,0.8,0.4,0.6,1.0,84,110,0.0,1,0
1506437,2025-10-18,Austria,Romania,"Moara Vlasiei Cricket Ground, Ilfov County",0.6521739130434783,0.625,0.4,0.8,0.6,0.7,0.3333333333333333,69,56,0.6666666666666666,1,0
1506436,2025-10-18,Romania,Austria,"Moara Vlasiei Cricket Ground, Ilfov County",0.631578947368421,0.6428571428571429,0.8,0.4,0.7,0.5,0.75,57,70,0.6538461538461539,1,0
1506439,2025-10-19,Austria,Romania,"Moara Vlasiei Cricket Ground, Ilfov County",0.647887323943662,0.6206896551724138,0.6,0.6,0.5,0.6,0.4,71,58,0.625,1,1
1506438,2025-10-19,Romania,Austria,"Moara Vlasiei Cricket Ground, Ilfov County",0.6101694915254238,0.6527777777777778,0.6,0.6,0.5,0.5,0.5,59,72,0.6071428571428571,1,0
1506664,2025-10-20,Canada,Uganda,"Lugogo Cricket Oval, Kampala",0.5833333333333334,0.6868131868131868,1.0,0.6,0.9,0.5,0.5,84,182,0.5,1,0
1491718,2025-10-20,England,New Zealand,"Hagley Oval, Christchurch",0.6353591160220995,0.5479041916167665,0.8,0.6,0.6,0.6,0.74,362,334,0.5,1,1
1506665,2025-10-21,Canada,Uganda,"Lugogo Cricket Oval, Kampala",0.5764705882352941,0.6885245901639344,0.8,0.8,0.8,0.6,0.0,85,183,0.0,1,0
1506666,2025-10-23,Uganda,Canada,"Lugogo Cricket Oval, Kampala",0.6902173913043478,0.5697674418604651,1.0,0.6,0.6,0.7,1.0,184,86,1.0,1,1
1506667,2025-10-24,Uganda,Canada,"Lugogo Cricket Oval, Kampala",0.6918918918918919,0.5632183908045977,1.0,0.4,0.6,0.7,1.0,185,87,1.0,1,1
1506668,2025-10-26,Uganda,Canada,"Lugogo Cricket Oval, Kampala",0.6935483870967742,0.5568181818181818,1.0,0.2,0.7,0.6,1.0,186,88,1.0,1,1
1505125,2025-10-27,West Indies,Bangladesh,"Bir Sreshtho Flight Lieutenant Matiur Rahman Stadium, Chattogram",0.4457831325301205,0.397887323943662,0.4,0.4,0.2,0.6,0.6666666666666666,332,284,0.5,1,1
1501895,2025-10-28,South Africa,Pakistan,Rawalpindi Cricket Stadium,0.5121212121212121,0.5167095115681234,0.4,0.6,0.3,0.7,0.46511627906976744,330,389,0.5,1,1
1505126,2025-10-29,West Indies,Bangladesh,"Bir Sreshtho Flight Lieutenant Matiur Rahman Stadium, Chattogram",0.44744744744744747,0.39649122807017545,0.4,0.2,0.3,0.5,0.68,333,285,1.0,1,1
1478908,2025-10-31,India,Australia,Melbourne Cricket Ground,0.6447368421052632,0.672514619883041,1.0,0.8,0.8,0.9,0.44642857142857145,380,342,0.7142857142857143,1,0
1501896,2025-10-31,South Africa,Pakistan,"Gaddafi Stadium, Lahore",0.513595166163142,0.5153846153846153,0.4,0.4,0.4,0.6,0.4772727272727273,331,390,0.5,1,0
1505127,2025-10-31,Bangladesh,West Indies,"Bir Sreshtho Flight Lieutenant Matiur Rahman Stadium, Chattogram",0.3951048951048951,0.4491017964071856,0.2,0.6,0.4,0.4,0.3076923076923077,286,334,0.0,1,0
1506440,2025-10-31,Cyprus,Serbia,Happy Valley Ground,0.6571428571428571,0.3684210526315789,1.0,0.6,1.0,0.7,0.6666666666666666,35,38,0.5714285714285714,1,1
1506441,2025-10-31,Cyprus,Serbia,Happy Valley Ground 2,0.6666666666666666,0.358974358974359,1.0,0.4,1.0,0.7,0.75,36,39,0.5,1,1
1501897,2025-11-01,South Africa,Pakistan,"Gaddafi Stadium, Lahore",0.5120481927710844,0.5166240409207161,0.4,0.6,0.3,0.6,0.4666666666666667,332,391,0.0,1,0
1506442,2025-11-01,Serbia,Bulgaria,Happy Valley Ground 2,0.35,0.25925925925925924,0.2,0.2,0.6,0.3,0.6153846153846154,40,54,0.0,1,0
1506443,2025-11-01,Bulgaria,Serbia,Happy Valley Ground 2,0.2727272727272727,0.34146341463414637,0.2,0.2,0.4,0.5,0.42857142857142855,55,41,1.0,1,1
1478909,2025-11-02,Australia,India,"Bellerive Oval, Hobart",0.673469387755102,0.6430446194225722,0.8,0.8,0.9,0.7,0.5614035087719298,343,381,1.0,1,0
1506444,2025-11-02,Bulgaria,Cyprus,Happy Valley Ground 2,0.2857142857142857,0.6756756756756757,0.4,1.0,0.4,1.0,0.5,56,37,1.0,1,0
1506445,2025-11-02,Cyprus,Bulgaria,Happy Valley Ground 2,0.6842105263157895,0.2807017543859649,1.0,0.4,1.0,0.4,1.0,38,57,1.0,1,1
1506447,2025-11-03,Bulgaria,Cyprus,Happy Valley Ground 2,0.27586206896551724,0.6923076923076923,0.4,1.0,0.3,1.0,0.0,58,39,0.5,1,0
1506446,2025-11-03,Bulgaria,Cyprus,Happy Valley Ground 2,0.2711864406779661,0.7,0.4,1.0,0.3,1.0,0.0,59,40,0.4,1,0
1491723,2025-11-05,West Indies,New Zealand,"Eden Park, Auckland",0.4507462686567164,0.5462686567164179,0.8,0.4,0.5,0.6,0.2962962962962963,335,335,0.5,1,1
1506670,2025-11-05,Tanzania,Canada,"Gymkhana Club Ground, Dar-es-Salaam",0.6226415094339622,0.550561797752809,0.4,0.0,0.6,0.5,0.5,106,89,1.0,1,1
1506671,2025-11-05,Canada,Tanzania,"Gymkhana Club Ground, Dar-es-Salaam",0.5444444444444444,0.6261682242990654,0.0,0.4,0.4,0.6,0.0,90,107,0.0,1,1
1478910,2025-11-06,India,Australia,Carrara Oval,0.643979057591623,0.6715116279069767,0.8,0.8,0.8,0.8,0.4482758620689655,382,344,0.0,1,1
1508269,2025-11-06,Myanmar,Indonesia,Udayana Cricket Ground,0.4146341463414634,0.5612244897959183,0.8,0.6,0.4,0.5,0.0,41,98,0.0,1,0
1491724,2025-11-06,New Zealand,West Indies,"Eden Park, Auckland",0.5446428571428571,0.4523809523809524,0.2,1.0,0.6,0.6,0.6785714285714286,336,336,0.16666666666666666,1,1
1508270,2025-11-06,Timor-Leste,Indonesia,Udayana Cricket Ground,0.5,0.5656565656565656,0.5,0.8,0.5,0.5,0.5,0,99,0.5,0,0
1508271,2025-11-07,Timor-Leste,Myanmar,Udayana Cricket Ground,0.0,0.40476190476190477,0.0,0.8,0.0,0.4,0.5,1,42,0.0,1,0
1508273,2025-11-08,Indonesia,Myanmar,Udayana Cricket Ground,0.57,0.4186046511627907,0.8,0.8,0.6,0.5,1.0,100,43,0.6271186440677966,1,1
1508272,2025-11-08,Timor-Leste,Indonesia,Udayana Cricket Ground,0.0,0.5742574257425742,0.0,0.8,0.0,0.7,0.0,2,101,0.0,1,0
1508274,2025-11-09,Timor-Leste,Myanmar,Udayana Cricket Ground,0.0,0.4090909090909091,0.0,0.6,0.0,0.5,0.0,3,44,0.0,1,0
1491725,2025-11-09,New Zealand,West Indies,"Saxton Oval, Nelson",0.5459940652818991,0.45103857566765576,0.2,0.8,0.6,0.6,0.6896551724137931,337,337,0.3333333333333333,1,1
1508275,2025-11-11,Myanmar,Indonesia,Udayana Cricket Ground,0.4222222222222222,0.5784313725490197,0.6,1.0,0.6,0.7,0.0,45,102,0.2,1,0
1508276,2025-11-11,Timor-Leste,Indonesia,Udayana Cricket Ground,0.0,0.5825242718446602,0.0,1.0,0.0,0.8,0.0,4,103,0.0,1,0
1510724,2025-11-12,Qatar,Hong Kong,"West End Park International Cricket Stadium, Doha",0.4230769230769231,0.4971751412429379,0.6,0.4,0.5,0.4,0.2,78,177,0.5909090909090909,1,1
1508277,2025-11-12,Myanmar,Timor-Leste,Udayana Cricket Ground,0.41304347826086957,0.0,0.4,0.0,0.6,0.0,1.0,46,5,0.18181818181818182,1,1
1508278,2025-11-13,Timor-Leste,Indonesia,Udayana Cricket Ground,0.0,0.5865384615384616,0.0,1.0,0.0,0.9,0.0,6,104,0.0,1,0
1508279,2025-11-13,Myanmar,Indonesia,Udayana Cricket Ground,0.425531914893617,0.5904761904761905,0.6,1.0,0.7,0.9,0.0,47,105,0.25,1,0
1510725,2025-11-13,Hong Kong,Qatar,University of Doha for Science and Technology,0.4943820224719101,0.43037974683544306,0.2,0.6,0.4,0.6,0.6666666666666666,178,79,0.5,1,1
1491727,2025-11-13,West Indies,New Zealand,"University Oval, Dunedin",0.44970414201183434,0.5473372781065089,0.6,0.4,0.5,0.6,0.3,338,338,0.5,1,0
1510280,2025-11-14,Thailand,Namibia,"Terdthai Cricket Ground, Bangkok",0.5588235294117647,0.5988023952095808,1.0,0.8,0.8,0.6,1.0,136,167,0.7777777777777778,1,1
1510279,2025-11-14,Scotland,Papua New Guinea,"Terdthai Cricket Ground, Bangkok",0.5208333333333334,0.5698924731182796,0.4,0.4,0.3,0.7,0.7142857142857143,144,93,0.5,1,1
1508280,2025-11-14,Myanmar,Timor-Leste,Udayana Cricket Ground,0.4166666666666667,0.0,0.4,0.0,0.6,0.0,1.0,48,7,0.23076923076923078,1,1
1510282,2025-11-15,Thailand,Scotland,"Terdthai Cricket Ground, Bangkok",0.5620437956204379,0.5241379310344828,1.0,0.6,0.8,0.4,0.2,137,145,0.7894736842105263,1,0
1510281,2025-11-15,Namibia,Papua New Guinea,"Terdthai Cricket Ground, Bangkok",0.5952380952380952,0.5638297872340425,0.6,0.4,0.6,0.6,0.3333333333333333,168,94,0.0,1,0
1509859,2025-11-16,United Arab Emirates,Oman,"West End Park International Cricket Stadium, Doha",0.6009852216748769,0.46846846846846846,0.6,0.8,0.7,0.6,0.5833333333333334,203,111,0.6666666666666666,1,0
1510284,2025-11-17,Papua New Guinea,Thailand,"Terdthai Cricket Ground, Bangkok",0.5684210526315789,0.5579710144927537,0.4,0.8,0.6,0.7,0.0,95,138,0.5,1,0
1510283,2025-11-17,Namibia,Scotland,"Terdthai Cricket Ground, Bangkok",0.591715976331361,0.5273972602739726,0.4,0.6,0.6,0.5,0.6,169,146,0.0,1,0
1502048,2025-11-18,Zimbabwe,Pakistan,Rawalpindi Cricket Stadium,0.47533632286995514,0.5178571428571429,0.6,0.6,0.7,0.6,0.15,223,392,0.0,1,0
1510178,2025-11-18,Bahrain,Indonesia,Udayana Cricket Ground,0.5229357798165137,0.5943396226415094,1.0,1.0,0.9,0.9,0.6666666666666666,109,106,0.8,1,1
1510179,2025-11-19,Bahrain,Indonesia,Udayana Cricket Ground,0.5272727272727272,0.5887850467289719,1.0,0.8,1.0,0.9,0.7142857142857143,110,107,0.8333333333333334,1,1
1510287,2025-11-20,Namibia,Tanzania,"Asian Institute of Technology Ground, Bangkok",0.5882352941176471,0.6203703703703703,0.2,0.2,0.6,0.5,0.8,170,108,0.5,1,0
1510288,2025-11-20,Scotland,Uganda,"Terdthai Cricket Ground, Bangkok",0.5306122448979592,0.6951871657754011,0.6,1.0,0.6,0.8,1.0,147,187,1.0,1,1
1502049,2025-11-20,Zimbabwe,Sri Lanka,Rawalpindi Cricket Stadium,0.4732142857142857,0.43130990415335463,0.4,0.6,0.6,0.5,0.25,224,313,0.0,1,1
1510286,2025-11-20,Papua New Guinea,United Arab Emirates,"Asian Institute of Technology Ground, Bangkok",0.5625,0.5980392156862745,0.2,0.4,0.5,0.6,0.4,96,204,0.5,1,0
1510285,2025-11-20,Thailand,Netherlands,"Terdthai Cricket Ground, Bangkok",0.5611510791366906,0.5393258426966292,0.8,0.4,0.8,0.6,0.7,139,178,0.7619047619047619,1,1
1510292,2025-11-21,Scotland,Tanzania,"Asian Institute of Technology Ground, Bangkok",0.5337837837837838,0.6238532110091743,0.8,0.4,0.6,0.5,0.5,148,109,0.5,1,1
1510291,2025-11-21,Namibia,Uganda,"Terdthai Cricket Ground, Bangkok",0.5847953216374269,0.6914893617021277,0.2,0.8,0.5,0.8,0.6153846153846154,171,188,0.0,1,1
1510290,2025-11-21,Papua New Guinea,Thailand,"Terdthai Cricket Ground, Bangkok",0.5567010309278351,0.5642857142857143,0.2,0.8,0.4,0.9,0.0,97,140,0.3333333333333333,1,1
1510289,2025-11-21,United Arab Emirates,Netherlands,"Asian Institute of Technology Ground, Bangkok",0.6,0.5363128491620112,0.6,0.2,0.7,0.5,0.4444444444444444,205,179,1.0,1,0
1510180,2025-11-21,Indonesia,Bahrain,Udayana Cricket Ground,0.5833333333333334,0.5315315315315315,0.6,1.0,0.8,1.0,0.25,108,111,0.6417910447761194,1,0
1502050,2025-11-22,Sri Lanka,Pakistan,Rawalpindi Cricket Stadium,0.4299363057324841,0.5190839694656488,0.4,0.6,0.4,0.6,0.39473684210526316,314,393,0.0,1,0
1510295,2025-11-23,United Arab Emirates,Scotland,"Terdthai Cricket Ground, Bangkok",0.5970873786407767,0.5369127516778524,0.6,1.0,0.6,0.7,0.2857142857142857,206,149,0.5,1,0
1502051,2025-11-23,Pakistan,Zimbabwe,Rawalpindi Cricket Stadium,0.5203045685279187,0.47555555555555556,0.8,0.4,0.7,0.6,0.8571428571428571,394,225,0.6666666666666666,1,1
1510296,2025-11-23,Thailand,Namibia,"Asian Institute of Technology Ground, Bangkok",0.5602836879432624,0.5872093023255814,0.6,0.2,0.8,0.5,1.0,141,172,0.5,1,1
1510294,2025-11-23,Uganda,Papua New Guinea,"Terdthai Cricket Ground, Bangkok",0.6878306878306878,0.5612244897959183,0.6,0.4,0.8,0.4,0.5,189,98,0.0,1,1
1510293,2025-11-23,Tanzania,Netherlands,"Asian Institute of Technology Ground, Bangkok",0.6181818181818182,0.5388888888888889,0.4,0.4,0.5,0.5,0.5,110,180,0.5,1,0
1510297,2025-11-25,Thailand,Tanzania,"Terdthai Cricket Ground, Bangkok",0.5633802816901409,0.6126126126126126,0.6,0.4,0.8,0.4,0.5,142,111,0.7391304347826086,1,1
1502052,2025-11-25,Zimbabwe,Sri Lanka,Rawalpindi Cricket Stadium,0.47345132743362833,0.42857142857142855,0.2,0.2,0.6,0.4,0.3333333333333333,226,315,0.16666666666666666,1,0
1510299,2025-11-25,Namibia,Scotland,"Asian Institute of Technology Ground, Bangkok",0.5838150289017341,0.54,0.2,1.0,0.4,0.8,0.5,173,150,0.0,1,0
1511999,2025-11-25,Bahrain,Malaysia,"Bayuemas Oval, Kuala Lumpur",0.5357142857142857,0.5120481927710844,1.0,0.2,1.0,0.5,0.5555555555555556,112,166,0.75,1,0
1510300,2025-11-25,Papua New Guinea,Netherlands,"Terdthai Cricket Ground, Bangkok",0.5555555555555556,0.5414364640883977,0.4,0.4,0.4,0.5,0.5,99,181,0.4,1,1
1510298,2025-11-25,Uganda,United Arab Emirates,"Asian Institute of Technology Ground, Bangkok",0.6894736842105263,0.5942028985507246,0.6,0.4,0.8,0.5,0.6666666666666666,190,207,0.5,1,0
1510301,2025-11-26,Tanzania,United Arab Emirates,"Terdthai Cricket Ground, Bangkok",0.6071428571428571,0.5961538461538461,0.2,0.4,0.3,0.5,0.5,112,208,0.0,1,0
1510302,2025-11-26,Uganda,Thailand,"Asian Institute of Technology Ground, Bangkok",0.6858638743455497,0.5664335664335665,0.4,0.8,0.7,0.8,0.0,191,143,0.0,1,0
1510303,2025-11-26,Netherlands,Namibia,"Terdthai Cricket Ground, Bangkok",0.5384615384615384,0.5804597701149425,0.4,0.2,0.5,0.3,0.7777777777777778,182,174,0.0,1,1
1510304,2025-11-26,Papua New Guinea,Scotland,"Asian Institute of Technology Ground, Bangkok",0.56,0.543046357615894,0.4,1.0,0.4,0.8,0.25,100,151,0.0,1,0
1506014,2025-11-27,Ireland,Bangladesh,"Bir Sreshtho Flight Lieutenant Matiur Rahman Stadium, Chattogram",0.48770491803278687,0.39372822299651566,0.6,0.0,0.7,0.4,0.4444444444444444,244,287,0.5,1,1
1510313,2025-11-27,Singapore,Myanmar,Singapore National Cricket Ground,0.3142857142857143,0.42857142857142855,0.6,0.6,0.5,0.6,0.125,105,49,0.30434782608695654,1,0
1502053,2025-11-27,Sri Lanka,Pakistan,Rawalpindi Cricket Stadium,0.43037974683544306,0.5215189873417722,0.2,1.0,0.5,0.7,0.38461538461538464,316,395,0.3333333333333333,1,1
1511993,2025-11-28,Brazil,Argentina,"St Albans Club, Buenos Aires",0.4411764705882353,0.3611111111111111,0.8,0.2,0.7,0.4,0.8333333333333334,34,36,0.42857142857142855,1,0
1510305,2025-11-28,United Arab Emirates,Thailand,"Terdthai Cricket Ground, Bangkok",0.5980861244019139,0.5694444444444444,0.6,0.8,0.5,0.8,0.3333333333333333,209,144,0.5,1,1
1510306,2025-11-28,Tanzania,Uganda,"Asian Institute of Technology Ground, Bangkok",0.6017699115044248,0.6822916666666666,0.2,0.2,0.2,0.6,0.36363636363636365,113,192,0.3333333333333333,1,0
1510307,2025-11-28,Papua New Guinea,Namibia,"Asian Institute of Technology Ground, Bangkok",0.5544554455445545,0.5771428571428572,0.4,0.2,0.3,0.2,0.75,101,175,0.0,1,1
1510308,2025-11-28,Netherlands,Scotland,"Terdthai Cricket Ground, Bangkok",0.5409836065573771,0.5460526315789473,0.6,1.0,0.5,0.8,0.38461538461538464,183,152,0.3333333333333333,1,1
1510314,2025-11-29,Singapore,Myanmar,Singapore National Cricket Ground,0.3113207547169811,0.44,0.6,0.6,0.5,0.6,0.1111111111111111,106,50,0.2916666666666667,1,0
1506015,2025-11-29,Ireland,Bangladesh,"Bir Sreshtho Flight Lieutenant Matiur Rahman Stadium, Chattogram",0.4897959183673469,0.3923611111111111,0.6,0.0,0.7,0.3,0.47368421052631576,245,288,1.0,1,0
1502054,2025-11-29,Sri Lanka,Pakistan,Rawalpindi Cricket Stadium,0.43217665615141954,0.5202020202020202,0.4,0.8,0.5,0.7,0.4,317,396,0.5,1,0
1510315,2025-11-30,Myanmar,Singapore,Singapore National Cricket Ground,0.45098039215686275,0.308411214953271,0.8,0.6,0.6,0.4,0.9,51,107,0.7777777777777778,1,1
1511996,2025-11-30,Argentina,Brazil,"St Albans Club, Buenos Aires",0.3783783783783784,0.42857142857142855,0.2,0.8,0.4,0.6,0.2857142857142857,37,35,0.4,1,1
1510312,2025-11-30,Papua New Guinea,Tanzania,"Terdthai Cricket Ground, Bangkok",0.5588235294117647,0.5964912280701754,0.6,0.0,0.4,0.2,0.5,102,114,0.5,1,1
1510311,2025-11-30,Scotland,Thailand,"Asian Institute of Technology Ground, Bangkok",0.5424836601307189,0.5655172413793104,0.8,0.6,0.8,0.7,0.8333333333333334,153,145,1.0,1,0
1510310,2025-11-30,United Arab Emirates,Namibia,"Asian Institute of Technology Ground, Bangkok",0.6,0.5738636363636364,0.6,0.2,0.6,0.2,0.5714285714285714,210,176,0.75,1,1
1512002,2025-11-30,Thailand,Bahrain,"Bayuemas Oval, Kuala Lumpur",0.5684931506849316,0.5309734513274337,0.8,0.8,0.7,0.9,1.0,146,113,0.35714285714285715,1,0
1510309,2025-11-30,Uganda,Netherlands,"Terdthai Cricket Ground, Bangkok",0.6839378238341969,0.5434782608695652,0.4,0.8,0.6,0.5,0.5,193,184,0.3333333333333333,1,0
1506016,2025-12-02,Ireland,Bangladesh,"Bir Sreshtho Flight Lieutenant Matiur Rahman Stadium, Chattogram",0.4878048780487805,0.3944636678200692,0.4,0.2,0.7,0.3,0.45,246,289,0.5,1,0
1513087,2025-12-04,Sierra Leone,Rwanda,"Nigeria Cricket Federation Oval 1, Abuja",0.47058823529411764,0.4429530201342282,0.0,0.6,0.4,0.5,0.16666666666666666,68,149,1.0,1,0
1513086,2025-12-04,Nigeria,Zambia,"Nigeria Cricket Federation Oval 1, Abuja",0.4745762711864407,0.5,0.4,0.5,0.4,0.5,0.5,118,0,1.0,0,1
1513297,2025-12-05,Nigeria,Sierra Leone,"Nigeria Cricket Federation Oval 1, Abuja",0.4789915966386555,0.463768115942029,0.4,0.0,0.4,0.3,0.9285714285714286,119,69,1.0,1,1
1477591,2025-12-05,South Africa,Ireland,"Newlands, Cape Town",0.5105105105105106,0.48582995951417,0.2,0.2,0.3,0.6,0.8461538461538461,333,247,0.5,1,1
1514473,2025-12-05,Croatia,Spain,La Manga Club Top Ground,0.2413793103448276,0.7659574468085106,0.0,0.2,0.0,0.6,0.0,29,47,0.5,1,0
1513088,2025-12-05,Zambia,Rwanda,"Nigeria Cricket Federation Oval 1, Abuja",0.0,0.44666666666666666,0.0,0.6,0.0,0.6,0.5,1,150,0.0,1,0
1513090,2025-12-06,Zambia,Sierra Leone,"Nigeria Cricket Federation Oval 1, Abuja",0.0,0.45714285714285713,0.0,0.0,0.0,0.2,0.5,2,70,0.0,1,1
1513089,2025-12-06,Nigeria,Rwanda,"Nigeria Cricket Federation Oval 1, Abuja",0.48333333333333334,0.4503311258278146,0.6,0.8,0.5,0.6,0.5714285714285714,120,151,1.0,1,1
1514510,2025-12-06,Bahrain,Oman,Al Amerat Cricket Ground Oman Cricket (Ministry Turf 2),0.5350877192982456,0.4732142857142857,0.8,0.8,0.9,0.7,0.2222222222222222,114,112,0.45454545454545453,1,0
1514475,2025-12-06,Croatia,Spain,La Manga Club Top Ground,0.23333333333333334,0.7708333333333334,0.0,0.4,0.0,0.6,0.0,30,48,0.0,1,0
1514474,2025-12-06,Spain,Croatia,La Manga Club Top Ground,0.7755102040816326,0.22580645161290322,0.6,0.0,0.6,0.0,1.0,49,31,1.0,1,1
1477592,2025-12-07,South Africa,Ireland,"Boland Park, Paarl",0.5119760479041916,0.4838709677419355,0.4,0.2,0.4,0.5,0.8571428571428571,334,248,1.0,1,1
1513091,2025-12-07,Sierra Leone,Nigeria,"Nigeria Cricket Federation Oval 1, Abuja",0.4507042253521127,0.48760330578512395,0.0,0.8,0.1,0.6,0.06666666666666667,71,121,0.25,1,0
1514476,2025-12-07,Spain,Croatia,La Manga Club Top Ground,0.78,0.21875,0.8,0.0,0.6,0.0,1.0,50,32,1.0,1,1
1514477,2025-12-07,Croatia,Spain,La Manga Club Top Ground,0.21212121212121213,0.7843137254901961,0.0,0.8,0.0,0.6,0.0,33,51,0.0,1,0
1514511,2025-12-07,Oman,Qatar,Al Amerat Cricket Ground Oman Cricket (Ministry Turf 2),0.4778761061946903,0.425,0.8,0.6,0.8,0.6,0.75,113,80,0.75,1,1
1513092,2025-12-07,Zambia,Rwanda,"Nigeria Cricket Federation Oval 1, Abuja",0.3333333333333333,0.4473684210526316,0.3333333333333333,0.8,0.3333333333333333,0.6,0.0,3,152,0.3333333333333333,1,0
1513094,2025-12-08,Nigeria,Zambia,"Nigeria Cricket Federation Oval 1, Abuja",0.4918032786885246,0.25,0.8,0.25,0.7,0.25,1.0,122,4,1.0,1,1
1513093,2025-12-08,Rwanda,Sierra Leone,"Nigeria Cricket Federation Oval 1, Abuja",0.45098039215686275,0.4444444444444444,0.8,0.0,0.6,0.0,0.8571428571428571,153,72,0.75,1,1
1479576,2025-12-09,India,South Africa,"Barabati Stadium, Cuttack",0.6449086161879896,0.5134328358208955,0.8,0.6,0.8,0.5,0.6,383,335,0.0,1,1
1513825,2025-12-09,Malaysia,Philippines,"Terdthai Cricket Ground, Bangkok",0.5149700598802395,0.3829787234042553,0.2,0.4,0.5,0.6,0.5,167,47,1.0,1,1
1513824,2025-12-09,Thailand,Indonesia,"Terdthai Cricket Ground, Bangkok",0.564625850340136,0.5779816513761468,0.6,0.4,0.6,0.7,0.75,147,109,0.72,1,0
1513099,2025-12-09,Bahrain,Bhutan,Gelephu International Cricket Ground,0.5304347826086957,0.29310344827586204,0.6,0.2,0.8,0.1,0.5,115,58,0.5,1,1
1513095,2025-12-09,Rwanda,Nigeria,"Nigeria Cricket Federation Oval 1, Abuja",0.45454545454545453,0.4959349593495935,0.8,1.0,0.7,0.7,0.4,154,123,0.8,1,1
1513096,2025-12-09,Sierra Leone,Zambia,"Nigeria Cricket Federation Oval 1, Abuja",0.4383561643835616,0.2,0.0,0.2,0.0,0.2,0.0,73,5,0.16666666666666666,1,0
1513826,2025-12-10,Indonesia,Malaysia,"Terdthai Cricket Ground, Bangkok",0.5818181818181818,0.5178571428571429,0.4,0.4,0.7,0.5,0.0,110,168,0.4,1,0
1514513,2025-12-10,Oman,Qatar,Al Amerat Cricket Ground Oman Cricket (Ministry Turf 2),0.4824561403508772,0.41975308641975306,0.8,0.6,0.9,0.5,0.8,114,81,0.7692307692307693,1,1
1513827,2025-12-10,Philippines,Singapore,"Terdthai Cricket Ground, Bangkok",0.375,0.3055555555555556,0.2,0.4,0.5,0.4,0.3333333333333333,48,108,0.0,1,1
1513829,2025-12-11,Philippines,Indonesia,"Terdthai Cricket Ground, Bangkok",0.3877551020408163,0.5765765765765766,0.4,0.2,0.6,0.6,0.5833333333333334,49,111,0.5,1,1
1479577,2025-12-11,South Africa,India,"Maharaja Yadavindra Singh International Cricket Stadium, New Chandigarh",0.5119047619047619,0.6458333333333334,0.4,0.8,0.4,0.9,0.391304347826087,336,384,0.5,1,1
1513298,2025-12-11,Nigeria,Sierra Leone,"Nigeria Cricket Federation Oval 1, Abuja",0.49193548387096775,0.43243243243243246,0.8,0.0,0.6,0.0,0.9375,124,74,0.8571428571428571,1,1
1513097,2025-12-11,Zambia,Rwanda,"Nigeria Cricket Federation Oval 1, Abuja",0.3333333333333333,0.45806451612903226,0.4,0.8,0.3333333333333333,0.7,0.0,6,155,0.3333333333333333,1,1
1513100,2025-12-11,Bahrain,Bhutan,Gelephu International Cricket Ground,0.5344827586206896,0.288135593220339,0.6,0.2,0.8,0.1,0.6666666666666666,116,59,1.0,1,1
1513828,2025-12-11,Singapore,Thailand,"Terdthai Cricket Ground, Bangkok",0.30275229357798167,0.5608108108108109,0.2,0.4,0.4,0.6,0.6,109,148,0.5,1,1
1513300,2025-12-12,Rwanda,Sierra Leone,"Nigeria Cricket Federation Oval 1, Abuja",0.4551282051282051,0.4266666666666667,0.6,0.0,0.7,0.0,0.875,156,75,0.7142857142857143,1,1
1513831,2025-12-12,Thailand,Malaysia,"Terdthai Cricket Ground, Bangkok",0.5570469798657718,0.5207100591715976,0.2,0.6,0.5,0.5,0.3333333333333333,149,169,0.6666666666666666,1,0
1513299,2025-12-12,Nigeria,Zambia,"Nigeria Cricket Federation Oval 1, Abuja",0.496,0.42857142857142855,0.8,0.6,0.7,0.42857142857142855,1.0,125,7,0.875,1,1
1513101,2025-12-12,Bahrain,Bhutan,Gelephu International Cricket Ground,0.5384615384615384,0.2833333333333333,0.6,0.2,0.8,0.1,0.75,117,60,1.0,1,1
1513830,2025-12-12,Indonesia,Singapore,"Terdthai Cricket Ground, Bangkok",0.5714285714285714,0.3090909090909091,0.2,0.2,0.5,0.4,1.0,112,110,0.2857142857142857,1,0
1514516,2025-12-12,Bahrain,Saudi Arabia,Al Amerat Cricket Ground Oman Cricket (Ministry Turf 1),0.5423728813559322,0.49056603773584906,0.8,0.4,0.8,0.6,0.75,118,53,0.29411764705882354,1,1
1514515,2025-12-12,Oman,United Arab Emirates,Al Amerat Cricket Ground Oman Cricket (Ministry Turf 1),0.48695652173913045,0.6018957345971564,1.0,0.8,0.9,0.7,0.46153846153846156,115,211,0.4807692307692308,1,0
1514514,2025-12-12,Kuwait,Qatar,Al Amerat Cricket Ground Oman Cricket (Ministry Turf 1),0.4722222222222222,0.4146341463414634,0.2,0.4,0.2,0.4,0.75,108,82,0.5384615384615384,1,1
1513302,2025-12-13,Zambia,Sierra Leone,"Nigeria Cricket Federation Oval 1, Abuja",0.375,0.42105263157894735,0.4,0.0,0.375,0.0,1.0,8,76,0.375,1,0
1513102,2025-12-13,Bhutan,Bahrain,Gelephu International Cricket Ground,0.2786885245901639,0.5462184873949579,0.2,0.8,0.1,0.8,0.2,61,119,0.25,1,0
1513832,2025-12-13,Thailand,Philippines,"Terdthai Cricket Ground, Bangkok",0.5533333333333333,0.4,0.2,0.6,0.4,0.6,0.5,150,50,0.6428571428571429,1,0
1513833,2025-12-13,Singapore,Malaysia,"Terdthai Cricket Ground, Bangkok",0.3153153153153153,0.5235294117647059,0.4,0.8,0.5,0.5,0.15789473684210525,111,170,0.625,1,0
1513301,2025-12-13,Nigeria,Rwanda,"Nigeria Cricket Federation Oval 1, Abuja",0.5,0.4585987261146497,0.8,0.8,0.8,0.8,0.5625,126,157,0.8888888888888888,1,1
1514518,2025-12-13,Oman,Saudi Arabia,Al Amerat Cricket Ground Oman Cricket (Ministry Turf 1),0.4827586206896552,0.48148148148148145,0.8,0.2,0.8,0.5,0.75,116,54,0.4716981132075472,1,1
1514519,2025-12-13,Bahrain,Kuwait,Al Amerat Cricket Ground Oman Cricket (Ministry Turf 1),0.55,0.47706422018348627,1.0,0.2,0.8,0.2,0.3076923076923077,120,109,0.3333333333333333,1,0
1514517,2025-12-13,United Arab Emirates,Qatar,Al Amerat Cricket Ground Oman Cricket (Ministry Turf 1),0.6037735849056604,0.40963855421686746,1.0,0.2,0.7,0.4,1.0,212,83,0.7142857142857143,1,1
1513304,2025-12-14,Nigeria,Rwanda,"Nigeria Cricket Federation Oval 1, Abuja",0.5039370078740157,0.45569620253164556,0.8,0.6,0.8,0.7,0.5882352941176471,127,158,0.9,1,1
1513303,2025-12-14,Zambia,Sierra Leone,"Nigeria Cricket Federation Oval 1, Abuja",0.3333333333333333,0.42857142857142855,0.4,0.2,0.3333333333333333,0.1,0.6666666666666666,9,77,0.3333333333333333,1,1
1479578,2025-12-14,South Africa,India,"Himachal Pradesh Cricket Association Stadium, Dharamsala",0.5133531157270029,0.6441558441558441,0.6,0.6,0.5,0.8,0.40425531914893614,337,385,0.5,1,0
1513756,2025-12-15,Malaysia,Indonesia,"Terdthai Cricket Ground, Bangkok",0.5263157894736842,0.5663716814159292,1.0,0.2,0.6,0.4,1.0,171,113,1.0,1,1
1513755,2025-12-15,Myanmar,Thailand,"Terdthai Cricket Ground, Bangkok",0.46153846153846156,0.5496688741721855,0.8,0.0,0.7,0.4,0.0,52,151,0.0,1,0
1514520,2025-12-15,Bahrain,Oman,Al Amerat Cricket Ground Oman Cricket (Ministry Turf 1),0.5454545454545454,0.48717948717948717,0.8,0.8,0.7,0.8,0.2,121,117,0.3157894736842105,1,0
1514521,2025-12-15,Saudi Arabia,Qatar,Al Amerat Cricket Ground Oman Cricket (Ministry Turf 1),0.4727272727272727,0.40476190476190477,0.2,0.0,0.4,0.3,0.2857142857142857,55,84,0.18181818181818182,1,0
1514522,2025-12-15,Kuwait,United Arab Emirates,Al Amerat Cricket Ground Oman Cricket (Ministry Turf 1),0.4818181818181818,0.6056338028169014,0.4,1.0,0.3,0.7,0.1,110,213,0.6,1,0
1514525,2025-12-16,Kuwait,Oman,Al Amerat Cricket Ground Oman Cricket (Ministry Turf 1),0.4774774774774775,0.4915254237288136,0.4,0.8,0.3,0.8,0.2,111,118,0.5625,1,0
1513758,2025-12-16,Thailand,Singapore,"Terdthai Cricket Ground, Bangkok",0.5526315789473685,0.3125,0.2,0.4,0.4,0.5,0.3333333333333333,152,112,0.6333333333333333,1,1
1513757,2025-12-16,Indonesia,Philippines,"Terdthai Cricket Ground, Bangkok",0.5614035087719298,0.4117647058823529,0.2,0.8,0.3,0.6,0.38461538461538464,114,51,0.2222222222222222,1,1
1514523,2025-12-16,Qatar,Bahrain,Al Amerat Cricket Ground Oman Cricket (Ministry Turf 1),0.4117647058823529,0.5409836065573771,0.2,0.6,0.4,0.6,0.6666666666666666,85,122,0.36363636363636365,1,1
1514524,2025-12-16,United Arab Emirates,Saudi Arabia,Al Amerat Cricket Ground Oman Cricket (Ministry Turf 1),0.6074766355140186,0.4642857142857143,1.0,0.0,0.8,0.4,0.75,214,56,0.7391304347826086,1,1
1513759,2025-12-17,Philippines,Malaysia,"Terdthai Cricket Ground, Bangkok",0.40384615384615385,0.5290697674418605,0.6,1.0,0.5,0.6,0.0,52,172,0.6,1,0
1513760,2025-12-17,Myanmar,Singapore,"Terdthai Cricket Ground, Bangkok",0.4528301886792453,0.30973451327433627,0.8,0.4,0.6,0.4,0.9090909090909091,53,113,0.0,1,1
1514526,2025-12-18,Saudi Arabia,Kuwait,Al Amerat Cricket Ground Oman Cricket (Ministry Turf 1),0.45614035087719296,0.4732142857142857,0.0,0.4,0.3,0.3,0.2,57,112,0.15384615384615385,1,0
1514528,2025-12-18,Qatar,Oman,Al Amerat Cricket Ground Oman Cricket (Ministry Turf 1),0.4186046511627907,0.4957983193277311,0.4,0.8,0.5,0.8,0.16666666666666666,86,119,0.4166666666666667,1,0
1513762,2025-12-18,Malaysia,Myanmar,"Terdthai Cricket Ground, Bangkok",0.5317919075144508,0.46296296296296297,1.0,0.8,0.7,0.7,1.0,173,54,1.0,1,1
1513761,2025-12-18,Thailand,Indonesia,"Terdthai Cricket Ground, Bangkok",0.5555555555555556,0.5652173913043478,0.4,0.2,0.4,0.3,0.6666666666666666,153,115,0.6451612903225806,1,1
1514527,2025-12-18,United Arab Emirates,Bahrain,Al Amerat Cricket Ground Oman Cricket (Ministry Turf 1),0.6093023255813953,0.5365853658536586,1.0,0.4,0.8,0.6,0.75,215,123,0.75,1,1
1514529,2025-12-19,Oman,United Arab Emirates,Al Amerat Cricket Ground Oman Cricket (Ministry Turf 1),0.5,0.6111111111111112,0.8,1.0,0.9,0.9,0.42857142857142855,120,216,0.5087719298245614,1,0
1513764,2025-12-19,Malaysia,Thailand,"Terdthai Cricket Ground, Bangkok",0.5344827586206896,0.5584415584415584,1.0,0.6,0.8,0.4,0.6923076923076923,174,154,1.0,1,0
1479580,2025-12-19,India,South Africa,"Narendra Modi Stadium, Ahmedabad",0.6450777202072538,0.5118343195266272,0.8,0.6,0.8,0.4,0.6041666666666666,386,338,1.0,1,1
1513763,2025-12-19,Myanmar,Indonesia,"Terdthai Cricket Ground, Bangkok",0.45454545454545453,0.5603448275862069,0.6,0.2,0.6,0.2,0.0,55,116,0.25,1,0
1513735,2025-12-21,Sri Lanka,India,"Dr. Y.S. Rajasekhara Reddy ACA-VDCA Cricket Stadium, Visakhapatnam",0.4308176100628931,0.6459948320413437,0.4,0.8,0.5,0.8,0.26666666666666666,318,387,0.5,1,0
1515543,2025-12-23,Indonesia,Cambodia,Udayana Cricket Ground,0.5641025641025641,0.34285714285714286,0.4,0.2,0.3,0.5,0.42857142857142855,117,35,0.6323529411764706,1,1
1515542,2025-12-23,Indonesia,Cambodia,Udayana Cricket Ground,0.5677966101694916,0.3333333333333333,0.6,0.0,0.4,0.4,0.4666666666666667,118,36,0.6376811594202898,1,1
1513736,2025-12-23,Sri Lanka,India,"Dr. Y.S. Rajasekhara Reddy ACA-VDCA Cricket Stadium, Visakhapatnam",0.42946708463949845,0.6469072164948454,0.4,0.8,0.4,0.8,0.2608695652173913,319,388,0.0,1,0
1515010,2025-12-23,Myanmar,Bhutan,Gelephu International Cricket Ground,0.44642857142857145,0.27419354838709675,0.4,0.2,0.6,0.1,0.8,56,62,1.0,1,0
1515011,2025-12-24,Bhutan,Myanmar,Gelephu International Cricket Ground,0.2857142857142857,0.43859649122807015,0.2,0.2,0.2,0.5,0.3333333333333333,63,57,0.2857142857142857,1,1
1515544,2025-12-24,Cambodia,Indonesia,Udayana Cricket Ground,0.32432432432432434,0.5714285714285714,0.0,0.8,0.3,0.5,0.5,37,119,0.4666666666666667,1,0
1515545,2025-12-25,Indonesia,Cambodia,Udayana Cricket Ground,0.575,0.3157894736842105,0.8,0.0,0.5,0.2,0.5294117647058824,120,38,0.647887323943662,1,1
1513737,2025-12-26,Sri Lanka,India,"Greenfield International Stadium, Thiruvananthapuram",0.428125,0.6478149100257069,0.4,0.8,0.3,0.8,0.2553191489361702,320,389,0.5,1,0
1515012,2025-12-26,Bhutan,Myanmar,Gelephu International Cricket Ground,0.296875,0.43103448275862066,0.4,0.2,0.3,0.5,0.42857142857142855,64,58,0.3333333333333333,1,1
1517208,2025-12-26,Cambodia,Indonesia,Udayana Cricket Ground,0.3076923076923077,0.5785123966942148,0.0,1.0,0.2,0.6,0.4444444444444444,39,121,0.4117647058823529,1,0
1515013,2025-12-27,Bhutan,Myanmar,Gelephu International Cricket Ground,0.3076923076923077,0.423728813559322,0.6,0.0,0.4,0.4,0.5,65,59,0.375,1,1
1515547,2025-12-27,Cambodia,Indonesia,Udayana Cricket Ground,0.3,0.5819672131147541,0.0,1.0,0.1,0.7,0.42105263157894735,40,122,0.3888888888888889,1,0
1515548,2025-12-27,Cambodia,Indonesia,Udayana Cricket Ground,0.2926829268292683,0.5853658536585366,0.0,1.0,0.0,0.8,0.4,41,123,0.3684210526315789,1,0
1513738,2025-12-28,India,Sri Lanka,"Greenfield International Stadium, Thiruvananthapuram",0.6487179487179487,0.42679127725856697,1.0,0.2,0.8,0.2,0.75,390,321,1.0,1,1
1515014,2025-12-29,Bhutan,Myanmar,Gelephu International Cricket Ground,0.3181818181818182,0.4166666666666667,0.8,0.0,0.5,0.3,0.5555555555555556,66,60,0.4117647058823529,1,1
1515549,2025-12-29,Cambodia,Indonesia,Udayana Cricket Ground,0.2857142857142857,0.5887096774193549,0.0,1.0,0.0,0.9,0.38095238095238093,42,124,0.35,1,0
1513739,2025-12-30,India,Sri Lanka,"Greenfield International Stadium, Thiruvananthapuram",0.649616368286445,0.4254658385093168,1.0,0.0,0.9,0.2,0.7551020408163265,391,322,1.0,1,1
1514480,2026-01-07,Sri Lanka,Pakistan,Rangiri Dambulla International Stadium,0.4241486068111455,0.5214105793450882,0.0,0.8,0.2,0.7,0.3902439024390244,323,397,0.6428571428571429,1,0
1514482,2026-01-11,Sri Lanka,Pakistan,Rangiri Dambulla International Stadium,0.4228395061728395,0.5226130653266332,0.0,0.8,0.2,0.7,0.38095238095238093,324,398,0.6,1,1
1515208,2026-01-18,Netherlands,Zimbabwe,"Tribhuvan University International Cricket Ground, Kirtipur",0.5459459459459459,0.4713656387665198,0.8,0.2,0.6,0.5,0.6,185,227,0.6428571428571429,1,1
1515209,2026-01-18,Bangladesh,United States of America,Mulpani Cricket Ground,0.39655172413793105,0.5294117647058824,0.4,0.2,0.3,0.3,0.6,290,85,0.5,1,1
1515211,2026-01-18,Nepal,Thailand,"Tribhuvan University International Cricket Ground, Kirtipur",0.6046511627906976,0.5612903225806452,1.0,0.8,0.9,0.5,0.14285714285714285,172,155,0.5,1,0
1515210,2026-01-18,Ireland,Papua New Guinea,Mulpani Cricket Ground,0.4819277108433735,0.5631067961165048,0.2,0.6,0.4,0.5,0.6,249,103,0.5,1,1
1515214,2026-01-20,Netherlands,Scotland,"Tribhuvan University International Cricket Ground, Kirtipur",0.5483870967741935,0.538961038961039,0.8,0.6,0.6,0.8,0.4074074074074074,186,154,0.6666666666666666,1,1
1515215,2026-01-20,Namibia,United States of America,Mulpani Cricket Ground,0.5706214689265536,0.5232558139534884,0.0,0.0,0.1,0.3,0.0,177,86,0.5,1,0
1519145,2026-01-20,Malaysia,Bhutan,Gelephu International Cricket Ground,0.5314285714285715,0.3283582089552239,0.8,1.0,0.8,0.6,1.0,175,67,0.5,1,0
1515213,2026-01-20,Thailand,Zimbabwe,Mulpani Cricket Ground,0.5641025641025641,0.4692982456140351,1.0,0.2,0.5,0.4,0.5,156,228,0.5,1,1
1515212,2026-01-20,Bangladesh,Papua New Guinea,"Tribhuvan University International Cricket Ground, Kirtipur",0.39862542955326463,0.5576923076923077,0.6,0.6,0.4,0.5,1.0,291,104,0.5,1,1
1490234,2026-01-21,India,New Zealand,"Vidarbha Cricket Association Stadium, Jamtha, Nagpur",0.6505102040816326,0.5486725663716814,1.0,0.6,0.9,0.6,0.4666666666666667,392,339,1.0,1,1
1519146,2026-01-21,Hong Kong,Malaysia,Gelephu International Cricket Ground,0.4972067039106145,0.5284090909090909,0.2,0.6,0.5,0.8,0.45454545454545453,179,176,0.5,1,1
1515216,2026-01-22,Ireland,United States of America,Mulpani Cricket Ground,0.484,0.5287356321839081,0.2,0.2,0.4,0.4,0.6666666666666666,250,87,1.0,1,1
1515217,2026-01-22,Netherlands,Nepal,"Tribhuvan University International Cricket Ground, Kirtipur",0.5508021390374331,0.6011560693641619,1.0,0.8,0.7,0.8,0.6428571428571429,187,173,0.6875,1,1
1515219,2026-01-22,Zimbabwe,Scotland,Mulpani Cricket Ground,0.4672489082969432,0.535483870967742,0.2,0.4,0.3,0.7,0.8,229,155,0.0,1,0
1519147,2026-01-22,Hong Kong,Bhutan,Gelephu International Cricket Ground,0.5,0.3382352941176471,0.4,1.0,0.5,0.6,1.0,180,68,1.0,1,1
1515218,2026-01-22,Bangladesh,Namibia,"Tribhuvan University International Cricket Ground, Kirtipur",0.4006849315068493,0.5674157303370787,0.8,0.0,0.4,0.1,0.5,292,178,1.0,1,1
1490235,2026-01-23,New Zealand,India,"Shaheed Veer Narayan Singh International Stadium, Raipur",0.5470588235294118,0.6513994910941476,0.6,1.0,0.5,0.9,0.5161290322580645,340,393,0.5,1,0
1519136,2026-01-23,Italy,Ireland,"7he Sevens Stadium, Dubai",0.631578947368421,0.4860557768924303,0.4,0.4,0.5,0.4,0.0,57,251,0.5,1,0
1515220,2026-01-24,Thailand,Scotland,"Tribhuvan University International Cricket Ground, Kirtipur",0.5668789808917197,0.5384615384615384,1.0,0.4,0.6,0.7,0.2857142857142857,157,156,0.8571428571428571,1,0
1515221,2026-01-24,Namibia,Papua New Guinea,Mulpani Cricket Ground,0.5642458100558659,0.5523809523809524,0.0,0.4,0.1,0.4,0.2,179,105,0.0,1,0
1515222,2026-01-24,Zimbabwe,Nepal,"Tribhuvan University International Cricket Ground, Kirtipur",0.4652173913043478,0.5977011494252874,0.0,0.6,0.2,0.8,1.0,230,174,0.0,1,0
1515223,2026-01-24,Bangladesh,Ireland,Mulpani Cricket Ground,0.40273037542662116,0.4880952380952381,1.0,0.6,0.5,0.4,0.5714285714285714,293,252,1.0,1,1
1519148,2026-01-24,Malaysia,Bhutan,Gelephu International Cricket Ground,0.5254237288135594,0.3333333333333333,0.4,0.8,0.7,0.6,0.8333333333333334,177,69,0.0,1,0
1519149,2026-01-25,Hong Kong,Bhutan,Gelephu International Cricket Ground,0.5027624309392266,0.34285714285714286,0.6,0.8,0.5,0.7,1.0,181,70,1.0,1,1
1490236,2026-01-25,New Zealand,India,"Barsapara Cricket Stadium, Guwahati",0.5454545454545454,0.6522842639593909,0.6,1.0,0.4,0.9,0.5,341,394,0.5,1,0
1519137,2026-01-25,Ireland,Italy,"7he Sevens Stadium, Dubai",0.48616600790513836,0.6206896551724138,0.6,0.2,0.4,0.4,1.0,253,58,1.0,1,1
1519138,2026-01-26,Ireland,Italy,"7he Sevens Stadium, Dubai",0.4881889763779528,0.6101694915254238,0.8,0.2,0.5,0.3,1.0,254,59,1.0,1,0
1519150,2026-01-26,Malaysia,Hong Kong,Gelephu International Cricket Ground,0.5224719101123596,0.5054945054945055,0.2,0.8,0.6,0.6,0.5217391304347826,178,182,0.0,1,0
1515224,2026-01-26,Scotland,Nepal,"Tribhuvan University International Cricket Ground, Kirtipur",0.5414012738853503,0.6,0.4,0.6,0.7,0.8,0.5,157,175,0.5,1,1
1515225,2026-01-26,Papua New Guinea,United States of America,Mulpani Cricket Ground,0.5566037735849056,0.5227272727272727,0.6,0.2,0.5,0.3,1.0,106,88,0.5,1,0
1515226,2026-01-26,Namibia,Ireland,"Tribhuvan University International Cricket Ground, Kirtipur",0.5611111111111111,0.48627450980392156,0.0,0.6,0.1,0.4,0.5,180,255,0.25,1,0
1515227,2026-01-26,Netherlands,Thailand,Mulpani Cricket Ground,0.5531914893617021,0.5632911392405063,1.0,0.8,0.8,0.6,0.2727272727272727,188,158,0.5,1,1
1519151,2026-01-27,Malaysia,Bhutan,Gelephu International Cricket Ground,0.5195530726256983,0.3380281690140845,0.0,0.6,0.5,0.7,0.7142857142857143,179,71,0.0,1,0
1477609,2026-01-27,West Indies,South Africa,"Boland Park, Paarl",0.44837758112094395,0.5103244837758112,0.4,0.4,0.5,0.4,0.5227272727272727,339,339,0.5,1,0
1515230,2026-01-28,United States of America,Netherlands,"Tribhuvan University International Cricket Ground, Kirtipur",0.5280898876404494,0.5555555555555556,0.4,1.0,0.4,0.9,0.0,89,189,0.5,1,0
1515228,2026-01-28,Scotland,Ireland,"Tribhuvan University International Cricket Ground, Kirtipur",0.5443037974683544,0.48828125,0.6,0.6,0.7,0.5,0.3333333333333333,158,256,0.6666666666666666,1,1
1490237,2026-01-28,New Zealand,India,"Dr. Y.S. Rajasekhara Reddy ACA-VDCA Cricket Stadium, Visakhapatnam",0.543859649122807,0.6531645569620254,0.4,1.0,0.3,1.0,0.48484848484848486,342,395,0.5,1,1
1515229,2026-01-28,Bangladesh,Thailand,Mulpani Cricket Ground,0.40476190476190477,0.559748427672956,1.0,0.6,0.6,0.6,1.0,294,159,1.0,1,1
1519139,2026-01-29,Ireland,United Arab Emirates,Dubai International Cricket Stadium,0.48638132295719844,0.6129032258064516,0.4,1.0,0.5,1.0,0.4166666666666667,257,217,0.9,1,1
1519152,2026-01-29,Hong Kong,Bhutan,Gelephu International Cricket Ground,0.5081967213114754,0.3472222222222222,1.0,0.6,0.6,0.8,1.0,183,72,1.0,1,1
1519636,2026-01-29,Pakistan,Australia,"Gaddafi Stadium, Lahore",0.5213032581453634,0.6695652173913044,0.6,0.6,0.7,0.7,0.3,399,345,0.5882352941176471,1,1
1477610,2026-01-29,West Indies,South Africa,"SuperSport Park, Centurion",0.4470588235294118,0.5117647058823529,0.2,0.4,0.5,0.5,0.5111111111111111,340,340,0.5,1,0
1515231,2026-01-30,Bangladesh,Scotland,"Tribhuvan University International Cricket Ground, Kirtipur",0.4067796610169492,0.5471698113207547,1.0,0.8,0.7,0.7,0.8333333333333334,295,159,1.0,1,1
1515232,2026-01-30,Ireland,Netherlands,Mulpani Cricket Ground,0.4883720930232558,0.5578947368421052,0.6,1.0,0.6,0.9,0.6923076923076923,258,190,0.6666666666666666,1,1
1515233,2026-01-30,United States of America,Thailand,Mulpani Cricket Ground,0.5222222222222223,0.55625,0.4,0.4,0.3,0.6,0.0,90,160,0.5,1,1
1507719,2026-01-30,Sri Lanka,England,Pallekele International Cricket Stadium,0.4246153846153846,0.6363636363636364,0.2,0.8,0.3,0.6,0.2727272727272727,325,363,0.5555555555555556,1,0
1519140,2026-01-31,Ireland,United Arab Emirates,Dubai International Cricket Stadium,0.49034749034749037,0.6100917431192661,0.6,0.8,0.7,0.9,0.46153846153846156,259,218,0.9090909090909091,1,1
1477611,2026-01-31,West Indies,South Africa,"The Wanderers Stadium, Johannesburg",0.44574780058651026,0.5131964809384164,0.0,0.6,0.5,0.5,0.5,341,341,1.0,1,1
1490238,2026-01-31,India,New Zealand,"Greenfield International Stadium, Thiruvananthapuram",0.6515151515151515,0.5451895043731778,0.8,0.4,0.9,0.4,0.5,396,343,1.0,1,1
1519637,2026-01-31,Pakistan,Australia,"Gaddafi Stadium, Lahore",0.5225,0.6676300578034682,0.6,0.4,0.8,0.6,0.3170731707317073,400,346,0.6111111111111112,1,1
1507720,2026-02-01,Sri Lanka,England,Pallekele International Cricket Stadium,0.4233128834355828,0.6373626373626373,0.2,1.0,0.2,0.7,0.2608695652173913,326,364,0.5263157894736842,1,0
1519638,2026-02-01,Pakistan,Australia,"Gaddafi Stadium, Lahore",0.5236907730673317,0.6657060518731989,0.8,0.2,0.8,0.5,0.3333333333333333,401,347,0.631578947368421,1,1
1515236,2026-02-01,Scotland,United States of America,"Tribhuvan University International Cricket Ground, Kirtipur",0.54375,0.5274725274725275,0.8,0.6,0.6,0.3,1.0,160,91,0.6,1,1
1515235,2026-02-01,Netherlands,Bangladesh,Mulpani Cricket Ground,0.5549738219895288,0.40878378378378377,0.8,1.0,0.8,0.8,0.125,191,296,0.5,1,0
1515234,2026-02-01,Ireland,Thailand,"Tribhuvan University International Cricket Ground, Kirtipur",0.49230769230769234,0.5527950310559007,0.8,0.2,0.7,0.6,0.4,260,161,0.5,1,1
1520970,2026-02-03,Oman,Denmark,Al Amerat Cricket Ground Oman Cricket (Ministry Turf 2),0.49586776859504134,0.48,0.8,0.6,0.8,0.7,0.5,121,50,0.7857142857142857,1,1
1507721,2026-02-03,England,Sri Lanka,Pallekele International Cricket Stadium,0.6383561643835617,0.42201834862385323,1.0,0.2,0.8,0.1,0.75,365,327,0.6,1,1
1520971,2026-02-04,Oman,Denmark,Al Amerat Cricket Ground Oman Cricket (Ministry Turf 2),0.5,0.47058823529411764,0.8,0.4,0.8,0.6,1.0,122,51,0.8,1,1
1520972,2026-02-06,Oman,Denmark,Al Amerat Cricket Ground Oman Cricket (Ministry Turf 1),0.5040650406504065,0.46153846153846156,0.8,0.2,0.8,0.5,1.0,123,52,0.5,1,1
1520973,2026-02-07,Oman,Denmark,Al Amerat Cricket Ground Oman Cricket (Ministry Turf 2),0.5080645161290323,0.4528301886792453,0.8,0.2,0.8,0.4,1.0,124,53,0.8125,1,1
1512720,2026-02-07,West Indies,Scotland,"Eden Gardens, Kolkata",0.4473684210526316,0.546583850931677,0.2,0.8,0.5,0.6,0.5,342,161,0.0,1,1
1512719,2026-02-07,Netherlands,Pakistan,"Sinhalese Sports Club Ground, Colombo",0.5520833333333334,0.5248756218905473,0.6,0.8,0.8,0.8,0.0,192,402,0.5,1,0
1512721,2026-02-07,India,United States of America,"Wankhede Stadium, Mumbai",0.6523929471032746,0.5217391304347826,0.8,0.4,0.9,0.3,1.0,397,92,0.6,1,1
1512724,2026-02-08,Sri Lanka,Ireland,"R Premadasa Stadium, Colombo",0.42073170731707316,0.4942528735632184,0.2,0.8,0.1,0.7,0.8333333333333334,328,261,0.3333333333333333,1,1
1512723,2026-02-08,England,Nepal,"Wankhede Stadium, Mumbai",0.639344262295082,0.5965909090909091,1.0,0.4,0.8,0.7,0.5,366,176,0.5,1,1
1512727,2026-02-09,South Africa,Canada,"Narendra Modi Stadium, Ahmedabad",0.5116959064327485,0.5494505494505495,0.4,0.2,0.5,0.4,0.5,342,91,0.0,1,1
1512726,2026-02-09,Oman,Zimbabwe,"Sinhalese Sports Club Ground, Colombo",0.512,0.46320346320346323,0.8,0.0,0.8,0.1,0.5,125,231,0.5,1,0
1512725,2026-02-09,Scotland,Italy,"Eden Gardens, Kolkata",0.5432098765432098,0.6166666666666667,0.6,0.4,0.5,0.3,0.6666666666666666,162,60,0.0,1,1
1522984,2026-02-09,Oman,Qatar,"West End Park International Cricket Stadium, Doha",0.5079365079365079,0.41379310344827586,0.8,0.4,0.8,0.4,0.8571428571428571,126,87,0.75,1,1
1477597,2026-02-10,Pakistan,South Africa,"Senwes Park, Potchefstroom",0.5260545905707196,0.5131195335276968,0.8,0.6,0.8,0.6,0.5434782608695652,403,343,0.5,1,0
1512730,2026-02-10,Pakistan,United States of America,"Sinhalese Sports Club Ground, Colombo",0.5247524752475248,0.5161290322580645,0.8,0.4,0.7,0.3,0.5,404,93,1.0,1,1
1512729,2026-02-10,United Arab Emirates,New Zealand,"MA Chidambaram Stadium, Chepauk, Chennai",0.6073059360730594,0.5436046511627907,0.6,0.2,0.8,0.4,0.3333333333333333,219,344,0.5,1,0
1512728,2026-02-10,Namibia,Netherlands,"Arun Jaitley Stadium, Delhi",0.5580110497237569,0.5492227979274611,0.0,0.4,0.1,0.7,0.2,181,193,0.5,1,0
1522985,2026-02-10,Oman,Qatar,"West End Park International Cricket Stadium, Doha",0.5118110236220472,0.4090909090909091,0.8,0.4,0.8,0.3,0.875,127,88,0.8,1,1
1522994,2026-02-11,Qatar,Bahrain,"West End Park International Cricket Stadium, Doha",0.4044943820224719,0.532258064516129,0.4,0.2,0.2,0.5,0.6923076923076923,89,124,0.56,1,1
1512732,2026-02-11,Australia,Ireland,"R Premadasa Stadium, Colombo",0.6637931034482759,0.49236641221374045,0.0,0.8,0.4,0.6,1.0,348,262,1.0,1,1
1512733,2026-02-11,West Indies,England,"Wankhede Stadium, Mumbai",0.4489795918367347,0.6403269754768393,0.4,1.0,0.5,0.9,0.3548387096774194,343,367,0.5,1,1
1512734,2026-02-12,Sri Lanka,Oman,Pallekele International Cricket Stadium,0.42249240121580545,0.515625,0.4,0.8,0.2,0.8,0.5,329,128,0.47619047619047616,1,1
1512735,2026-02-12,Nepal,Italy,"Wankhede Stadium, Mumbai",0.5932203389830508,0.6065573770491803,0.2,0.2,0.6,0.3,0.5,177,61,0.0,1,0
1512736,2026-02-12,India,Namibia,"Arun Jaitley Stadium, Delhi",0.6532663316582915,0.554945054945055,0.8,0.0,0.9,0.0,1.0,398,182,0.5,1,1
1522986,2026-02-12,Oman,Qatar,"West End Park International Cricket Stadium, Doha",0.5116279069767442,0.4111111111111111,0.6,0.4,0.7,0.3,0.8888888888888888,129,90,0.8333333333333334,1,1
1522995,2026-02-13,Qatar,Bahrain,"West End Park International Cricket Stadium, Doha",0.4065934065934066,0.528,0.2,0.0,0.3,0.5,0.7142857142857143,91,125,0.5555555555555556,1,1
1477598,2026-02-13,Pakistan,South Africa,"Willowmoore Park, Benoni",0.5259259259259259,0.5145348837209303,0.8,0.8,0.7,0.6,0.5319148936170213,405,344,0.5,1,0
1522987,2026-02-13,Qatar,Oman,"West End Park International Cricket Stadium, Doha",0.41304347826086957,0.5153846153846153,0.4,0.6,0.4,0.7,0.1,92,130,0.5714285714285714,1,0
1512739,2026-02-13,United States of America,Netherlands,"MA Chidambaram Stadium, Chepauk, Chennai",0.5106382978723404,0.5515463917525774,0.2,0.4,0.3,0.7,0.0,94,194,0.5,1,1
1512738,2026-02-13,Canada,United Arab Emirates,"Arun Jaitley Stadium, Delhi",0.5434782608695652,0.6045454545454545,0.2,0.4,0.3,0.7,0.0,92,220,0.5,1,0
1512737,2026-02-13,Zimbabwe,Australia,"R Premadasa Stadium, Colombo",0.46551724137931033,0.664756446991404,0.2,0.2,0.2,0.5,0.3333333333333333,232,349,0.3333333333333333,1,1
1512741,2026-02-14,Scotland,England,"Eden Gardens, Kolkata",0.5460122699386503,0.6385869565217391,0.6,0.8,0.6,0.8,0.0,163,368,0.5,1,0
1512742,2026-02-14,New Zealand,South Africa,"Narendra Modi Stadium, Ahmedabad",0.5449275362318841,0.5159420289855072,0.4,0.8,0.5,0.6,0.53125,345,345,0.0,1,0
1522068,2026-02-14,Thailand,Malaysia,"Terdthai Cricket Ground, Bangkok",0.5493827160493827,0.5166666666666667,0.0,0.0,0.5,0.4,0.35714285714285715,162,180,0.6666666666666666,1,1
1522996,2026-02-14,Qatar,Bahrain,"West End Park International Cricket Stadium, Doha",0.40860215053763443,0.5238095238095238,0.4,0.0,0.4,0.4,0.7333333333333333,93,126,0.5517241379310345,1,0
1522988,2026-02-14,Qatar,Oman,"West End Park International Cricket Stadium, Doha",0.40425531914893614,0.5190839694656488,0.4,0.8,0.4,0.8,0.09090909090909091,94,131,0.5333333333333333,1,1
1512740,2026-02-14,Ireland,Oman,"Sinhalese Sports Club Ground, Colombo",0.49049429657794674,0.5151515151515151,0.6,0.6,0.6,0.7,0.6666666666666666,263,132,0.5,1,1
1512744,2026-02-15,United States of America,Namibia,"MA Chidambaram Stadium, Chepauk, Chennai",0.5157894736842106,0.5519125683060109,0.4,0.0,0.4,0.0,1.0,95,183,1.0,1,1
1512745,2026-02-15,India,Pakistan,"R Premadasa Stadium, Colombo",0.6541353383458647,0.5246305418719212,0.8,0.6,0.9,0.7,0.7857142857142857,399,406,0.3333333333333333,1,1
1522997,2026-02-15,Qatar,Bahrain,"West End Park International Cricket Stadium, Doha",0.4105263157894737,0.5275590551181102,0.4,0.2,0.4,0.4,0.6875,95,127,0.5483870967741935,1,1
1478912,2026-02-15,Australia,India,Sydney Cricket Ground,0.6628571428571428,0.655,0.2,0.8,0.4,0.9,0.5423728813559322,350,400,0.7142857142857143,1,0
1512743,2026-02-15,Nepal,West Indies,"Wankhede Stadium, Mumbai",0.5898876404494382,0.45058139534883723,0.2,0.6,0.5,0.5,0.6666666666666666,178,344,0.0,1,0
1477599,2026-02-16,Pakistan,South Africa,"Willowmoore Park, Benoni",0.5233415233415234,0.5173410404624278,0.4,0.8,0.6,0.7,0.5208333333333334,407,346,0.0,1,1
1512747,2026-02-16,England,Italy,"Eden Gardens, Kolkata",0.6395663956639567,0.6129032258064516,0.8,0.4,0.9,0.4,0.5,369,62,0.5,1,1
1512748,2026-02-16,Australia,Sri Lanka,Pallekele International Cricket Stadium,0.6609686609686609,0.42424242424242425,0.2,0.4,0.3,0.3,0.696969696969697,351,330,0.25,1,0
1512749,2026-02-17,Canada,New Zealand,"MA Chidambaram Stadium, Chepauk, Chennai",0.5376344086021505,0.5433526011560693,0.2,0.4,0.2,0.5,0.5,93,346,0.5,1,0
1512751,2026-02-17,Scotland,Nepal,"Wankhede Stadium, Mumbai",0.5426829268292683,0.5865921787709497,0.4,0.2,0.6,0.4,0.6666666666666666,164,179,0.5,1,0
1512753,2026-02-18,Pakistan,Namibia,"Sinhalese Sports Club Ground, Colombo",0.5245098039215687,0.5489130434782609,0.4,0.0,0.6,0.0,1.0,408,184,1.0,1,1
1512752,2026-02-18,United Arab Emirates,South Africa,"Arun Jaitley Stadium, Delhi",0.6063348416289592,0.515850144092219,0.4,0.8,0.7,0.6,0.5,221,347,1.0,1,0
1512754,2026-02-18,India,Netherlands,"Narendra Modi Stadium, Ahmedabad",0.655860349127182,0.5487179487179488,1.0,0.2,0.9,0.6,1.0,401,195,1.0,1,1
1512755,2026-02-19,West Indies,Italy,"Eden Gardens, Kolkata",0.45217391304347826,0.6031746031746031,0.8,0.4,0.5,0.3,0.5,345,63,0.25,1,1
1512756,2026-02-19,Sri Lanka,Zimbabwe,"R Premadasa Stadium, Colombo",0.4259818731117825,0.4678111587982833,0.6,0.4,0.4,0.3,0.7,331,233,0.38461538461538464,1,0
1478913,2026-02-19,Australia,India,"Manuka Oval, Canberra",0.6590909090909091,0.6567164179104478,0.2,1.0,0.2,0.9,0.5333333333333333,352,402,0.6,1,1
1512758,2026-02-20,Oman,Australia,Pallekele International Cricket Stadium,0.5112781954887218,0.660056657223796,0.4,0.4,0.6,0.2,0.0,133,353,0.0,1,0
1478914,2026-02-21,India,Australia,Adelaide Oval,0.6550868486352357,0.6610169491525424,0.8,0.4,0.8,0.3,0.45901639344262296,403,354,0.6666666666666666,1,1
1512761,2026-02-22,South Africa,India,"Narendra Modi Stadium, Ahmedabad",0.5172413793103449,0.655940594059406,0.8,0.8,0.7,0.8,0.3877551020408163,348,404,0.6666666666666666,1,1
1512760,2026-02-22,England,Sri Lanka,Pallekele International Cricket Stadium,0.6405405405405405,0.4246987951807229,0.8,0.6,0.9,0.4,0.76,370,332,0.6666666666666666,1,1
1512762,2026-02-23,West Indies,Zimbabwe,"Wankhede Stadium, Mumbai",0.45375722543352603,0.4700854700854701,1.0,0.6,0.5,0.4,0.75,346,234,1.0,1,1
1512763,2026-02-24,Pakistan,England,Pallekele International Cricket Stadium,0.5256723716381418,0.6415094339622641,0.6,0.8,0.7,0.9,0.21739130434782608,409,371,1.0,1,0
1522998,2026-02-25,Japan,Thailand,"Terdthai Cricket Ground, Bangkok",0.5764705882352941,0.5521472392638037,0.2,0.2,0.3,0.5,0.6666666666666666,85,163,0.4,1,1
1522999,2026-02-25,Bhutan,Bahrain,"Terdthai Cricket Ground, Bangkok",0.3424657534246575,0.5234375,0.4,0.2,0.7,0.3,0.16666666666666666,73,128,0.2,1,0
1512764,2026-02-25,New Zealand,Sri Lanka,"R Premadasa Stadium, Colombo",0.5446685878962536,0.42342342342342343,0.6,0.6,0.5,0.4,0.7027027027027027,347,333,0.5,1,1
1525159,2026-02-25,Kuwait,Hong Kong,"Mission Road Ground, Mong Kok, Hong Kong",0.4778761061946903,0.5108695652173914,0.6,1.0,0.4,0.6,0.3076923076923077,113,184,0.5,1,0
1491699,2026-02-25,New Zealand,Zimbabwe,"Seddon Park, Hamilton",0.5459770114942529,0.46808510638297873,0.6,0.6,0.5,0.3,1.0,348,235,1.0,1,1
1512766,2026-02-26,India,Zimbabwe,"MA Chidambaram Stadium, Chepauk, Chennai",0.654320987654321,0.4661016949152542,0.6,0.6,0.7,0.3,0.7692307692307693,405,236,0.6666666666666666,1,1
1523000,2026-02-26,Thailand,Bhutan,"Terdthai Cricket Ground, Bangkok",0.5487804878048781,0.33783783783783783,0.2,0.4,0.4,0.6,0.7142857142857143,164,74,0.6571428571428571,1,1
1523001,2026-02-26,Bahrain,Japan,"Terdthai Cricket Ground, Bangkok",0.5271317829457365,0.5813953488372093,0.4,0.4,0.3,0.4,0.5,129,86,0.3333333333333333,1,0
1512765,2026-02-26,West Indies,South Africa,"Narendra Modi Stadium, Ahmedabad",0.4553314121037464,0.5186246418338109,1.0,0.8,0.6,0.8,0.5106382978723404,347,349,0.5,1,0
1525160,2026-02-26,Hong Kong,Kuwait,"Mission Road Ground, Mong Kok, Hong Kong",0.5135135135135135,0.47368421052631576,1.0,0.4,0.7,0.3,0.7142857142857143,185,114,0.7894736842105263,1,1
1491700,2026-02-27,New Zealand,Zimbabwe,"Seddon Park, Hamilton",0.5472779369627507,0.4641350210970464,0.8,0.4,0.5,0.3,1.0,349,237,1.0,1,1
1512767,2026-02-27,New Zealand,England,"R Premadasa Stadium, Colombo",0.5485714285714286,0.6424731182795699,0.8,0.8,0.6,0.9,0.2549019607843137,350,372,1.0,1,0
1523002,2026-02-27,Japan,Bhutan,"Terdthai Cricket Ground, Bangkok",0.5862068965517241,0.3333333333333333,0.4,0.2,0.4,0.5,0.5,87,75,0.5714285714285714,1,1
1523003,2026-02-27,Bahrain,Thailand,"Terdthai Cricket Ground, Bangkok",0.5230769230769231,0.5515151515151515,0.4,0.4,0.2,0.4,0.5,130,165,0.25,1,1
1512768,2026-02-28,Pakistan,Sri Lanka,Pallekele International Cricket Stadium,0.524390243902439,0.4221556886227545,0.4,0.4,0.6,0.4,0.6046511627906976,410,334,0.6666666666666666,1,1
1523004,2026-02-28,Bhutan,Thailand,"Terdthai Cricket Ground, Bangkok",0.32894736842105265,0.5481927710843374,0.2,0.4,0.4,0.3,0.25,76,166,0.15384615384615385,1,1
1491701,2026-03-01,Zimbabwe,New Zealand,"Seddon Park, Hamilton",0.46218487394957986,0.5470085470085471,0.2,0.8,0.3,0.6,0.0,238,351,0.0,1,0
1523982,2026-03-01,West Indies,Sri Lanka,"National Cricket Stadium, St George's, Grenada",0.4540229885057471,0.4208955223880597,0.8,0.2,0.6,0.3,0.5806451612903226,348,335,0.42857142857142855,1,0
1525162,2026-03-01,Hong Kong,Kuwait,"Mission Road Ground, Mong Kok, Hong Kong",0.5161290322580645,0.46956521739130436,1.0,0.2,0.8,0.3,0.7333333333333333,186,115,0.8,1,0
1512770,2026-03-01,West Indies,India,"Eden Gardens, Kolkata",0.45272206303724927,0.6551724137931034,0.6,0.6,0.6,0.8,0.2857142857142857,349,406,0.4,1,0
1512769,2026-03-01,Zimbabwe,South Africa,"Arun Jaitley Stadium, Delhi",0.4602510460251046,0.52,0.0,0.8,0.3,0.8,0.0,239,350,0.5,1,0
1523983,2026-03-03,West Indies,Sri Lanka,"National Cricket Stadium, St George's, Grenada",0.4514285714285714,0.4226190476190476,0.4,0.2,0.6,0.4,0.5625,350,336,0.375,1,0
1512771,2026-03-04,South Africa,New Zealand,"Eden Gardens, Kolkata",0.5213675213675214,0.5482954545454546,0.8,0.8,0.8,0.7,0.48484848484848486,351,352,0.5,1,0
1512772,2026-03-05,India,England,"Wankhede Stadium, Mumbai",0.6560196560196561,0.6434316353887399,0.6,1.0,0.8,0.9,0.4406779661016949,407,373,0.6666666666666666,1,1
1527157,2026-03-07,Malaysia,Bahrain,"Bayuemas Oval, Kuala Lumpur",0.5138121546961326,0.5267175572519084,0.0,0.6,0.3,0.3,0.5,181,131,0.6046511627906976,1,1
1527158,2026-03-08,Bahrain,Malaysia,"Bayuemas Oval, Kuala Lumpur",0.5227272727272727,0.5164835164835165,0.4,0.2,0.3,0.3,0.45454545454545453,132,182,0.6666666666666666,1,1
1525166,2026-03-08,Argentina,Cayman Islands,"Jimmy Powell Oval, Cayman Islands",0.39473684210526316,0.4,0.4,0.4,0.4,0.4,0.0,38,35,0.5,1,0
1512773,2026-03-08,India,New Zealand,"Narendra Modi Stadium, Ahmedabad",0.6568627450980392,0.5495750708215298,0.8,0.8,0.8,0.7,0.5142857142857142,408,353,0.75,1,1
1525167,2026-03-08,Mexico,Suriname,"Jimmy Powell Oval, Cayman Islands",0.5,0.25,0.4,0.4,0.4,0.25,1.0,20,8,0.5,1,1
1525168,2026-03-09,Argentina,Suriname,"Jimmy Powell Oval, Cayman Islands",0.38461538461538464,0.2222222222222222,0.4,0.2,0.4,0.2222222222222222,1.0,39,9,0.0,1,1
1525169,2026-03-09,Mexico,Cayman Islands,"Jimmy Powell Oval, Cayman Islands",0.5238095238095238,0.4166666666666667,0.6,0.6,0.4,0.4,0.0,21,36,1.0,1,0
1527277,2026-03-09,Lesotho,Botswana,"Botswana Cricket Association Oval 1, Gaborone",0.10344827586206896,0.35051546391752575,0.2,0.0,0.2,0.3,0.0,29,97,0.0,1,0
1527159,2026-03-10,Malaysia,Bahrain,"Bayuemas Oval, Kuala Lumpur",0.5136612021857924,0.5263157894736842,0.2,0.6,0.2,0.4,0.5,183,133,0.6,1,0
1527278,2026-03-10,Lesotho,Botswana,"Botswana Cricket Association Oval 1, Gaborone",0.1,0.35714285714285715,0.2,0.2,0.2,0.3,0.0,30,98,0.0,1,0
1525171,2026-03-11,Argentina,Mexico,"Jimmy Powell Oval, Cayman Islands",0.4,0.5,0.6,0.6,0.4,0.4,1.0,40,22,0.5,1,1
1525170,2026-03-11,Suriname,Cayman Islands,"Jimmy Powell Oval, Cayman Islands",0.2,0.43243243243243246,0.2,0.8,0.2,0.5,1.0,10,37,0.0,1,0
1527279,2026-03-12,Botswana,Lesotho,"Botswana Cricket Association Oval 1, Gaborone",0.36363636363636365,0.0967741935483871,0.4,0.2,0.3,0.2,1.0,99,31,0.5217391304347826,1,1
1525172,2026-03-12,Cayman Islands,Mexico,"Jimmy Powell Oval, Cayman Islands",0.4473684210526316,0.4782608695652174,1.0,0.4,0.6,0.4,1.0,38,23,0.5,1,1
1525173,2026-03-12,Suriname,Argentina,"Jimmy Powell Oval, Cayman Islands",0.18181818181818182,0.4146341463414634,0.2,0.8,0.2,0.5,0.0,11,41,0.0,1,0
1527280,2026-03-13,Botswana,Lesotho,"Botswana Cricket Association Oval 1, Gaborone",0.37,0.09375,0.6,0.2,0.4,0.2,1.0,100,32,0.5416666666666666,1,1
1527770,2026-03-14,Cyprus,Austria,Happy Valley Ground 2,0.7073170731707317,0.6575342465753424,1.0,0.6,1.0,0.5,0.5,41,73,1.0,1,1
1525174,2026-03-14,Argentina,Mexico,"Jimmy Powell Oval, Cayman Islands",0.42857142857142855,0.4583333333333333,0.8,0.2,0.5,0.3,1.0,42,24,0.75,1,1
1525175,2026-03-14,Suriname,Cayman Islands,"Jimmy Powell Oval, Cayman Islands",0.16666666666666666,0.46153846153846156,0.2,1.0,0.2,0.7,0.5,12,39,0.0,1,0
1491705,2026-03-15,New Zealand,South Africa,"Bay Oval, Mount Maunganui",0.5480225988700564,0.5198863636363636,0.6,0.8,0.7,0.8,0.5294117647058824,354,352,0.5,1,1
1527281,2026-03-15,Botswana,Lesotho,"Botswana Cricket Association Oval 1, Gaborone",0.37623762376237624,0.09090909090909091,0.8,0.2,0.5,0.1,1.0,101,33,0.56,1,1
1525177,2026-03-15,Argentina,Cayman Islands,"Jimmy Powell Oval, Cayman Islands",0.4418604651162791,0.475,0.8,1.0,0.6,0.7,0.0,43,40,0.8,1,0
1525176,2026-03-15,Mexico,Suriname,"Jimmy Powell Oval, Cayman Islands",0.44,0.15384615384615385,0.2,0.0,0.3,0.2,1.0,25,13,0.2,1,0
1491735,2026-03-15,New Zealand,South Africa,"Bay Oval, Mount Maunganui",0.5492957746478874,0.5184135977337111,0.6,0.6,0.7,0.7,0.5428571428571428,355,353,0.5555555555555556,1,0
1527773,2026-03-16,Cyprus,Austria,Happy Valley Ground 2,0.7142857142857143,0.6486486486486487,1.0,0.6,1.0,0.5,1.0,42,74,1.0,1,0
1491706,2026-03-17,South Africa,New Zealand,"Seddon Park, Hamilton",0.519774011299435,0.547752808988764,0.6,0.6,0.7,0.7,0.4722222222222222,354,356,0.5,1,1
1491736,2026-03-17,New Zealand,South Africa,"Seddon Park, Hamilton",0.5462184873949579,0.5211267605633803,0.4,0.6,0.6,0.7,0.5135135135135135,357,355,0.8,1,1
1526564,2026-03-19,Australia,West Indies,"Arnos Vale Ground, Kingstown, St Vincent",0.6591549295774648,0.45014245014245013,0.4,0.2,0.3,0.6,0.6666666666666666,355,351,0.5,1,1
1526693,2026-03-20,Rwanda,Ghana,"Tafawa Balewa Square Cricket Oval, Lagos",0.4528301886792453,0.34210526315789475,0.4,0.6,0.6,0.4,0.625,159,38,0.4444444444444444,1,1
1491707,2026-03-20,South Africa,New Zealand,"Eden Park, Auckland",0.5196629213483146,0.547486033519553,0.4,0.4,0.6,0.6,0.47368421052631576,356,358,0.5,1,0
1491737,2026-03-20,South Africa,New Zealand,"Eden Park, Auckland",0.5182072829131653,0.5487465181058496,0.4,0.6,0.6,0.6,0.46153846153846156,357,359,0.0,1,0
1526565,2026-03-21,Australia,West Indies,"Arnos Vale Ground, Kingstown, St Vincent",0.6601123595505618,0.44886363636363635,0.6,0.0,0.4,0.5,0.675,356,352,1.0,1,1
1526697,2026-03-22,Nigeria,Ghana,"Tafawa Balewa Square Cricket Oval, Lagos",0.5078125,0.3333333333333333,0.8,0.4,0.9,0.3,1.0,128,39,1.0,1,1
1491708,2026-03-22,South Africa,New Zealand,"Sky Stadium, Wellington",0.5167597765363129,0.55,0.4,0.6,0.5,0.6,0.45,358,360,0.5,1,0
1491738,2026-03-22,South Africa,New Zealand,"Sky Stadium, Wellington",0.5153203342618384,0.5512465373961218,0.2,0.8,0.4,0.7,0.43902439024390244,359,361,0.0,1,1
1526566,2026-03-23,Australia,West Indies,"Arnos Vale Ground, Kingstown, St Vincent",0.6610644257703081,0.4475920679886686,0.8,0.0,0.5,0.4,0.6829268292682927,357,353,1.0,1,1
1526840,2026-03-24,Malawi,Tanzania,"Achimota Senior Secondary School A Field, Accra",0.35,0.591304347826087,0.4,0.0,0.3,0.2,0.0,60,115,0.5,1,0
1526842,2026-03-24,Seychelles,Ghana,"Achimota Senior Secondary School B Field, Accra",0.16666666666666666,0.325,0.0,0.4,0.1,0.3,0.0,12,40,0.5,1,0
1526841,2026-03-24,Eswatini,St Helena,"Achimota Senior Secondary School A Field, Accra",0.18181818181818182,0.25,0.6,0.2,0.3,0.25,1.0,33,8,0.5,1,1
1526699,2026-03-24,Nigeria,Rwanda,"Tafawa Balewa Square Cricket Oval, Lagos",0.5116279069767442,0.45625,1.0,0.4,0.9,0.6,0.6111111111111112,129,160,1.0,1,0
1526843,2026-03-25,St Helena,Seychelles,"Achimota Senior Secondary School A Field, Accra",0.2222222222222222,0.15384615384615385,0.2,0.0,0.2222222222222222,0.1,0.5,9,13,0.0,1,0
1491739,2026-03-25,South Africa,New Zealand,"Hagley Oval, Christchurch",0.5166666666666667,0.5497237569060773,0.2,0.8,0.4,0.6,0.4523809523809524,360,362,0.5,1,1
1526844,2026-03-25,Tanzania,Eswatini,"Achimota Senior Secondary School B Field, Accra",0.5948275862068966,0.20588235294117646,0.2,0.8,0.3,0.4,1.0,116,34,0.5,1,1
1526845,2026-03-25,Malawi,Ghana,"Achimota Senior Secondary School A Field, Accra",0.3442622950819672,0.34146341463414637,0.4,0.4,0.3,0.4,0.5,61,41,0.0,1,0
1491709,2026-03-25,New Zealand,South Africa,"Hagley Oval, Christchurch",0.5482093663911846,0.518005540166205,0.6,0.4,0.5,0.4,0.5348837209302325,363,361,0.5384615384615384,1,1
1526846,2026-03-27,St Helena,Ghana,"Achimota Senior Secondary School A Field, Accra",0.2,0.35714285714285715,0.2,0.6,0.2,0.5,0.5,10,42,0.0,1,0
1526847,2026-03-27,Eswatini,Malawi,"Achimota Senior Secondary School B Field, Accra",0.2,0.3387096774193548,0.8,0.2,0.4,0.3,0.5,35,62,0.0,1,0
1526848,2026-03-27,Tanzania,Seychelles,"Achimota Senior Secondary School B Field, Accra",0.5982905982905983,0.21428571428571427,0.4,0.2,0.3,0.1,0.5,117,14,0.6666666666666666,1,1
1528293,2026-03-28,Nigeria,Rwanda,"Tafawa Balewa Square Cricket Oval, Lagos",0.5076923076923077,0.45962732919254656,0.8,0.6,0.8,0.6,0.5789473684210527,130,161,0.9230769230769231,1,1
1526849,2026-03-28,Tanzania,St Helena,"Achimota Senior Secondary School B Field, Accra",0.6016949152542372,0.18181818181818182,0.6,0.2,0.4,0.2,0.5,118,11,0.75,1,1
1526850,2026-03-28,Seychelles,Malawi,"Achimota Senior Secondary School A Field, Accra",0.2,0.3492063492063492,0.2,0.4,0.1,0.3,0.0,15,63,1.0,1,0
1526851,2026-03-28,Ghana,Eswatini,"Achimota Senior Secondary School B Field, Accra",0.37209302325581395,0.19444444444444445,0.6,0.6,0.6,0.4,0.5,43,36,0.3333333333333333,1,1
1529377,2026-04-02,Mexico,Costa Rica,"Reforma Athletic Club, Naucalpan",0.4230769230769231,0.2,0.0,0.2,0.3,0.2,0.8571428571428571,26,10,1.0,1,1
1529379,2026-04-03,Mexico,Brazil,"Reforma Athletic Club, Naucalpan",0.4444444444444444,0.4166666666666667,0.2,0.6,0.4,0.5,0.5,27,36,1.0,1,1
1529781,2026-04-03,Cyprus,Greece,Happy Valley Ground 2,0.6976744186046512,0.2413793103448276,0.8,0.4,0.9,0.3,1.0,43,29,0.8571428571428571,1,1
1529780,2026-04-03,Cyprus,Greece,Happy Valley Ground 2,0.7045454545454546,0.23333333333333334,0.8,0.4,0.9,0.3,1.0,44,30,0.875,1,1
1529378,2026-04-03,Costa Rica,Brazil,"Reforma Athletic Club, Naucalpan",0.18181818181818182,0.40540540540540543,0.2,0.4,0.2,0.4,0.5,11,37,0.0,1,0
1529381,2026-04-04,Costa Rica,Mexico,"Reforma Athletic Club, Naucalpan",0.16666666666666666,0.4642857142857143,0.2,0.4,0.2,0.4,0.125,12,28,0.0,1,0
1529380,2026-04-04,Brazil,Costa Rica,"Reforma Athletic Club, Naucalpan",0.42105263157894735,0.15384615384615385,0.4,0.2,0.5,0.1,1.0,38,13,0.6666666666666666,1,1
1529782,2026-04-04,Cyprus,Greece,Happy Valley Ground 2,0.7111111111111111,0.22580645161290322,0.8,0.4,0.9,0.2,1.0,45,31,0.8888888888888888,1,1
1529785,2026-04-05,Cyprus,Greece,Happy Valley Ground 2,0.717391304347826,0.21875,0.8,0.2,0.9,0.2,1.0,46,32,0.9,1,0
1529784,2026-04-05,Cyprus,Greece,Happy Valley Ground 2,0.7021276595744681,0.24242424242424243,0.6,0.2,0.8,0.3,0.8,47,33,0.8181818181818182,1,1
1529382,2026-04-05,Mexico,Brazil,"Reforma Athletic Club, Naucalpan",0.4827586206896552,0.4358974358974359,0.6,0.4,0.4,0.6,0.6666666666666666,29,39,1.0,1,0
1528300,2026-04-05,France,Portugal,Santarem Cricket Ground,0.36538461538461536,0.696969696969697,0.2,0.8,0.1,0.8,0.5,52,33,0.5,1,0
1528299,2026-04-05,Norway,France,Santarem Cricket Ground,0.4918032786885246,0.3584905660377358,0.6,0.2,0.6,0.1,0.5,61,53,0.3333333333333333,1,1
1528317,2026-04-06,Brazil,Botswana,"Botswana Cricket Association Oval 1, Gaborone",0.45,0.38235294117647056,0.6,1.0,0.7,0.5,0.5,40,102,0.5,1,1
1528301,2026-04-06,Portugal,Norway,Santarem Cricket Ground,0.7058823529411765,0.5,0.8,0.8,0.8,0.6,0.6666666666666666,34,62,0.8,1,1
1528302,2026-04-06,Portugal,France,Santarem Cricket Ground,0.7142857142857143,0.35185185185185186,0.8,0.2,0.8,0.1,1.0,35,54,0.8181818181818182,1,1
1528319,2026-04-06,Mozambique,Zambia,"Botswana Cricket Association Oval 1, Gaborone",0.34615384615384615,0.4,0.2,0.6,0.3,0.4,0.5,52,10,0.2857142857142857,1,1
1528320,2026-04-06,Botswana,Lesotho,"Botswana Cricket Association Oval 2, Gaborone",0.3786407766990291,0.08823529411764706,0.8,0.0,0.5,0.1,1.0,103,34,1.0,1,1
1528318,2026-04-06,Lesotho,Malawi,"Botswana Cricket Association Oval 2, Gaborone",0.08571428571428572,0.359375,0.0,0.6,0.1,0.4,0.0,35,64,0.1111111111111111,1,0
1528324,2026-04-07,Mozambique,Brazil,"Botswana Cricket Association Oval 2, Gaborone",0.3584905660377358,0.4634146341463415,0.2,0.8,0.4,0.7,0.5,53,41,0.45454545454545453,1,0
1528321,2026-04-07,Brazil,Malawi,"Botswana Cricket Association Oval 1, Gaborone",0.47619047619047616,0.36923076923076925,1.0,0.6,0.7,0.5,1.0,42,65,1.0,1,1
1528322,2026-04-07,Mozambique,Botswana,"Botswana Cricket Association Oval 2, Gaborone",0.35185185185185186,0.38461538461538464,0.2,0.8,0.3,0.6,0.0,54,104,0.4166666666666667,1,1
1528323,2026-04-07,Zambia,Lesotho,"Botswana Cricket Association Oval 1, Gaborone",0.36363636363636365,0.08333333333333333,0.4,0.0,0.4,0.1,0.5,11,36,0.0,1,0
1529787,2026-04-07,Indonesia,Sweden,Udayana Cricket Ground,0.592,0.4444444444444444,1.0,0.6,0.9,0.4,0.5,125,45,0.6710526315789473,1,0
1529788,2026-04-07,Indonesia,Sweden,Udayana Cricket Ground,0.5873015873015873,0.45652173913043476,0.8,0.8,0.9,0.5,0.0,126,46,0.6623376623376623,1,0
1528303,2026-04-07,France,Norway,Santarem Cricket Ground,0.34545454545454546,0.49206349206349204,0.2,0.6,0.1,0.5,0.4,55,63,0.0,1,1
1528325,2026-04-08,Botswana,Malawi,"Botswana Cricket Association Oval 1, Gaborone",0.38095238095238093,0.36363636363636365,0.6,0.6,0.6,0.5,0.75,105,66,0.5555555555555556,1,1
1528305,2026-04-08,Portugal,Norway,Santarem Cricket Ground,0.7222222222222222,0.484375,0.8,0.6,0.9,0.5,0.7142857142857143,36,64,0.8333333333333334,1,1
1528306,2026-04-08,Portugal,France,Santarem Cricket Ground,0.7297297297297297,0.35714285714285715,0.8,0.4,0.9,0.2,1.0,37,56,0.8461538461538461,1,0
1528328,2026-04-08,Botswana,Zambia,"Botswana Cricket Association Oval 2, Gaborone",0.3867924528301887,0.3333333333333333,0.6,0.2,0.7,0.4,0.5,106,12,0.875,1,1
1528327,2026-04-08,Mozambique,Lesotho,"Botswana Cricket Association Oval 1, Gaborone",0.36363636363636365,0.10810810810810811,0.4,0.2,0.4,0.2,1.0,55,37,0.3333333333333333,1,1
1528326,2026-04-08,Brazil,Zambia,"Botswana Cricket Association Oval 2, Gaborone",0.4883720930232558,0.3076923076923077,1.0,0.2,0.7,0.3,0.5,43,13,1.0,1,1
1529789,2026-04-09,Indonesia,Sweden,Udayana Cricket Ground,0.5826771653543307,0.46808510638297873,0.6,0.8,0.8,0.6,0.0,127,47,0.6538461538461539,1,0
1528331,2026-04-09,Zambia,Malawi,"Botswana Cricket Association Oval 1, Gaborone",0.2857142857142857,0.3582089552238806,0.2,0.6,0.3,0.4,0.5,14,67,0.0,1,0
1528329,2026-04-09,Mozambique,Malawi,"Botswana Cricket Association Oval 1, Gaborone",0.375,0.36764705882352944,0.6,0.6,0.5,0.5,0.5,56,68,0.375,1,0
1528330,2026-04-09,Brazil,Lesotho,"Botswana Cricket Association Oval 2, Gaborone",0.5,0.10526315789473684,1.0,0.2,0.7,0.2,0.5,44,38,1.0,1,1
1528307,2026-04-09,Norway,France,Santarem Cricket Ground,0.47692307692307695,0.3684210526315789,0.4,0.4,0.5,0.3,0.5,65,57,0.3,1,0
1528308,2026-04-09,Portugal,France,Santarem Cricket Ground,0.7105263157894737,0.3793103448275862,0.8,0.6,0.8,0.4,0.6666666666666666,38,58,0.7857142857142857,1,1
1529790,2026-04-09,Sweden,Indonesia,Udayana Cricket Ground,0.4791666666666667,0.578125,0.8,0.4,0.7,0.7,1.0,48,128,1.0,1,1
1528332,2026-04-10,Botswana,Brazil,"Botswana Cricket Association Oval 1, Gaborone",0.3925233644859813,0.5111111111111111,0.6,1.0,0.8,0.8,0.0,107,45,0.5714285714285714,1,0
1528333,2026-04-10,Lesotho,Malawi,"Botswana Cricket Association Oval 2, Gaborone",0.10256410256410256,0.37681159420289856,0.2,0.6,0.1,0.6,0.0,39,69,0.09090909090909091,1,0
1528334,2026-04-10,Mozambique,Brazil,"Botswana Cricket Association Oval 1, Gaborone",0.3684210526315789,0.5217391304347826,0.6,1.0,0.4,0.9,0.0,57,46,0.35294117647058826,1,0
1528335,2026-04-10,Malawi,Zambia,"Botswana Cricket Association Oval 2, Gaborone",0.38571428571428573,0.26666666666666666,0.6,0.0,0.6,0.3,1.0,70,15,0.75,1,1
1529786,2026-04-11,Botswana,Brazil,"Botswana Cricket Association Oval 1, Gaborone",0.3888888888888889,0.5319148936170213,0.6,1.0,0.7,1.0,0.0,108,47,0.5517241379310345,1,0
1528336,2026-04-11,Botswana,Mozambique,"Botswana Cricket Association Oval 1, Gaborone",0.3853211009174312,0.3620689655172414,0.4,0.4,0.6,0.3,0.9,109,58,0.5333333333333333,1,1
1528337,2026-04-11,Lesotho,Zambia,"Botswana Cricket Association Oval 2, Gaborone",0.1,0.25,0.2,0.0,0.1,0.2,1.0,40,16,0.08333333333333333,1,1
1528338,2026-04-11,Mozambique,Malawi,"Botswana Cricket Association Oval 2, Gaborone",0.3559322033898305,0.39436619718309857,0.4,0.8,0.3,0.7,0.0,59,71,0.46153846153846156,1,0
1529792,2026-04-11,Sweden,Indonesia,Udayana Cricket Ground,0.4897959183673469,0.5736434108527132,0.8,0.2,0.8,0.6,1.0,49,129,1.0,1,1
1529791,2026-04-11,Indonesia,Sweden,Udayana Cricket Ground,0.5692307692307692,0.5,0.0,1.0,0.5,0.8,0.0,130,50,0.6296296296296297,1,0
1529793,2026-04-13,Sweden,Indonesia,Udayana Cricket Ground,0.5098039215686274,0.5648854961832062,1.0,0.0,0.9,0.4,1.0,51,131,1.0,1,0
1529794,2026-04-13,Sweden,Indonesia,Udayana Cricket Ground,0.5,0.5681818181818182,0.8,0.2,0.8,0.4,0.8571428571428571,52,132,0.8571428571428571,1,1
1529145,2026-04-15,Namibia,Scotland,"Namibia Cricket Ground, Windhoek",0.5459459459459459,0.5393939393939394,0.0,0.4,0.0,0.6,0.42857142857142855,185,165,0.75,1,0
1529146,2026-04-17,Scotland,Namibia,"Namibia Cricket Ground, Windhoek",0.5421686746987951,0.543010752688172,0.4,0.0,0.6,0.0,0.625,166,186,1.0,1,1
1527253,2026-04-17,India,South Africa,"Kingsmead, Durban",0.6577017114914425,0.5165745856353591,0.8,0.4,0.8,0.4,0.6,409,362,1.0,1,0
1529147,2026-04-18,Scotland,Namibia,"Namibia Cricket Ground, Windhoek",0.5449101796407185,0.5401069518716578,0.6,0.0,0.6,0.0,0.6666666666666666,167,187,1.0,1,0
1531150,2026-04-18,Italy,Rwanda,"Gahanga International Cricket Stadium, Rwanda",0.59375,0.4567901234567901,0.4,0.4,0.3,0.6,0.5,64,162,0.5,1,1
1531151,2026-04-18,United States of America,Nepal,"Gahanga International Cricket Stadium, Rwanda",0.5208333333333334,0.5888888888888889,0.4,0.2,0.5,0.4,0.0,96,180,0.5,1,1
1531153,2026-04-19,Nepal,Italy,"Gahanga B Ground, Rwanda",0.585635359116022,0.6,0.2,0.4,0.3,0.4,0.0,181,65,0.5,1,1
1527254,2026-04-19,India,South Africa,"Kingsmead, Durban",0.6560975609756098,0.5179063360881543,0.8,0.6,0.7,0.5,0.5882352941176471,410,363,0.5,1,0
1531152,2026-04-19,Rwanda,Vanuatu,"Gahanga B Ground, Rwanda",0.4539877300613497,0.5,0.4,0.8,0.5,0.6,0.5,163,56,0.6923076923076923,1,1
1531694,2026-04-20,Nepal,United Arab Emirates,"Tribhuvan University International Cricket Ground, Kirtipur",0.5879120879120879,0.6036036036036037,0.4,0.2,0.3,0.6,0.6,182,222,0.47058823529411764,1,0
1531154,2026-04-21,Rwanda,United States of America,"Gahanga International Cricket Stadium, Rwanda",0.4573170731707317,0.5257731958762887,0.6,0.6,0.5,0.5,0.5,164,97,0.2391304347826087,1,1
1531155,2026-04-21,Vanuatu,Italy,"Gahanga International Cricket Stadium, Rwanda",0.49122807017543857,0.5909090909090909,0.6,0.4,0.5,0.3,0.5,57,66,0.5,1,0
1531695,2026-04-21,United Arab Emirates,Nepal,"Tribhuvan University International Cricket Ground, Kirtipur",0.6053811659192825,0.5846994535519126,0.4,0.4,0.6,0.3,0.4375,223,183,1.0,1,0
1527255,2026-04-22,India,South Africa,"The Wanderers Stadium, Johannesburg",0.6545012165450121,0.5192307692307693,0.6,0.8,0.6,0.5,0.5769230769230769,411,364,1.0,1,0
1531157,2026-04-22,United States of America,Vanuatu,"Gahanga B Ground, Rwanda",0.5204081632653061,0.4827586206896552,0.6,0.4,0.5,0.5,0.5,98,58,0.5,1,1
1531156,2026-04-22,Rwanda,Nepal,"Gahanga B Ground, Rwanda",0.46060606060606063,0.5869565217391305,0.6,0.6,0.5,0.4,0.5,165,184,0.7142857142857143,1,0
1531158,2026-04-24,Vanuatu,Nepal,"Gahanga International Cricket Stadium, Rwanda",0.4745762711864407,0.5891891891891892,0.2,0.6,0.5,0.4,0.5,59,185,0.0,1,1
1531159,2026-04-24,United States of America,Italy,"Gahanga International Cricket Stadium, Rwanda",0.5252525252525253,0.5970149253731343,0.8,0.4,0.5,0.4,0.5,99,67,0.5,1,1
1527256,2026-04-25,India,South Africa,"The Wanderers Stadium, Johannesburg",0.6529126213592233,0.5205479452054794,0.4,0.8,0.5,0.5,0.5660377358490566,412,365,0.6666666666666666,1,1
1531171,2026-04-25,Chile,Costa Rica,Los Reyes Polo Club,0.0,0.14285714285714285,0.0,0.2,0.0,0.1,0.5,4,14,0.5,1,0
1531160,2026-04-26,Rwanda,Vanuatu,"Gahanga B Ground, Rwanda",0.4578313253012048,0.48333333333333334,0.4,0.2,0.5,0.5,1.0,166,60,0.6666666666666666,1,1
1531161,2026-04-26,Nepal,United States of America,"Gahanga B Ground, Rwanda",0.5860215053763441,0.53,0.6,0.8,0.4,0.6,0.6666666666666666,186,100,1.0,1,0
1531172,2026-04-26,Chile,Costa Rica,Los Reyes Polo Club,0.0,0.2,0.0,0.2,0.0,0.2,0.0,5,15,0.0,1,0
1527257,2026-04-27,South Africa,India,"Willowmoore Park, Benoni",0.5191256830601093,0.6537530266343826,0.6,0.4,0.5,0.6,0.42592592592592593,366,413,0.42857142857142855,1,1
1528275,2026-04-27,New Zealand,Bangladesh,"Bir Sreshtho Flight Lieutenant Matiur Rahman Stadium, Chattogram",0.5494505494505495,0.4107744107744108,0.6,1.0,0.6,0.9,0.8333333333333334,364,297,0.5,1,0
1531163,2026-04-27,United States of America,Vanuatu,"Gahanga International Cricket Stadium, Rwanda",0.5346534653465347,0.47540983606557374,0.8,0.2,0.6,0.5,1.0,101,61,0.6666666666666666,1,1
1531162,2026-04-27,Italy,Rwanda,"Gahanga International Cricket Stadium, Rwanda",0.5882352941176471,0.46107784431137727,0.4,0.6,0.4,0.5,1.0,68,167,0.6666666666666666,1,0
1528282,2026-04-28,Sri Lanka,Bangladesh,Sylhet International Cricket Stadium,0.42433234421364985,0.412751677852349,0.4,1.0,0.5,1.0,0.6363636363636364,337,298,0.6666666666666666,1,1
1531165,2026-04-28,Vanuatu,Italy,"Gahanga B Ground, Rwanda",0.46774193548387094,0.5797101449275363,0.2,0.4,0.4,0.4,0.0,62,69,0.0,1,0
1531164,2026-04-28,Nepal,Rwanda,"Gahanga B Ground, Rwanda",0.5828877005347594,0.4642857142857143,0.4,0.8,0.4,0.6,1.0,187,168,0.6666666666666666,1,1
1531167,2026-04-30,Nepal,Vanuatu,"Gahanga International Cricket Stadium, Rwanda",0.5851063829787234,0.4603174603174603,0.6,0.2,0.5,0.3,0.0,188,63,0.0,1,1
1531166,2026-04-30,Italy,United States of America,"Gahanga International Cricket Stadium, Rwanda",0.5857142857142857,0.5392156862745098,0.4,0.8,0.4,0.7,0.0,70,102,0.5,1,0
1528283,2026-04-30,Sri Lanka,Bangladesh,Sylhet International Cricket Stadium,0.4260355029585799,0.411371237458194,0.6,0.8,0.6,0.9,0.6470588235294118,338,299,0.7,1,1
1533385,2026-05-01,Germany,Austria,Bayer Uerdingen Cricket Ground,0.5754716981132075,0.6533333333333333,0.8,0.8,0.4,0.6,0.9,106,75,0.6666666666666666,1,1
1533390,2026-05-01,Indonesia,Malaysia,"Bayuemas Oval, Kuala Lumpur",0.5639097744360902,0.5108695652173914,0.2,0.2,0.3,0.1,0.0,133,184,1.0,1,0
1531169,2026-05-01,Italy,Nepal,"Gahanga B Ground, Rwanda",0.5774647887323944,0.5873015873015873,0.4,0.6,0.4,0.6,0.5,71,189,0.5,1,0
1533386,2026-05-01,Austria,Germany,Bayer Uerdingen Cricket Ground,0.6447368421052632,0.5794392523364486,0.6,1.0,0.6,0.5,0.09090909090909091,76,107,0.6,1,0
1533387,2026-05-02,Germany,Austria,Bayer Uerdingen Cricket Ground,0.5833333333333334,0.6363636363636364,1.0,0.4,0.6,0.5,0.9166666666666666,108,77,0.6923076923076923,1,0
1533391,2026-05-02,Malaysia,Indonesia,"Bayuemas Oval, Kuala Lumpur",0.5135135135135135,0.5597014925373134,0.4,0.2,0.2,0.2,1.0,185,134,0.5957446808510638,1,1
1533394,2026-05-02,Isle of Man,Guernsey,"King George V Sports Ground, Castel",0.5588235294117647,0.5,0.2,0.0,0.4,0.3,0.0,34,36,0.5,1,0
1528284,2026-05-02,Sri Lanka,Bangladesh,Sylhet International Cricket Stadium,0.4277286135693215,0.41,0.8,0.6,0.6,0.8,0.6571428571428571,339,300,0.7272727272727273,1,1
1528277,2026-05-02,Bangladesh,New Zealand,"Shere Bangla National Stadium, Mirpur",0.40863787375415284,0.547945205479452,0.4,0.4,0.7,0.5,0.2,301,365,0.53125,1,0
1533395,2026-05-03,Guernsey,Isle of Man,"King George V Sports Ground, Castel",0.5135135135135135,0.5428571428571428,0.2,0.2,0.4,0.3,1.0,37,35,0.5714285714285714,1,1
1533389,2026-05-03,Austria,Germany,Bayer Uerdingen Cricket Ground,0.6410256410256411,0.5779816513761468,0.4,0.8,0.5,0.6,0.15384615384615385,78,109,0.5714285714285714,1,0
1533392,2026-05-04,Malaysia,Indonesia,"Bayuemas Oval, Kuala Lumpur",0.5161290322580645,0.5555555555555556,0.6,0.2,0.3,0.1,1.0,186,135,0.6041666666666666,1,1
1533393,2026-05-05,Indonesia,Malaysia,"Bayuemas Oval, Kuala Lumpur",0.5514705882352942,0.5187165775401069,0.2,0.6,0.1,0.4,0.0,136,187,0.25,1,0
1531682,2026-05-07,Malta,Gibraltar,Marsa Sports Club,0.4027777777777778,0.3793103448275862,0.4,0.6,0.4,0.5,0.75,72,58,0.5294117647058824,1,1
1534321,2026-05-07,Malaysia,China,"Mission Road Ground, Mong Kok, Hong Kong",0.5212765957446809,0.358974358974359,0.8,0.6,0.5,0.4,0.5,188,39,0.4,1,1
1531681,2026-05-07,Malta,Gibraltar,Marsa Sports Club,0.410958904109589,0.3728813559322034,0.6,0.4,0.5,0.4,0.7777777777777778,73,59,0.5428571428571428,1,1
1534322,2026-05-07,Hong Kong,Malaysia,"Mission Road Ground, Mong Kok, Hong Kong",0.5133689839572193,0.5238095238095238,0.8,1.0,0.8,0.6,0.5,187,189,0.7619047619047619,1,1
1532637,2026-05-08,Indonesia,Philippines,Sano International Cricket Ground,0.5474452554744526,0.39622641509433965,0.0,0.6,0.1,0.4,0.42857142857142855,137,53,0.6666666666666666,1,1
1531684,2026-05-08,Malta,Gibraltar,Marsa Sports Club,0.4189189189189189,0.36666666666666664,0.8,0.2,0.5,0.4,0.8,74,60,0.5555555555555556,1,1
1532638,2026-05-08,Vanuatu,Fiji,"Korogi Sports Park, Nisshin",0.453125,0.4074074074074074,0.2,0.6,0.2,0.5,0.8,64,27,0.5,1,1
1532639,2026-05-08,South Korea,Cook Islands,"Korogi Sports Park, Nisshin",0.09523809523809523,0.3448275862068966,0.4,0.0,0.2,0.1,0.5,21,29,0.5,1,0
1531683,2026-05-08,Gibraltar,Malta,Marsa Sports Club,0.36065573770491804,0.4266666666666667,0.2,1.0,0.4,0.5,0.18181818181818182,61,75,0.08333333333333333,1,0
1533398,2026-05-08,Cyprus,Finland,Happy Valley Ground,0.7083333333333334,0.3783783783783784,0.8,0.2,0.8,0.2,0.0,48,37,0.6,1,0
1533397,2026-05-08,Cyprus,Finland,Happy Valley Ground,0.6938775510204082,0.39473684210526316,0.6,0.2,0.7,0.3,0.0,49,38,0.5625,1,1
1534590,2026-05-08,Romania,Bulgaria,"Moara Vlasiei Cricket Ground, Ilfov County",0.6,0.26666666666666666,0.4,0.2,0.5,0.2,0.875,60,60,0.5862068965517241,1,1
1534324,2026-05-08,Hong Kong,China,"Mission Road Ground, Mong Kok, Hong Kong",0.5159574468085106,0.35,0.8,0.6,0.9,0.3,0.8181818181818182,188,40,0.7727272727272727,1,1
1532640,2026-05-09,Indonesia,Samoa,Sano International Cricket Ground,0.5507246376811594,0.2682926829268293,0.2,0.2,0.2,0.3,1.0,138,41,0.7142857142857143,1,0
1533400,2026-05-09,Finland,Cyprus,Happy Valley Ground,0.38461538461538464,0.7,0.2,0.6,0.2,0.7,0.6666666666666666,39,50,0.5,1,1
1534591,2026-05-09,Romania,Bulgaria,"Moara Vlasiei Cricket Ground, Ilfov County",0.6065573770491803,0.26229508196721313,0.4,0.0,0.6,0.2,0.8888888888888888,61,61,0.6,1,1
1533399,2026-05-09,Finland,Cyprus,Happy Valley Ground,0.4,0.6862745098039216,0.4,0.4,0.3,0.6,0.75,40,51,0.6666666666666666,1,1
1531685,2026-05-09,Gibraltar,Malta,Marsa Sports Club,0.3548387096774194,0.4342105263157895,0.0,1.0,0.4,0.6,0.16666666666666666,62,76,0.07692307692307693,1,0
1534065,2026-05-09,Greece,Denmark,"Marina Ground, Corfu",0.23529411764705882,0.4444444444444444,0.2,0.0,0.3,0.3,0.0,34,54,0.1111111111111111,1,1
1534066,2026-05-09,Denmark,Greece,"Marina Ground, Corfu",0.43636363636363634,0.2571428571428571,0.0,0.4,0.3,0.4,0.5,55,35,0.0,1,1
1532641,2026-05-09,Japan,Vanuatu,"Korogi Sports Park, Nisshin",0.5909090909090909,0.46153846153846156,0.6,0.2,0.5,0.2,0.16666666666666666,88,65,0.5,1,1
1532642,2026-05-09,Papua New Guinea,South Korea,"Korogi Sports Park, Nisshin",0.5514018691588785,0.09090909090909091,0.4,0.2,0.5,0.2,0.5,107,22,0.5,1,1
1534592,2026-05-09,Romania,Bulgaria,"Moara Vlasiei Cricket Ground, Ilfov County",0.6129032258064516,0.25806451612903225,0.4,0.0,0.6,0.2,0.9,62,62,0.6129032258064516,1,1
1532645,2026-05-10,Papua New Guinea,Cook Islands,"Korogi Sports Park, Nisshin",0.5555555555555556,0.36666666666666664,0.4,0.2,0.5,0.1,1.0,108,30,1.0,1,1
1532644,2026-05-10,Fiji,Japan,"Korogi Sports Park, Nisshin",0.39285714285714285,0.5955056179775281,0.4,0.8,0.4,0.6,0.0,28,89,0.0,1,0
1532643,2026-05-10,Samoa,Philippines,Sano International Cricket Ground,0.2857142857142857,0.3888888888888889,0.2,0.4,0.4,0.4,1.0,42,54,1.0,1,1
1534325,2026-05-10,Hong Kong,Malaysia,"Mission Road Ground, Mong Kok, Hong Kong",0.5185185185185185,0.5210526315789473,0.8,0.8,0.9,0.6,0.52,189,190,0.782608695652174,1,1
1534594,2026-05-10,Romania,Bulgaria,"Moara Vlasiei Cricket Ground, Ilfov County",0.6190476190476191,0.25396825396825395,0.6,0.0,0.6,0.2,0.9090909090909091,63,63,0.625,1,1
1534068,2026-05-10,Greece,Denmark,"Marina Ground, Corfu",0.25,0.44642857142857145,0.4,0.2,0.4,0.3,0.3333333333333333,36,56,0.18181818181818182,1,0
1534067,2026-05-10,Greece,Denmark,"Marina Ground, Corfu",0.24324324324324326,0.45614035087719296,0.4,0.4,0.3,0.3,0.25,37,57,0.16666666666666666,1,0
1534326,2026-05-10,Hong Kong,China,"Mission Road Ground, Mong Kok, Hong Kong",0.5210526315789473,0.34146341463414637,0.8,0.4,0.9,0.3,0.8333333333333334,190,41,0.7916666666666666,1,1
1534327,2026-05-11,Hong Kong,Malaysia,"Mission Road Ground, Mong Kok, Hong Kong",0.5235602094240838,0.518324607329843,0.8,0.6,0.9,0.6,0.5384615384615384,191,191,0.8,1,1
1532647,2026-05-12,Philippines,South Korea,Sano International Cricket Ground 2,0.38181818181818183,0.08695652173913043,0.2,0.2,0.4,0.2,0.8333333333333334,55,23,1.0,1,1
1534074,2026-05-12,Pakistan,Zimbabwe,"National Stadium, Karachi",0.5255474452554745,0.4583333333333333,0.6,0.0,0.6,0.3,0.8636363636363636,411,240,0.6,1,1
1532646,2026-05-12,Vanuatu,Samoa,Sano International Cricket Ground,0.45454545454545453,0.3023255813953488,0.2,0.4,0.2,0.4,0.5555555555555556,66,43,0.5,1,0
1532648,2026-05-12,Japan,Indonesia,Sano International Cricket Ground,0.6,0.5467625899280576,1.0,0.2,0.6,0.2,0.5,90,139,0.84,1,1
1532651,2026-05-13,Cook Islands,Vanuatu,Sano International Cricket Ground,0.3548387096774194,0.44776119402985076,0.2,0.2,0.1,0.2,0.5,31,67,0.2,1,1
1532649,2026-05-13,Fiji,South Korea,Sano International Cricket Ground 2,0.3793103448275862,0.08333333333333333,0.4,0.2,0.4,0.2,0.5,29,24,0.5,1,0
1532650,2026-05-13,Samoa,Papua New Guinea,Sano International Cricket Ground,0.3181818181818182,0.5596330275229358,0.6,0.6,0.4,0.6,0.3333333333333333,44,109,1.0,1,0
1532652,2026-05-14,Fiji,Philippines,Sano International Cricket Ground 2,0.36666666666666664,0.39285714285714285,0.4,0.2,0.3,0.5,1.0,30,56,0.0,1,0
1532653,2026-05-14,Papua New Guinea,Indonesia,Sano International Cricket Ground,0.5636363636363636,0.5428571428571428,0.8,0.2,0.6,0.2,1.0,110,140,1.0,1,1
1532654,2026-05-14,Japan,Cook Islands,Sano International Cricket Ground,0.6043956043956044,0.375,1.0,0.4,0.7,0.2,1.0,91,32,0.8461538461538461,1,0
1534075,2026-05-14,Pakistan,Zimbabwe,"National Stadium, Karachi",0.5266990291262136,0.45643153526970953,0.8,0.0,0.6,0.3,0.8695652173913043,412,241,0.625,1,1
1534076,2026-05-15,Pakistan,Zimbabwe,"National Stadium, Karachi",0.5278450363196125,0.45454545454545453,0.8,0.0,0.6,0.2,0.875,413,242,0.6470588235294118,1,1
1534041,2026-05-16,Malta,Austria,Happy Valley Ground 2,0.44155844155844154,0.6329113924050633,1.0,0.4,0.7,0.5,0.0,77,79,0.5,1,0
1534040,2026-05-16,Switzerland,Jersey,Happy Valley Ground,0.7368421052631579,0.609375,1.0,0.6,0.9,0.6,0.0,38,64,0.5,1,0
1532657,2026-05-16,Philippines,South Korea,Sano International Cricket Ground 2,0.40350877192982454,0.12,0.4,0.2,0.5,0.3,0.8571428571428571,57,25,1.0,1,0
1532656,2026-05-16,Samoa,Japan,Sano International Cricket Ground,0.3111111111111111,0.5978260869565217,0.6,0.8,0.4,0.6,0.0,45,92,0.75,1,0
1532655,2026-05-16,Vanuatu,Indonesia,Sano International Cricket Ground,0.4411764705882353,0.5390070921985816,0.2,0.2,0.2,0.2,1.0,68,141,0.0,1,1
1534039,2026-05-16,Guernsey,Sweden,Happy Valley Ground 2,0.5263157894736842,0.5094339622641509,0.4,0.8,0.4,0.8,0.5,38,53,0.5,1,1
1534038,2026-05-16,Cyprus,France,Happy Valley Ground,0.6730769230769231,0.3728813559322034,0.4,0.6,0.5,0.4,0.5,52,59,0.5263157894736842,1,0
1534043,2026-05-17,France,Croatia,Happy Valley Ground 2,0.38333333333333336,0.20588235294117646,0.8,0.0,0.5,0.0,0.5,60,34,0.5,1,1
1532660,2026-05-17,Papua New Guinea,Vanuatu,Sano International Cricket Ground,0.5675675675675675,0.4492753623188406,0.8,0.4,0.7,0.3,0.8888888888888888,111,69,1.0,1,1
1532659,2026-05-17,Cook Islands,Indonesia,Sano International Cricket Ground,0.3939393939393939,0.5352112676056338,0.6,0.2,0.3,0.1,0.0,33,142,0.42857142857142855,1,1
1532658,2026-05-17,Fiji,South Korea,Sano International Cricket Ground 2,0.3548387096774194,0.15384615384615385,0.2,0.4,0.3,0.4,0.0,31,26,0.0,1,0
1534042,2026-05-17,Malta,Guernsey,Happy Valley Ground,0.4358974358974359,0.5384615384615384,0.8,0.6,0.7,0.4,0.0,78,39,0.5,1,0
1534045,2026-05-17,Jersey,Cyprus,Happy Valley Ground 2,0.6153846153846154,0.660377358490566,0.6,0.2,0.6,0.5,0.5,65,53,0.5,1,1
1534044,2026-05-17,Slovenia,Austria,Happy Valley Ground,0.06666666666666667,0.6375,0.0,0.4,0.1,0.6,0.0,15,80,0.5,1,0
1532662,2026-05-18,Cook Islands,Samoa,Sano International Cricket Ground,0.4117647058823529,0.30434782608695654,0.8,0.6,0.4,0.4,0.75,34,46,0.5,1,0
1532663,2026-05-18,Japan,Papua New Guinea,Sano International Cricket Ground,0.6021505376344086,0.5714285714285714,0.8,1.0,0.7,0.7,0.0,93,112,0.8214285714285714,1,1
1534046,2026-05-19,France,Jersey,Happy Valley Ground,0.39344262295081966,0.6212121212121212,0.8,0.8,0.6,0.6,1.0,61,66,1.0,1,0
1534048,2026-05-19,Croatia,Switzerland,Happy Valley Ground,0.2,0.717948717948718,0.0,0.8,0.0,0.9,0.0,35,39,0.5,1,1
1534049,2026-05-19,Guernsey,Austria,Happy Valley Ground 2,0.55,0.6419753086419753,0.8,0.6,0.4,0.6,0.0,40,81,1.0,1,1
1534047,2026-05-19,Slovenia,Sweden,Happy Valley Ground 2,0.0625,0.5,0.0,0.6,0.0,0.7,0.0,16,54,0.5,1,0
1496545,2026-05-20,New Zealand,England,"County Ground, Derby",0.5491803278688525,0.6417112299465241,0.4,0.8,0.6,0.8,0.25,366,374,0.5,1,0
1536409,2026-05-20,Malaysia,Nepal,"Bayuemas Oval, Kuala Lumpur",0.515625,0.5894736842105263,0.4,0.6,0.5,0.6,0.2608695652173913,192,190,0.62,1,0
1534053,2026-05-20,Jersey,Croatia,Happy Valley Ground 2,0.6268656716417911,0.2222222222222222,0.8,0.2,0.7,0.1,0.5,67,36,1.0,1,1
1534050,2026-05-20,Slovenia,Guernsey,Happy Valley Ground,0.058823529411764705,0.5609756097560976,0.0,1.0,0.0,0.5,0.0,17,41,0.0,1,0
1534052,2026-05-20,Sweden,Malta,Happy Valley Ground,0.509090909090909,0.43037974683544306,0.6,0.6,0.8,0.7,0.5,55,79,0.5,1,0
1534051,2026-05-20,Switzerland,Cyprus,Happy Valley Ground 2,0.7,0.6481481481481481,0.6,0.2,0.8,0.4,0.5,40,54,0.5,1,1
1534055,2026-05-22,Austria,Sweden,Happy Valley Ground 2,0.6341463414634146,0.5,0.6,0.4,0.5,0.7,1.0,82,56,0.5,1,0
1534056,2026-05-22,Croatia,Cyprus,Happy Valley Ground,0.21621621621621623,0.6363636363636364,0.2,0.0,0.1,0.3,0.0,37,55,1.0,1,1
1534054,2026-05-22,France,Switzerland,Happy Valley Ground,0.3870967741935484,0.7073170731707317,0.6,0.6,0.5,0.8,0.0,62,41,0.5,1,1
1536410,2026-05-22,Malaysia,Nepal,"Bayuemas Oval, Kuala Lumpur",0.5129533678756477,0.5916230366492147,0.2,0.8,0.5,0.7,0.25,193,191,0.6078431372549019,1,0
1534057,2026-05-22,Slovenia,Malta,Happy Valley Ground 2,0.05555555555555555,0.4375,0.0,0.6,0.0,0.8,0.5,18,80,0.0,1,0
1535413,2026-05-23,Cameroon,Rwanda,"Botswana Cricket Association Oval 1, Gaborone",0.2,0.46153846153846156,0.6,0.6,0.4,0.6,0.0,40,169,0.25,1,0
1534061,2026-05-23,Guernsey,Jersey,Happy Valley Ground 2,0.5714285714285714,0.6323529411764706,1.0,0.8,0.6,0.8,0.2,42,68,1.0,1,0
1535415,2026-05-23,Kenya,Mali,"Botswana Cricket Association Oval 2, Gaborone",0.5251798561151079,0.0,0.4,0.0,0.3,0.0,1.0,139,10,1.0,1,1
1534060,2026-05-23,Croatia,Austria,Happy Valley Ground,0.23684210526315788,0.6265060240963856,0.4,0.4,0.2,0.4,0.5,38,83,1.0,1,0
1535414,2026-05-23,Botswana,Sierra Leone,"Botswana Cricket Association Oval 1, Gaborone",0.39090909090909093,0.4230769230769231,0.6,0.2,0.6,0.1,0.375,110,78,0.5483870967741935,1,1
1534058,2026-05-23,France,Sweden,Happy Valley Ground 2,0.3968253968253968,0.5087719298245614,0.6,0.6,0.6,0.7,1.0,63,57,1.0,1,0
1534059,2026-05-23,Malta,Switzerland,Happy Valley Ground,0.4444444444444444,0.6904761904761905,0.6,0.4,0.8,0.7,0.25,81,42,0.5,1,0
1496546,2026-05-23,New Zealand,England,"St Lawrence Ground, Canterbury",0.547683923705722,0.6426666666666667,0.4,0.8,0.6,0.8,0.24528301886792453,367,375,0.0,1,1
1535418,2026-05-24,Sierra Leone,Cameroon,"Botswana Cricket Association Oval 2, Gaborone",0.4177215189873418,0.1951219512195122,0.2,0.6,0.1,0.3,0.8333333333333334,79,41,0.75,1,0
1535416,2026-05-24,Rwanda,Ivory Coast,"Botswana Cricket Association Oval 1, Gaborone",0.4647058823529412,0.0,0.6,0.0,0.6,0.0,0.5,170,5,0.9166666666666666,1,1
1535417,2026-05-24,Mali,Botswana,"Botswana Cricket Association Oval 1, Gaborone",0.0,0.3963963963963964,0.0,0.6,0.0,0.6,0.0,11,111,0.5,1,0
1535420,2026-05-25,Botswana,Cameroon,"Botswana Cricket Association Oval 2, Gaborone",0.4017857142857143,0.21428571428571427,0.6,0.6,0.6,0.4,1.0,112,42,0.8888888888888888,1,1
1535421,2026-05-25,Ivory Coast,Mali,"Botswana Cricket Association Oval 2, Gaborone",0.0,0.0,0.0,0.0,0.0,0.0,0.5,6,12,0.5,1,0
1535419,2026-05-25,Kenya,Rwanda,"Botswana Cricket Association Oval 1, Gaborone",0.5285714285714286,0.4678362573099415,0.6,0.8,0.4,0.6,0.5833333333333334,140,171,1.0,1,0
1496547,2026-05-25,New Zealand,England,"County Ground, Hove",0.5489130434782609,0.6409574468085106,0.6,0.6,0.6,0.7,0.25925925925925924,368,376,0.5,1,0
1535424,2026-05-26,Cameroon,Ivory Coast,"Botswana Cricket Association Oval 2, Gaborone",0.20930232558139536,0.0,0.6,0.0,0.4,0.0,0.5,43,7,0.5555555555555556,1,1
1535423,2026-05-26,Kenya,Sierra Leone,"Botswana Cricket Association Oval 1, Gaborone",0.524822695035461,0.4125,0.6,0.2,0.4,0.1,0.5,141,80,0.8,1,1
1535422,2026-05-26,Mali,Rwanda,"Botswana Cricket Association Oval 2, Gaborone",0.07692307692307693,0.47093023255813954,0.2,0.8,0.1,0.7,0.0,13,172,0.5,1,0
1536399,2026-05-26,Thailand,Hong Kong,"Bayuemas Oval, Kuala Lumpur",0.5449101796407185,0.5260416666666666,0.4,1.0,0.2,0.9,0.8333333333333334,167,192,0.3333333333333333,1,1
1536400,2026-05-26,Indonesia,China,"Bayuemas Oval, Kuala Lumpur",0.5314685314685315,0.3333333333333333,0.0,0.2,0.1,0.3,0.5,143,42,0.2,1,0
1536402,2026-05-27,Nepal,China,"Bayuemas Oval, Kuala Lumpur",0.59375,0.3488372093023256,1.0,0.4,0.7,0.4,1.0,192,43,0.7142857142857143,1,1
1536401,2026-05-27,Malaysia,Thailand,"Bayuemas Oval, Kuala Lumpur",0.5103092783505154,0.5476190476190477,0.0,0.4,0.5,0.3,0.6,194,168,0.5961538461538461,1,0
1535425,2026-05-28,Botswana,Ivory Coast,"Botswana Cricket Association Oval 1, Gaborone",0.40707964601769914,0.0,0.8,0.0,0.7,0.0,1.0,113,8,0.5757575757575758,1,1
1535427,2026-05-28,Cameroon,Kenya,"Botswana Cricket Association Oval 1, Gaborone",0.22727272727272727,0.528169014084507,0.6,0.6,0.5,0.5,0.0,44,142,0.2,1,0
1535426,2026-05-28,Sierra Leone,Rwanda,"Botswana Cricket Association Oval 2, Gaborone",0.4074074074074074,0.47398843930635837,0.2,0.8,0.1,0.8,0.1111111111111111,81,173,0.6666666666666666,1,0
1536404,2026-05-28,Indonesia,Nepal,"Bayuemas Oval, Kuala Lumpur",0.5277777777777778,0.5958549222797928,0.0,1.0,0.1,0.8,0.5,144,193,0.16666666666666666,1,0
1535591,2026-05-28,Netherlands,Scotland,"Grange Cricket Club Ground, Raeburn Place, Edinburgh",0.5459183673469388,0.5416666666666666,0.2,0.4,0.5,0.5,0.42857142857142855,196,168,0.5,1,0
1536403,2026-05-28,Malaysia,Hong Kong,"Bayuemas Oval, Kuala Lumpur",0.5076923076923077,0.5233160621761658,0.0,0.8,0.4,0.8,0.4444444444444444,195,193,0.5849056603773585,1,1
1496548,2026-05-28,India,England,"County Ground, Chelmsford",0.6521739130434783,0.6419098143236074,0.2,0.6,0.5,0.7,0.45,414,377,0.0,1,1
1528538,2026-05-28,Ireland,West Indies,"Castle Avenue, Dublin",0.49242424242424243,0.4463276836158192,0.6,0.0,0.6,0.3,0.21428571428571427,264,354,0.42857142857142855,1,0
1538636,2026-05-29,Bahrain,Oman,"Selangor Turf Club, Kuala Lumpur",0.5298507462686567,0.5074626865671642,0.6,0.4,0.5,0.5,0.18181818181818182,134,134,0.0,1,0
1535430,2026-05-29,Kenya,Botswana,"Botswana Cricket Association Oval 2, Gaborone",0.5314685314685315,0.41228070175438597,0.8,1.0,0.5,0.7,0.9,143,114,1.0,1,1
1535429,2026-05-29,Ivory Coast,Sierra Leone,"Botswana Cricket Association Oval 2, Gaborone",0.0,0.4024390243902439,0.0,0.0,0.0,0.1,0.0,9,82,0.0,1,0
1535428,2026-05-29,Cameroon,Mali,"Botswana Cricket Association Oval 1, Gaborone",0.2222222222222222,0.07142857142857142,0.4,0.2,0.5,0.1,1.0,45,14,0.16666666666666666,1,1
1528539,2026-05-29,West Indies,Pakistan,"Castle Avenue, Dublin",0.447887323943662,0.5289855072463768,0.2,0.8,0.3,0.7,0.42857142857142855,355,414,1.0,1,1
1538637,2026-05-30,Oman,Bahrain,"Selangor Turf Club, Kuala Lumpur",0.5111111111111111,0.5259259259259259,0.4,0.6,0.5,0.5,0.8333333333333334,135,135,0.5,1,1
1535432,2026-05-30,Ivory Coast,Kenya,"Botswana Cricket Association Oval 2, Gaborone",0.0,0.5347222222222222,0.0,0.8,0.0,0.6,0.5,10,144,0.0,1,0
1535431,2026-05-30,Mali,Sierra Leone,"Botswana Cricket Association Oval 1, Gaborone",0.06666666666666667,0.40963855421686746,0.2,0.2,0.1,0.2,0.5,15,83,0.0,1,0
1535592,2026-05-30,Bangladesh,Scotland,"Grange Cricket Club Ground, Raeburn Place, Edinburgh",0.40728476821192056,0.5443786982248521,0.2,0.6,0.6,0.5,0.8571428571428571,302,169,0.5,1,0
1536405,2026-05-30,Thailand,China,"Bayuemas Oval, Kuala Lumpur",0.5502958579881657,0.3409090909090909,0.6,0.2,0.4,0.4,1.0,169,44,0.4117647058823529,1,1
1535433,2026-05-30,Rwanda,Botswana,"Botswana Cricket Association Oval 1, Gaborone",0.47701149425287354,0.40869565217391307,1.0,0.8,0.8,0.7,0.9166666666666666,174,115,0.9285714285714286,1,1
1496549,2026-05-30,England,India,"County Ground, Bristol",0.6402116402116402,0.653012048192771,0.4,0.4,0.7,0.6,0.5409836065573771,378,415,0.75,1,1
1536406,2026-05-30,Nepal,Malaysia,"Bayuemas Oval, Kuala Lumpur",0.5979381443298969,0.5102040816326531,1.0,0.2,0.8,0.4,0.76,194,196,0.75,1,0
1538634,2026-05-30,Myanmar,Kuwait,"YSD-UKM Cricket Oval, Bangi",0.4098360655737705,0.47413793103448276,0.0,0.4,0.2,0.4,0.2857142857142857,61,116,0.5,1,0
1535593,2026-05-31,Netherlands,Bangladesh,"Grange Cricket Club Ground, Raeburn Place, Edinburgh",0.5431472081218274,0.40594059405940597,0.2,0.0,0.4,0.5,0.1111111111111111,197,303,0.0,1,1
1538440,2026-05-31,Nepal,China,Singapore National Cricket Ground,0.5948717948717949,0.3333333333333333,0.8,0.2,0.7,0.4,1.0,195,45,0.5,1,1
1528540,2026-05-31,Pakistan,Ireland,"Castle Avenue, Dublin",0.5277108433734939,0.49056603773584906,0.8,0.4,0.6,0.6,0.6666666666666666,415,265,0.5,1,0
1536408,2026-05-31,Malaysia,Thailand,"Bayuemas Oval, Kuala Lumpur",0.5126903553299492,0.5529411764705883,0.4,0.6,0.4,0.5,0.5625,197,170,0.6,1,0
1538635,2026-05-31,Myanmar,Kuwait,"YSD-UKM Cricket Oval, Bangi",0.4032258064516129,0.47863247863247865,0.0,0.6,0.1,0.5,0.25,62,117,0.4,1,1
1536407,2026-05-31,Nepal,China,"Bayuemas Oval, Kuala Lumpur",0.5969387755102041,0.32608695652173914,0.8,0.2,0.8,0.3,1.0,196,46,0.7058823529411765,1,0
1538443,2026-06-01,Bahrain,Hong Kong,Singapore National Cricket Ground,0.5220588235294118,0.520618556701031,0.4,0.6,0.5,0.7,0.6,136,194,1.0,1,0
1538442,2026-06-01,Oman,Singapore,Singapore National Cricket Ground,0.5147058823529411,0.30701754385964913,0.4,0.4,0.6,0.3,0.5,136,114,0.5,1,1
1528541,2026-06-01,West Indies,Ireland,"Castle Avenue, Dublin",0.449438202247191,0.4924812030075188,0.4,0.4,0.3,0.6,0.8,356,266,1.0,1,0
1538211,2026-06-02,Mozambique,Lesotho,Malkerns Country Club oval,0.35,0.12195121951219512,0.2,0.4,0.3,0.2,1.0,60,41,0.0,1,1
1535594,2026-06-02,Bangladesh,Scotland,"Grange Cricket Club Ground, Raeburn Place, Edinburgh",0.40460526315789475,0.5470588235294118,0.0,0.8,0.4,0.6,0.75,304,170,0.0,1,1
1496550,2026-06-02,India,England,"The Cooper Associates County Ground, Taunton",0.6514423076923077,0.6411609498680739,0.4,0.6,0.5,0.7,0.45161290322580644,416,379,0.5,1,0
1538445,2026-06-02,China,Malaysia,Singapore National Cricket Ground,0.3404255319148936,0.51010101010101,0.4,0.4,0.3,0.3,0.3333333333333333,47,198,0.0,1,0
1536619,2026-06-03,Hong Kong,Bhutan,"Kolej Tuanku Jaafar Cricket Oval, Mantin",0.5230769230769231,0.33766233766233766,0.6,0.2,0.7,0.4,1.0,195,77,0.5,1,1
1536618,2026-06-03,Singapore,Indonesia,"Selangor Turf Club, Kuala Lumpur",0.30434782608695654,0.5241379310344828,0.2,0.0,0.2,0.1,0.16666666666666666,115,145,0.5,1,0
1536617,2026-06-03,Oman,China,"YSD-UKM Cricket Oval, Bangi",0.5182481751824818,0.3333333333333333,0.6,0.2,0.6,0.3,0.0,137,48,0.0,1,1
1536616,2026-06-03,Bahrain,Myanmar,"Bayuemas Oval, Kuala Lumpur",0.5182481751824818,0.4126984126984127,0.4,0.2,0.4,0.2,0.5,137,63,0.7058823529411765,1,0
1536615,2026-06-03,Qatar,Nepal,"Kolej Tuanku Jaafar Cricket Oval, Mantin",0.4166666666666667,0.5939086294416244,0.6,0.6,0.4,0.8,0.125,96,197,0.5,1,0
1536614,2026-06-03,Mongolia,Thailand,"Selangor Turf Club, Kuala Lumpur",0.0,0.5555555555555556,0.0,0.8,0.0,0.6,0.5,27,171,0.5,1,0
1536613,2026-06-03,Saudi Arabia,United Arab Emirates,"YSD-UKM Cricket Oval, Bangi",0.4482758620689655,0.6026785714285714,0.0,0.4,0.2,0.5,0.2,58,224,0.5,1,0
1538446,2026-06-03,Oman,Bahrain,Singapore National Cricket Ground,0.5217391304347826,0.5144927536231884,0.8,0.2,0.6,0.4,0.8461538461538461,138,138,1.0,1,1
1538447,2026-06-03,Singapore,Hong Kong,Singapore National Cricket Ground,0.3017241379310345,0.5255102040816326,0.0,0.6,0.2,0.7,0.16666666666666666,116,196,0.25925925925925924,1,0
1538213,2026-06-03,Eswatini,Mozambique,Malkerns Country Club oval,0.1891891891891892,0.36065573770491804,0.4,0.2,0.4,0.4,0.3,37,61,1.0,1,0
1536612,2026-06-03,Malaysia,Kuwait,"Bayuemas Oval, Kuala Lumpur",0.5125628140703518,0.4745762711864407,0.6,0.4,0.3,0.5,0.8181818181818182,199,118,0.5892857142857143,1,1
1535595,2026-06-03,Scotland,Netherlands,"Grange Cricket Club Ground, Raeburn Place, Edinburgh",0.543859649122807,0.5454545454545454,0.6,0.4,0.5,0.4,0.5862068965517241,171,198,0.4117647058823529,1,1
1536624,2026-06-04,Japan,Mongolia,"Bayuemas Oval, Kuala Lumpur",0.6063829787234043,0.0,0.8,0.0,0.8,0.0,1.0,94,28,0.0,1,1
1536627,2026-06-04,Hong Kong,Qatar,"Kolej Tuanku Jaafar Cricket Oval, Mantin",0.5279187817258884,0.41237113402061853,0.6,0.4,0.8,0.4,0.7142857142857143,197,97,1.0,1,1
1538215,2026-06-04,Lesotho,Eswatini,Malkerns Country Club oval,0.11904761904761904,0.18421052631578946,0.2,0.2,0.2,0.4,1.0,42,38,0.0,1,0
1538214,2026-06-04,Mozambique,Lesotho,Malkerns Country Club oval,0.3709677419354839,0.11627906976744186,0.4,0.2,0.5,0.2,1.0,62,43,0.4,1,1
1536626,2026-06-04,Kuwait,Indonesia,"Selangor Turf Club, Kuala Lumpur",0.47058823529411764,0.5273972602739726,0.4,0.2,0.4,0.2,0.5,119,146,0.8,1,0
1536625,2026-06-04,Philippines,Saudi Arabia,"YSD-UKM Cricket Oval, Bangi",0.39655172413793105,0.4406779661016949,0.4,0.0,0.5,0.1,0.5,58,59,0.5,1,1
1536623,2026-06-04,Nepal,Bhutan,"Kolej Tuanku Jaafar Cricket Oval, Mantin",0.5959595959595959,0.3333333333333333,0.6,0.2,0.8,0.3,1.0,198,78,1.0,1,1
1536621,2026-06-04,Bahrain,Thailand,"YSD-UKM Cricket Oval, Bangi",0.5107913669064749,0.5581395348837209,0.0,1.0,0.3,0.7,0.6666666666666666,139,172,0.5,1,0
1536622,2026-06-04,Oman,United Arab Emirates,"Selangor Turf Club, Kuala Lumpur",0.5251798561151079,0.6044444444444445,1.0,0.6,0.7,0.5,0.4,139,225,0.6666666666666666,1,0
1535596,2026-06-04,Bangladesh,Netherlands,"Grange Cricket Club Ground, Raeburn Place, Edinburgh",0.4065573770491803,0.542713567839196,0.2,0.2,0.4,0.3,0.8,305,199,0.3333333333333333,1,1
1538449,2026-06-04,Nepal,Malaysia,Singapore National Cricket Ground,0.5979899497487438,0.515,0.6,0.8,0.8,0.4,0.7307692307692307,199,200,1.0,1,1
1536620,2026-06-04,Malaysia,Singapore,"Bayuemas Oval, Kuala Lumpur",0.5124378109452736,0.29914529914529914,0.6,0.0,0.4,0.2,0.85,201,117,0.5964912280701754,1,1
1538450,2026-06-05,Bahrain,Singapore,Singapore National Cricket Ground,0.5071428571428571,0.2966101694915254,0.0,0.0,0.3,0.2,1.0,140,118,0.6,1,1
1538451,2026-06-05,Hong Kong,Oman,Singapore National Cricket Ground,0.5303030303030303,0.5214285714285715,0.8,0.8,0.8,0.6,0.125,198,140,0.6666666666666666,1,1
1538216,2026-06-06,Mozambique,Eswatini,Malkerns Country Club oval,0.38095238095238093,0.20512820512820512,0.6,0.2,0.5,0.5,0.7272727272727273,63,39,0.5,1,0
1538217,2026-06-06,Mozambique,Lesotho,Malkerns Country Club oval,0.375,0.11363636363636363,0.6,0.2,0.5,0.2,1.0,64,44,0.42857142857142855,1,1
1536635,2026-06-06,Hong Kong,Nepal,"Kolej Tuanku Jaafar Cricket Oval, Mantin",0.5326633165829145,0.6,1.0,0.8,0.8,0.8,0.47368421052631576,199,200,1.0,1,1
1536628,2026-06-06,Malaysia,Indonesia,"Bayuemas Oval, Kuala Lumpur",0.5148514851485149,0.5306122448979592,0.6,0.4,0.5,0.3,1.0,202,147,0.603448275862069,1,0
1536632,2026-06-06,Bahrain,Mongolia,"Bayuemas Oval, Kuala Lumpur",0.5106382978723404,0.0,0.2,0.0,0.3,0.0,0.5,141,29,0.6666666666666666,1,0
1536631,2026-06-06,Qatar,Bhutan,"Kolej Tuanku Jaafar Cricket Oval, Mantin",0.40816326530612246,0.3291139240506329,0.4,0.2,0.4,0.3,0.5,98,79,0.0,1,0
1536630,2026-06-06,Japan,Myanmar,"Selangor Turf Club, Kuala Lumpur",0.6105263157894737,0.421875,0.8,0.4,0.9,0.2,0.5,95,64,0.0,1,1
1536629,2026-06-06,Philippines,China,"YSD-UKM Cricket Oval, Bangi",0.4067796610169492,0.32653061224489793,0.6,0.2,0.5,0.2,0.0,59,49,1.0,1,0
1536633,2026-06-06,Saudi Arabia,Oman,"YSD-UKM Cricket Oval, Bangi",0.43333333333333335,0.5177304964539007,0.0,0.6,0.1,0.5,0.2,60,141,0.0,1,0
1536634,2026-06-06,Singapore,Kuwait,"Selangor Turf Club, Kuala Lumpur",0.29411764705882354,0.4666666666666667,0.0,0.4,0.2,0.3,0.16666666666666666,119,120,0.0,1,0
1538219,2026-06-07,Mozambique,Eswatini,Malkerns Country Club oval,0.38461538461538464,0.225,0.8,0.4,0.5,0.6,0.6666666666666666,65,40,0.5,1,0
1538218,2026-06-07,Lesotho,Eswatini,Malkerns Country Club oval,0.1111111111111111,0.24390243902439024,0.2,0.6,0.2,0.6,0.5,45,41,0.0,1,1
1538453,2026-06-07,Malaysia,Hong Kong,Singapore National Cricket Ground,0.5123152709359606,0.535,0.6,1.0,0.5,0.8,0.4642857142857143,203,200,0.8888888888888888,1,0
1538452,2026-06-07,Oman,Nepal,Singapore National Cricket Ground,0.5211267605633803,0.5970149253731343,0.6,0.6,0.6,0.7,0.25,142,201,0.6666666666666666,1,0
1536636,2026-06-07,Myanmar,Thailand,"Bayuemas Oval, Kuala Lumpur",0.4153846153846154,0.5606936416184971,0.4,1.0,0.2,0.7,0.0,65,173,0.1,1,0
1536637,2026-06-07,United Arab Emirates,China,"YSD-UKM Cricket Oval, Bangi",0.6061946902654868,0.34,0.6,0.4,0.5,0.3,1.0,226,50,1.0,1,1
1536638,2026-06-07,Japan,Bahrain,"Bayuemas Oval, Kuala Lumpur",0.6145833333333334,0.5070422535211268,0.8,0.2,0.9,0.3,1.0,96,142,0.5,1,1
1536639,2026-06-07,Oman,Philippines,"YSD-UKM Cricket Oval, Bangi",0.5174825174825175,0.4,0.4,0.6,0.6,0.4,1.0,143,60,0.6666666666666666,1,1
1538455,2026-06-08,Hong Kong,Nepal,Singapore National Cricket Ground,0.5373134328358209,0.599009900990099,1.0,0.8,0.8,0.7,0.5,201,202,0.7272727272727273,1,0
1538454,2026-06-08,Oman,Malaysia,Singapore National Cricket Ground,0.5208333333333334,0.5098039215686274,0.4,0.4,0.7,0.5,0.5,144,204,0.5,1,0
1536640,2026-06-09,Thailand,Japan,"Bayuemas Oval, Kuala Lumpur",0.5632183908045977,0.6185567010309279,1.0,1.0,0.8,0.9,0.25,174,97,0.5,1,1
1536641,2026-06-09,Myanmar,Mongolia,"YSD-UKM Cricket Oval, Bangi",0.4090909090909091,0.03333333333333333,0.4,0.2,0.2,0.1,1.0,66,30,0.5,1,1
1536642,2026-06-09,United Arab Emirates,Philippines,"Bayuemas Oval, Kuala Lumpur",0.6079295154185022,0.39344262295081966,0.8,0.4,0.5,0.3,0.5,227,61,1.0,1,1
1536646,2026-06-10,United Arab Emirates,Malaysia,"Bayuemas Oval, Kuala Lumpur",0.6096491228070176,0.5121951219512195,0.8,0.4,0.6,0.6,1.0,228,205,1.0,1,1
1536644,2026-06-10,Thailand,Nepal,"Bayuemas Oval, Kuala Lumpur",0.5657142857142857,0.6009852216748769,1.0,0.8,0.8,0.7,0.875,175,203,0.5238095238095238,1,1
1536645,2026-06-10,Hong Kong,Japan,"YSD-UKM Cricket Oval, Bangi",0.5346534653465347,0.6122448979591837,0.8,0.8,0.7,0.8,0.8181818181818182,202,98,1.0,1,1
1539491,2026-06-10,Nigeria,Malawi,"Gahanga B Ground, Rwanda",0.5114503816793893,0.4027777777777778,0.8,1.0,0.8,0.8,1.0,131,72,0.42857142857142855,1,1
1536647,2026-06-10,Indonesia,Oman,"YSD-UKM Cricket Oval, Bangi",0.5337837837837838,0.5172413793103449,0.6,0.4,0.3,0.6,0.5,148,145,0.0,1,1
1539464,2026-06-11,Norway,Sweden,"Botkyrka Cricket Center, Stockholm",0.4696969696969697,0.5172413793103449,0.2,0.6,0.4,0.7,0.6666666666666666,66,58,0.6666666666666666,1,0
1539493,2026-06-11,Nigeria,Brazil,"Gahanga International Cricket Stadium, Rwanda",0.5151515151515151,0.5416666666666666,0.8,1.0,0.8,1.0,0.5,132,48,0.5625,1,0
1539494,2026-06-11,Rwanda,Malawi,"Gahanga B Ground, Rwanda",0.48,0.3972602739726027,1.0,0.8,0.8,0.7,0.6666666666666666,175,73,0.6470588235294118,1,1
1539465,2026-06-11,Austria,Finland,"Botkyrka Cricket Center, Stockholm",0.6309523809523809,0.4146341463414634,0.6,0.6,0.5,0.4,0.5,84,41,1.0,1,0
1538307,2026-06-11,Sri Lanka,West Indies,"Sabina Park, Kingston, Jamaica",0.4294117647058823,0.4481792717086835,1.0,0.4,0.6,0.2,0.45454545454545453,340,357,0.5,1,0
1539466,2026-06-12,Sweden,Finland,"Botkyrka Cricket Center, Stockholm",0.5254237288135594,0.42857142857142855,0.8,0.8,0.7,0.5,0.5714285714285714,59,42,0.25,1,0
1539467,2026-06-12,Norway,Austria,"Botkyrka Cricket Center, Stockholm",0.4626865671641791,0.6235294117647059,0.0,0.4,0.4,0.4,0.4,67,85,0.5,1,1
1490677,2026-06-12,England,Sri Lanka,"Edgbaston, Birmingham",0.6421052631578947,0.4281524926686217,0.6,0.8,0.7,0.5,0.7692307692307693,380,341,0.5454545454545454,1,1
1539496,2026-06-12,Rwanda,Nigeria,"Gahanga International Cricket Stadium, Rwanda",0.48295454545454547,0.5112781954887218,1.0,0.6,0.9,0.7,0.4,176,133,0.2708333333333333,1,1
1539497,2026-06-12,Brazil,Malawi,"Gahanga B Ground, Rwanda",0.5510204081632653,0.3918918918918919,1.0,0.6,1.0,0.6,1.0,49,74,0.5,1,1
1536649,2026-06-12,Hong Kong,United Arab Emirates,"Bayuemas Oval, Kuala Lumpur",0.5369458128078818,0.611353711790393,0.8,1.0,0.8,0.7,0.1875,203,229,0.4,1,0
1536648,2026-06-12,Indonesia,Thailand,"Bayuemas Oval, Kuala Lumpur",0.5369127516778524,0.5681818181818182,0.8,1.0,0.4,0.9,0.3,149,176,0.25,1,0
1536650,2026-06-13,Hong Kong,Indonesia,"Bayuemas Oval, Kuala Lumpur",0.5343137254901961,0.5333333333333333,0.6,0.8,0.8,0.4,0.5,204,150,0.38095238095238093,1,0
1538308,2026-06-13,Sri Lanka,West Indies,"Sabina Park, Kingston, Jamaica",0.4269005847953216,0.44972067039106145,0.6,0.6,0.5,0.3,0.4411764705882353,342,358,0.0,1,1
1536651,2026-06-13,United Arab Emirates,Thailand,"Bayuemas Oval, Kuala Lumpur",0.6130434782608696,0.5706214689265536,1.0,1.0,0.8,1.0,0.4,230,177,1.0,1,0
1539468,2026-06-13,Finland,Norway,"Botkyrka Cricket Center, Stockholm",0.4418604651162791,0.47058823529411764,0.8,0.2,0.5,0.4,0.2857142857142857,43,68,1.0,1,1
1490680,2026-06-13,New Zealand,West Indies,"The Rose Bowl, Southampton",0.5474254742547425,0.44846796657381616,0.4,0.6,0.5,0.3,0.7096774193548387,369,359,0.0,1,0
1490679,2026-06-13,Australia,South Africa,"Old Trafford, Manchester",0.6620111731843575,0.5204359673024523,0.8,0.8,0.6,0.6,0.6944444444444444,358,367,0.5,1,1
1490678,2026-06-13,Scotland,Ireland,"Old Trafford, Manchester",0.5465116279069767,0.4943820224719101,0.6,0.6,0.6,0.7,0.36,172,267,0.5,1,1
1539469,2026-06-13,Sweden,Austria,"Botkyrka Cricket Center, Stockholm",0.5166666666666667,0.6162790697674418,0.6,0.2,0.6,0.4,0.25,60,86,0.2,1,1
1539471,2026-06-14,Finland,Sweden,"Botkyrka Cricket Center, Stockholm",0.45454545454545453,0.5245901639344263,1.0,0.8,0.6,0.6,0.5,44,61,1.0,1,0
1539470,2026-06-14,Norway,Austria,"Botkyrka Cricket Center, Stockholm",0.463768115942029,0.6091954022988506,0.2,0.2,0.4,0.4,0.5,69,87,0.5,1,0
1539583,2026-06-14,Jersey,Guernsey,"Grainville, St Saviour",0.6376811594202898,0.5581395348837209,1.0,0.8,0.8,0.6,0.8181818181818182,69,43,0.8,1,1
1539500,2026-06-14,Rwanda,Brazil,"Gahanga B Ground, Rwanda",0.4858757062146893,0.56,1.0,1.0,0.9,1.0,1.0,177,50,0.6666666666666666,1,1
1539501,2026-06-14,Malawi,Nigeria,"Gahanga International Cricket Stadium, Rwanda",0.38666666666666666,0.5074626865671642,0.4,0.4,0.5,0.7,0.0,75,134,0.23076923076923078,1,0
1490682,2026-06-14,India,Pakistan,"Edgbaston, Birmingham",0.6498800959232613,0.5264423076923077,0.4,0.6,0.4,0.6,0.7931034482758621,417,416,0.5714285714285714,1,1
1538309,2026-06-14,Sri Lanka,West Indies,"Sabina Park, Kingston, Jamaica",0.42857142857142855,0.45,0.6,0.6,0.6,0.4,0.45714285714285713,343,360,0.5,1,0
1539584,2026-06-14,Jersey,Guernsey,"Grainville, St Saviour",0.6428571428571429,0.5454545454545454,1.0,0.6,0.8,0.6,0.8333333333333334,70,44,0.8333333333333334,1,1
1490681,2026-06-14,Netherlands,Bangladesh,"Edgbaston, Birmingham",0.54,0.4084967320261438,0.2,0.4,0.2,0.4,0.18181818181818182,200,306,0.5,1,0
1539503,2026-06-15,Nigeria,Brazil,"Gahanga B Ground, Rwanda",0.5111111111111111,0.5490196078431373,0.6,0.8,0.7,0.9,0.3333333333333333,135,51,0.5,1,0
1539504,2026-06-15,Rwanda,Malawi,"Gahanga International Cricket Stadium, Rwanda",0.4887640449438202,0.3815789473684211,1.0,0.2,0.9,0.5,0.6923076923076923,178,76,0.2857142857142857,1,1
1490683,2026-06-16,New Zealand,Sri Lanka,"The Rose Bowl, Southampton",0.5459459459459459,0.4273255813953488,0.4,0.4,0.4,0.6,0.7105263157894737,370,344,0.0,1,0
1490684,2026-06-16,Ireland,England,"The Rose Bowl, Southampton",0.4925373134328358,0.6430446194225722,0.6,0.8,0.6,0.7,0.3333333333333333,268,381,0.5,1,0
1490685,2026-06-17,Bangladesh,Australia,"Headingley, Leeds",0.41042345276872966,0.6629526462395543,0.6,0.8,0.4,0.6,0.25,307,359,0.5,1,0
1490686,2026-06-17,India,Netherlands,"Headingley, Leeds",0.6507177033492823,0.5373134328358209,0.4,0.2,0.4,0.2,1.0,418,201,0.5,1,1
1490687,2026-06-17,Pakistan,South Africa,"Edgbaston, Birmingham",0.5251798561151079,0.5190217391304348,0.4,0.6,0.6,0.6,0.5306122448979592,417,368,0.0,1,0
1539506,2026-06-17,Brazil,Malawi,"Gahanga International Cricket Stadium, Rwanda",0.5576923076923077,0.37662337662337664,0.8,0.0,0.9,0.5,1.0,52,77,0.75,1,1
1532483,2026-06-17,Bangladesh,Australia,"Bir Sreshtho Flight Lieutenant Matiur Rahman Stadium, Chattogram",0.4090909090909091,0.6638888888888889,0.6,1.0,0.3,0.7,0.23529411764705882,308,360,0.42857142857142855,1,0
1539472,2026-06-18,Denmark,Germany,"Svanholm Park, Brondby",0.46551724137931033,0.5818181818181818,0.6,0.8,0.4,0.7,0.0,58,110,0.5454545454545454,1,0
1540323,2026-06-18,Cyprus,Malta,Happy Valley Ground,0.625,0.43902439024390244,0.0,0.4,0.2,0.7,1.0,56,82,0.47619047619047616,1,1
1539739,2026-06-18,Nigeria,Hong Kong,"Namibia Cricket Ground, Windhoek",0.5073529411764706,0.5317073170731708,0.4,0.4,0.6,0.7,0.0,136,205,0.5,1,0
1490688,2026-06-18,West Indies,Scotland,"Headingley, Leeds",0.4515235457063712,0.5491329479768786,0.6,0.8,0.5,0.6,0.6666666666666666,361,173,0.5,1,1
1540322,2026-06-18,Cyprus,Malta,Happy Valley Ground,0.631578947368421,0.43373493975903615,0.2,0.4,0.3,0.6,1.0,57,83,0.5,1,1
1540308,2026-06-19,Belgium,Romania,"Moara Vlasiei Cricket Ground, Ilfov County",0.5128205128205128,0.625,0.0,0.8,0.4,0.7,0.5,39,64,0.6666666666666666,1,1
1540309,2026-06-19,Romania,Switzerland,"Moara Vlasiei Cricket Ground, Ilfov County",0.6153846153846154,0.6976744186046512,0.8,0.4,0.6,0.7,0.0,65,43,0.6176470588235294,1,0
1540310,2026-06-19,Hungary,Switzerland,"Moara Vlasiei Cricket Ground, Ilfov County",0.4722222222222222,0.7045454545454546,0.2,0.6,0.4,0.7,0.5,36,44,0.42857142857142855,1,0
1532484,2026-06-19,Australia,Bangladesh,"Bir Sreshtho Flight Lieutenant Matiur Rahman Stadium, Chattogram",0.6648199445983379,0.4077669902912621,1.0,0.6,0.8,0.3,0.7777777777777778,361,309,1.0,1,1
1539740,2026-06-19,Hong Kong,Namibia,"Namibia Cricket Ground, Windhoek",0.5339805825242718,0.5425531914893617,0.4,0.2,0.7,0.1,0.25,206,188,1.0,1,0
1540324,2026-06-19,Malta,Cyprus,Happy Valley Ground,0.42857142857142855,0.6379310344827587,0.4,0.4,0.5,0.3,0.0,84,58,0.2,1,0
1539473,2026-06-19,Germany,Denmark,"Svanholm Park, Brondby",0.5855855855855856,0.4576271186440678,0.8,0.6,0.8,0.3,1.0,111,59,1.0,1,0
1539509,2026-06-19,Rwanda,Nigeria,"Gahanga B Ground, Rwanda",0.49162011173184356,0.5036496350364964,1.0,0.2,1.0,0.5,0.42857142857142855,179,137,0.6842105263157895,1,1
1539474,2026-06-19,Germany,Denmark,"Svanholm Park, Brondby",0.5803571428571429,0.4666666666666667,0.6,0.8,0.8,0.4,0.8571428571428571,112,60,0.5,1,0
1490689,2026-06-19,New Zealand,Ireland,"The Rose Bowl, Southampton",0.5444743935309974,0.49070631970260226,0.2,0.4,0.3,0.5,1.0,371,269,0.0,1,1
1539741,2026-06-20,Namibia,Nigeria,"Namibia Cricket Ground, Windhoek",0.544973544973545,0.5,0.4,0.2,0.2,0.4,0.7777777777777778,189,138,0.6666666666666666,1,1
1540326,2026-06-20,Cyprus,Malta,Happy Valley Ground,0.6440677966101694,0.4235294117647059,0.6,0.2,0.4,0.4,1.0,59,85,0.5416666666666666,1,1
1490692,2026-06-20,England,Scotland,"Headingley, Leeds",0.643979057591623,0.5459770114942529,0.8,0.6,0.7,0.6,1.0,382,174,1.0,1,1
1539510,2026-06-20,Brazil,Nigeria,"Gahanga International Cricket Stadium, Rwanda",0.5660377358490566,0.49640287769784175,0.8,0.2,0.9,0.3,0.75,53,139,0.8,1,0
1490691,2026-06-20,Bangladesh,Pakistan,"The Rose Bowl, Southampton",0.4064516129032258,0.5239234449760766,0.4,0.2,0.3,0.5,0.24324324324324326,310,418,0.5,1,1
1539475,2026-06-20,Germany,Denmark,"Svanholm Park, Brondby",0.5752212389380531,0.47540983606557374,0.4,0.8,0.7,0.5,0.75,113,61,0.3333333333333333,1,0
1540313,2026-06-20,Belgium,Switzerland,"Moara Vlasiei Cricket Ground, Ilfov County",0.525,0.7111111111111111,0.2,0.8,0.4,0.7,0.2,40,45,0.75,1,1
1540312,2026-06-20,Belgium,Hungary,"Moara Vlasiei Cricket Ground, Ilfov County",0.5365853658536586,0.4594594594594595,0.4,0.2,0.5,0.3,1.0,41,37,0.8,1,1
1540311,2026-06-20,Hungary,Romania,"Moara Vlasiei Cricket Ground, Ilfov County",0.4473684210526316,0.6060606060606061,0.2,0.6,0.3,0.5,0.2,38,66,0.3333333333333333,1,0
1490690,2026-06-20,Australia,Netherlands,"The Rose Bowl, Southampton",0.6657458563535912,0.5346534653465347,1.0,0.2,0.9,0.2,0.5,362,202,1.0,1,1
1490694,2026-06-21,India,South Africa,"Old Trafford, Manchester",0.6515513126491647,0.5203252032520326,0.6,0.6,0.4,0.7,0.5636363636363636,419,369,1.0,1,0
1540315,2026-06-21,Romania,Switzerland,"Moara Vlasiei Cricket Ground, Ilfov County",0.6119402985074627,0.6956521739130435,0.6,0.6,0.5,0.6,0.0,67,46,0.6111111111111112,1,1
1540316,2026-06-21,Belgium,Romania,"Moara Vlasiei Cricket Ground, Ilfov County",0.5476190476190477,0.6176470588235294,0.6,0.6,0.5,0.6,1.0,42,68,0.8333333333333334,1,1
1490693,2026-06-21,Sri Lanka,West Indies,"County Ground, Bristol",0.4289855072463768,0.4530386740331492,0.4,0.8,0.7,0.6,0.4444444444444444,345,362,0.5,1,0
1540314,2026-06-21,Belgium,Hungary,"Moara Vlasiei Cricket Ground, Ilfov County",0.5581395348837209,0.4358974358974359,0.8,0.0,0.5,0.3,1.0,43,39,0.8571428571428571,1,1
1532485,2026-06-21,Bangladesh,Australia,"Bir Sreshtho Flight Lieutenant Matiur Rahman Stadium, Chattogram",0.40836012861736337,0.6666666666666666,0.4,1.0,0.4,0.9,0.21052631578947367,311,363,0.3333333333333333,1,0
1539742,2026-06-21,Nigeria,Hong Kong,"Namibia Cricket Ground, Windhoek",0.5,0.5314009661835749,0.2,0.4,0.4,0.6,0.0,140,207,0.25,1,0
1539743,2026-06-22,Namibia,Hong Kong,"Namibia Cricket Ground, Windhoek",0.5473684210526316,0.5336538461538461,0.6,0.4,0.3,0.6,0.8,190,208,0.6923076923076923,1,1
1541804,2026-06-22,Singapore,Uzbekistan,Singapore National Cricket Ground,0.2916666666666667,0.5,0.0,0.5,0.1,0.5,0.5,120,0,0.2413793103448276,0,1
1539731,2026-06-22,Belize,Bermuda,"White Hill Field, Sandys Parish",0.25,0.6888888888888889,0.4,0.6,0.2,0.6,0.0,12,45,0.5,1,0
1539732,2026-06-22,Panama,Brazil,"White Hill Field, Sandys Parish",0.3181818181818182,0.5555555555555556,0.8,0.6,0.4,0.8,0.0,22,54,0.0,1,1
1490695,2026-06-23,Scotland,New Zealand,"County Ground, Bristol",0.5428571428571428,0.5456989247311828,0.4,0.4,0.6,0.4,0.0,175,372,0.5,1,0
1490696,2026-06-23,Ireland,Sri Lanka,"County Ground, Bristol",0.4888888888888889,0.4277456647398844,0.4,0.4,0.4,0.6,0.14285714285714285,270,346,0.0,1,0
1490697,2026-06-23,Australia,Pakistan,"Headingley, Leeds",0.6675824175824175,0.522673031026253,1.0,0.0,0.9,0.4,0.6511627906976745,364,419,1.0,1,1
1541806,2026-06-23,Singapore,Thailand,Singapore National Cricket Ground,0.2975206611570248,0.5730337078651685,0.2,1.0,0.1,1.0,0.5714285714285714,121,178,0.26666666666666666,1,1
1541805,2026-06-23,Indonesia,Uzbekistan,Singapore National Cricket Ground,0.5364238410596026,0.0,0.8,0.0,0.5,0.0,0.5,151,1,1.0,1,1
1539744,2026-06-23,Namibia,Nigeria,"Namibia Cricket Ground, Windhoek",0.5497382198952879,0.49645390070921985,0.8,0.2,0.4,0.3,0.8,191,141,0.7142857142857143,1,1
1539733,2026-06-24,Bahamas,Panama,"White Hill Field, Sandys Parish",0.2857142857142857,0.34782608695652173,0.0,1.0,0.0,0.5,0.6666666666666666,28,23,0.5,1,0
1539734,2026-06-24,Brazil,Belize,"White Hill Field, Sandys Parish",0.5454545454545454,0.23076923076923078,0.4,0.4,0.7,0.2,0.0,55,13,0.0,1,0
1490698,2026-06-24,England,West Indies,"Lord's, London",0.6449086161879896,0.45454545454545453,1.0,0.8,0.7,0.7,0.6349206349206349,383,363,1.0,1,1
1541807,2026-06-25,Uzbekistan,Thailand,Singapore National Cricket Ground,0.0,0.5698324022346368,0.0,0.8,0.0,0.9,0.5,2,179,0.0,1,0
1541808,2026-06-25,Singapore,Indonesia,Singapore National Cricket Ground,0.30327868852459017,0.5394736842105263,0.4,0.8,0.2,0.6,0.14285714285714285,122,152,0.2903225806451613,1,1
1490700,2026-06-25,South Africa,Netherlands,"County Ground, Bristol",0.5216216216216216,0.5320197044334976,0.6,0.0,0.7,0.2,0.6666666666666666,370,203,0.6666666666666666,1,1
1539736,2026-06-25,Brazil,Bahamas,"White Hill Field, Sandys Parish",0.5357142857142857,0.27586206896551724,0.4,0.0,0.6,0.0,0.0,56,29,0.0,1,0
1490699,2026-06-25,Bangladesh,India,"Old Trafford, Manchester",0.40705128205128205,0.65,0.2,0.4,0.4,0.4,0.11764705882352941,312,420,0.5,1,0
1539735,2026-06-25,Panama,Bermuda,"White Hill Field, Sandys Parish",0.375,0.6956521739130435,1.0,0.8,0.6,0.7,0.0,24,46,0.5,1,0
1528548,2026-06-26,Ireland,India,"Civil Service Cricket Club, Stormont, Belfast",0.4870848708487085,0.6508313539192399,0.2,0.6,0.3,0.5,0.0,271,421,0.3333333333333333,1,1
1490701,2026-06-26,Scotland,Sri Lanka,"Old Trafford, Manchester",0.5397727272727273,0.42939481268011526,0.4,0.6,0.5,0.6,0.0,176,347,1.0,1,0
1539512,2026-06-26,Norway,Luxembourg,"Banks Field, Vinor",0.45714285714285713,0.30434782608695654,0.2,0.2,0.3,0.2,1.0,70,46,0.5,1,1
1541809,2026-06-26,Indonesia,Uzbekistan,Singapore National Cricket Ground,0.5359477124183006,0.0,0.6,0.0,0.6,0.0,1.0,153,3,0.75,1,1
1539477,2026-06-26,Czech Republic,Luxembourg,"Scott Page Field, Vinor",0.32653061224489793,0.2978723404255319,0.2,0.2,0.2,0.2,0.75,49,47,0.20833333333333334,1,0
1539476,2026-06-26,Serbia,Luxembourg,"Scott Page Field, Vinor",0.3333333333333333,0.3125,0.2,0.4,0.4,0.3,0.5,42,48,0.5,1,0
1539513,2026-06-26,Luxembourg,Czech Republic,"Banks Field, Vinor",0.32653061224489793,0.32,0.6,0.0,0.3,0.2,0.4,49,50,0.0,1,0
1541810,2026-06-26,Thailand,Singapore,Singapore National Cricket Ground,0.5722222222222222,0.3089430894308943,0.8,0.6,0.9,0.3,0.375,180,123,0.5,1,0
1541615,2026-06-26,Bulgaria,Serbia,"Vassil Levski National Sports Academy, Sofia",0.25,0.32558139534883723,0.0,0.0,0.2,0.3,0.4666666666666667,64,43,0.3333333333333333,1,0
1539738,2026-06-27,Bermuda,Brazil,"White Hill Field, Sandys Parish",0.7021276595744681,0.5263157894736842,0.8,0.2,0.7,0.5,1.0,47,57,1.0,1,1
1541617,2026-06-27,Serbia,Bulgaria,"Vassil Levski National Sports Academy, Sofia",0.3409090909090909,0.24615384615384617,0.2,0.0,0.3,0.1,0.5625,44,65,0.6,1,1
1541616,2026-06-27,Bulgaria,Serbia,"Vassil Levski National Sports Academy, Sofia",0.24242424242424243,0.35555555555555557,0.0,0.4,0.0,0.3,0.4117647058823529,66,45,0.2727272727272727,1,1
1542988,2026-06-27,Hungary,Austria,"GB Oval, Szodliget",0.425,0.6136363636363636,0.0,0.4,0.2,0.4,0.2,40,88,0.7777777777777778,1,0
1539479,2026-06-27,Serbia,Luxembourg,"Scott Page Field, Vinor",0.34782608695652173,0.32,0.4,0.6,0.3,0.3,0.0,46,50,0.0,1,0
1540948,2026-06-27,Denmark,Switzerland,Albertslund Cricket Club,0.4838709677419355,0.6808510638297872,0.8,0.6,0.6,0.5,0.5,62,47,0.6666666666666666,1,1
1490702,2026-06-27,Pakistan,Netherlands,"County Ground, Bristol",0.5214285714285715,0.5294117647058824,0.0,0.0,0.4,0.1,1.0,420,204,0.5,1,1
1490703,2026-06-27,West Indies,Ireland,"County Ground, Bristol",0.4532967032967033,0.4889705882352941,0.8,0.2,0.7,0.4,0.75,364,272,0.5,1,0
1490704,2026-06-27,New Zealand,England,"Kennington Oval, London",0.546916890080429,0.6458333333333334,0.4,1.0,0.5,0.8,0.2545454545454545,373,384,0.0,1,0
1539737,2026-06-27,Bahamas,Belize,"White Hill Field, Sandys Parish",0.3,0.2857142857142857,0.2,0.6,0.1,0.3,1.0,30,14,0.5,1,1
1539515,2026-06-27,Norway,Luxembourg,"Banks Field, Vinor",0.4647887323943662,0.3333333333333333,0.4,0.6,0.3,0.4,1.0,71,51,1.0,1,1
1539514,2026-06-27,Czech Republic,Norway,"Banks Field, Vinor",0.3333333333333333,0.4722222222222222,0.2,0.6,0.3,0.3,0.0,51,72,1.0,1,1
1539480,2026-06-28,Czech Republic,Luxembourg,"Scott Page Field, Vinor",0.34615384615384615,0.3269230769230769,0.4,0.6,0.4,0.4,0.6666666666666666,52,52,0.2,1,1
1490706,2026-06-28,India,Australia,"Lord's, London",0.6492890995260664,0.6684931506849315,0.6,1.0,0.5,1.0,0.46774193548387094,422,365,0.5,1,0
1528549,2026-06-28,Ireland,India,"Civil Service Cricket Club, Stormont, Belfast",0.4908424908424908,0.6477541371158393,0.4,0.4,0.5,0.4,0.09090909090909091,273,423,0.4,1,1
1541618,2026-06-28,Bulgaria,Serbia,"Vassil Levski National Sports Academy, Sofia",0.2537313432835821,0.3404255319148936,0.2,0.4,0.1,0.3,0.4444444444444444,67,47,0.3333333333333333,1,0
1539516,2026-06-28,Luxembourg,Czech Republic,"Banks Field, Vinor",0.32075471698113206,0.3584905660377358,0.4,0.6,0.4,0.5,0.2857142857142857,53,53,0.0,1,0
1490705,2026-06-28,Bangladesh,South Africa,"Lord's, London",0.4057507987220447,0.522911051212938,0.2,0.8,0.4,0.7,0.05555555555555555,313,371,0.5,1,0
1542990,2026-06-28,Austria,Hungary,"GB Oval, Szodliget",0.6179775280898876,0.4146341463414634,0.4,0.0,0.5,0.1,0.8333333333333334,89,41,1.0,1,1
1542989,2026-06-28,Hungary,Austria,"GB Oval, Szodliget",0.40476190476190477,0.6222222222222222,0.0,0.6,0.1,0.5,0.14285714285714285,42,90,0.6363636363636364,1,0
1539517,2026-06-28,Norway,Czech Republic,"Banks Field, Vinor",0.4657534246575342,0.37037037037037035,0.4,0.8,0.3,0.5,0.6666666666666666,73,54,0.6666666666666666,1,0
1490707,2026-06-30,West Indies,Australia,"Kennington Oval, London",0.4520547945205479,0.6693989071038251,0.6,1.0,0.6,1.0,0.30952380952380953,365,366,0.5,1,0
1540318,2026-07-01,Sweden,Portugal,"Botkyrka Cricket Center, Stockholm",0.532258064516129,0.717948717948718,0.8,0.8,0.7,0.8,0.5,62,39,0.42857142857142855,1,0
1540317,2026-07-01,Portugal,Sweden,"Botkyrka Cricket Center, Stockholm",0.725,0.5238095238095238,0.8,0.6,0.8,0.6,1.0,40,63,1.0,1,1
1490708,2026-07-02,England,South Africa,"Kennington Oval, London",0.6467532467532467,0.5241935483870968,1.0,0.8,0.8,0.8,0.6304347826086957,385,372,1.0,1,1
1543356,2026-07-03,Portugal,Finland,Kerava National Cricket Ground,0.7317073170731707,0.4444444444444444,0.8,0.8,0.8,0.6,0.5,41,45,0.5,1,1
1543358,2026-07-04,Portugal,Finland,Kerava National Cricket Ground,0.7380952380952381,0.43478260869565216,0.8,0.6,0.8,0.6,1.0,42,46,1.0,1,1
1496575,2026-07-04,India,England,"Old Trafford, Manchester",0.6462264150943396,0.6476683937823834,0.2,1.0,0.4,0.9,0.4444444444444444,424,386,0.6666666666666666,1,0
1490709,2026-07-05,England,Australia,"Lord's, London",0.648578811369509,0.670299727520436,1.0,1.0,0.9,1.0,0.44642857142857145,387,367,1.0,1,0
1496576,2026-07-07,England,India,"Trent Bridge, Nottingham",0.6469072164948454,0.6447058823529411,0.8,0.2,0.9,0.3,0.5625,388,425,0.25,1,1
1543361,2026-07-08,Denmark,Estonia,"Svanholm Park, Brondby",0.49206349206349204,0.37777777777777777,0.8,0.6,0.7,0.5,1.0,63,45,0.6,1,1
1543362,2026-07-08,Gibraltar,Belgium,Koge Cricket Club,0.3492063492063492,0.5681818181818182,0.0,1.0,0.3,0.5,0.0,63,44,0.5,1,0
1543364,2026-07-08,Serbia,Romania,Koge Cricket Club,0.3541666666666667,0.6086956521739131,0.6,0.4,0.3,0.6,0.0,48,69,0.5,1,0
1496577,2026-07-09,India,England,"County Ground, Bristol",0.6431924882629108,0.6478149100257069,0.0,0.8,0.3,0.9,0.4307692307692308,426,389,0.3333333333333333,1,0
1543365,2026-07-09,Denmark,Turkey,Koge Cricket Club,0.5,0.2962962962962963,1.0,0.6,0.8,0.5,0.5,64,27,0.8,1,1
1543366,2026-07-09,Estonia,Norway,Koge Cricket Club,0.3695652173913043,0.4594594594594595,0.6,0.4,0.5,0.3,0.0,46,74,0.5,1,0
1543367,2026-07-10,Gibraltar,Romania,"Svanholm Park, Brondby",0.34375,0.6142857142857143,0.0,0.6,0.2,0.7,0.5,64,70,0.5,1,0
1543368,2026-07-10,Hungary,Estonia,Koge Cricket Club,0.3953488372093023,0.3617021276595745,0.0,0.6,0.1,0.4,0.5,43,47,0.5,1,1
1543369,2026-07-10,Belgium,Serbia,"Svanholm Park, Brondby",0.5777777777777777,0.3469387755102041,1.0,0.4,0.6,0.3,1.0,45,49,0.5,1,1
1543370,2026-07-10,Turkey,Norway,Koge Cricket Club,0.2857142857142857,0.4666666666666667,0.4,0.6,0.4,0.4,0.0,28,75,0.0,1,0
1544138,2026-07-10,Switzerland,Germany,SSC Karlsruhe,0.6666666666666666,0.5701754385964912,0.4,0.4,0.4,0.6,0.5,48,114,0.5,1,0
1544137,2026-07-10,Germany,Switzerland,SSC Karlsruhe,0.5739130434782609,0.6530612244897959,0.4,0.2,0.6,0.4,1.0,115,49,1.0,1,1
1544140,2026-07-11,Germany,Switzerland,SSC Karlsruhe,0.5775862068965517,0.64,0.4,0.0,0.6,0.4,1.0,116,50,1.0,1,1
1544139,2026-07-11,Germany,Switzerland,SSC Karlsruhe,0.5811965811965812,0.6274509803921569,0.6,0.0,0.6,0.3,1.0,117,51,1.0,1,1
1496578,2026-07-11,England,India,"The Rose Bowl, Southampton",0.6487179487179487,0.6416861826697893,0.8,0.0,0.9,0.3,0.5757575757575758,390,427,0.5714285714285714,1,1
1543372,2026-07-12,Belgium,Romania,Koge Cricket Club,0.5869565217391305,0.6197183098591549,1.0,0.8,0.7,0.7,1.0,46,71,1.0,1,0
1543373,2026-07-12,Hungary,Turkey,"Svanholm Park, Brondby",0.4090909090909091,0.27586206896551724,0.2,0.2,0.1,0.3,0.5,44,29,0.5,1,1
1543374,2026-07-12,Serbia,Gibraltar,Koge Cricket Club,0.34,0.3384615384615385,0.2,0.0,0.3,0.1,0.0,50,65,0.0,1,0
1544141,2026-07-12,Switzerland,Germany,SSC Karlsruhe,0.6153846153846154,0.5847457627118644,0.0,0.8,0.3,0.6,0.0,52,118,0.0,1,1
1543371,2026-07-12,Denmark,Norway,"Svanholm Park, Brondby",0.5076923076923077,0.47368421052631576,1.0,0.6,0.9,0.5,0.8333333333333334,65,76,0.625,1,1
1543375,2026-07-13,Denmark,Hungary,"Svanholm Park, Brondby",0.5151515151515151,0.4222222222222222,1.0,0.4,0.9,0.2,0.5,66,45,0.6470588235294118,1,1
1543376,2026-07-13,Turkey,Estonia,"Svanholm Park, Brondby",0.26666666666666666,0.3541666666666667,0.2,0.4,0.3,0.3,0.5,30,48,0.0,1,0
1543378,2026-07-14,Norway,Gibraltar,Koge Cricket Club,0.4675324675324675,0.3484848484848485,0.4,0.2,0.5,0.2,1.0,77,66,0.75,1,1
1543377,2026-07-14,Serbia,Estonia,Koge Cricket Club,0.3333333333333333,0.3673469387755102,0.2,0.4,0.3,0.4,0.5,51,49,0.0,1,0
1544120,2026-07-14,Hungary,Belgium,"Svanholm Park, Brondby",0.41304347826086957,0.574468085106383,0.4,0.8,0.2,0.7,0.0,46,47,0.5,1,0
1544121,2026-07-14,Denmark,Romania,"Svanholm Park, Brondby",0.5223880597014925,0.625,1.0,0.8,0.9,0.7,0.5,67,72,0.6666666666666666,1,1
1538301,2026-07-15,Zimbabwe,Bangladesh,"Queens Sports Club, Bulawayo",0.45267489711934156,0.40445859872611467,0.0,0.2,0.1,0.4,0.3333333333333333,243,314,0.5555555555555556,1,1
1538302,2026-07-17,Bangladesh,Zimbabwe,"Queens Sports Club, Bulawayo",0.4031746031746032,0.45491803278688525,0.2,0.2,0.3,0.1,0.64,315,244,0.0,1,1
1538303,2026-07-19,Zimbabwe,Bangladesh,"Queens Sports Club, Bulawayo",0.4530612244897959,0.4050632911392405,0.2,0.2,0.1,0.3,0.34615384615384615,245,316,0.55,1,0
1544600,2026-07-21,Tanzania,Namibia,"High Performance Oval, Windhoek",0.6050420168067226,0.5520833333333334,0.8,1.0,0.4,0.5,0.3333333333333333,119,192,1.0,1,0
1544599,2026-07-21,Hong Kong,Uganda,"High Performance Oval, Windhoek",0.5311004784688995,0.6804123711340206,0.4,0.4,0.5,0.5,0.2,209,194,0.5,1,0
1544602,2026-07-22,Hong Kong,Tanzania,"High Performance Oval, Windhoek",0.5285714285714286,0.6,0.4,0.8,0.4,0.4,1.0,210,120,0.0,1,1
1530060,2026-07-23,Zimbabwe,India,Harare Sports Club,0.45121951219512196,0.6401869158878505,0.2,0.0,0.1,0.2,0.21428571428571427,246,428,0.32786885245901637,1,0
1544604,2026-07-24,Hong Kong,Namibia,"High Performance Oval, Windhoek",0.5308056872037915,0.5544041450777202,0.4,1.0,0.4,0.6,0.16666666666666666,211,193,0.5,1,0
1544603,2026-07-24,Uganda,Tanzania,"High Performance Oval, Windhoek",0.6820512820512821,0.5950413223140496,0.4,0.6,0.5,0.4,0.6521739130434783,195,121,0.5555555555555556,1,1
1530061,2026-07-25,India,Zimbabwe,Harare Sports Club,0.6410256410256411,0.4493927125506073,0.2,0.2,0.2,0.1,0.8,429,247,0.7692307692307693,1,1
1547108,2026-07-25,Estonia,Finland,Estonian National Cricket and Rugby Field,0.38,0.425531914893617,0.4,0.4,0.5,0.6,0.6,50,47,0.6,1,0
1546378,2026-07-25,Austria,Turkey,"Moara Vlasiei Cricket Ground, Ilfov County",0.6263736263736264,0.25806451612903225,0.8,0.0,0.5,0.3,1.0,91,31,0.7,1,1
1546377,2026-07-25,France,Romania,"Moara Vlasiei Cricket Ground, Ilfov County",0.390625,0.6164383561643836,0.6,0.6,0.6,0.6,1.0,64,73,0.0,1,0
1547107,2026-07-25,Estonia,Finland,Estonian National Cricket and Rugby Field,0.37254901960784315,0.4375,0.4,0.4,0.5,0.6,0.5,51,48,0.5454545454545454,1,0
1544606,2026-07-25,Hong Kong,Uganda,"Namibia Cricket Ground, Windhoek",0.5283018867924528,0.6836734693877551,0.4,0.6,0.4,0.5,0.16666666666666666,212,196,0.5,1,0
1544605,2026-07-25,Tanzania,Namibia,"High Performance Oval, Windhoek",0.5901639344262295,0.5567010309278351,0.4,1.0,0.4,0.7,0.2857142857142857,122,194,0.4,1,0
1546380,2026-07-26,Turkey,Romania,"Moara Vlasiei Cricket Ground, Ilfov County",0.25,0.6216216216216216,0.0,0.8,0.3,0.6,0.5,32,74,0.4,1,0
1530062,2026-07-26,India,Zimbabwe,Harare Sports Club,0.641860465116279,0.4475806451612903,0.4,0.2,0.3,0.1,0.8125,430,248,0.7857142857142857,1,1
1546379,2026-07-26,Romania,Austria,"Moara Vlasiei Cricket Ground, Ilfov County",0.6266666666666667,0.6304347826086957,0.8,1.0,0.7,0.6,0.42857142857142855,75,92,0.625,1,0
1544608,2026-07-27,Uganda,Namibia,"Namibia Cricket Ground, Windhoek",0.6852791878172588,0.558974358974359,0.8,1.0,0.5,0.8,0.37037037037037035,197,195,0.5,1,0
1546382,2026-07-27,Israel,Romania,"Moara Vlasiei Cricket Ground, Ilfov County",0.375,0.618421052631579,0.4,0.6,0.375,0.7,0.0,8,76,0.5,1,0
1544607,2026-07-27,Tanzania,Hong Kong,"Namibia Cricket Ground, Windhoek",0.5853658536585366,0.5258215962441315,0.2,0.2,0.4,0.3,0.0,123,213,0.6666666666666666,1,0
1546381,2026-07-27,France,Turkey,"Moara Vlasiei Cricket Ground, Ilfov County",0.38461538461538464,0.24242424242424243,0.4,0.0,0.6,0.2,1.0,65,33,0.0,1,1
1544610,2026-07-28,Uganda,Tanzania,"Namibia Cricket Ground, Windhoek",0.6818181818181818,0.5806451612903226,0.6,0.0,0.5,0.4,0.6666666666666666,198,124,0.4,1,1
1544609,2026-07-28,Hong Kong,Namibia,"Namibia Cricket Ground, Windhoek",0.5280373831775701,0.5612244897959183,0.4,1.0,0.4,0.9,0.14285714285714285,214,196,0.5,1,0
1546383,2026-07-28,Israel,Austria,"Moara Vlasiei Cricket Ground, Ilfov County",0.3333333333333333,0.6344086021505376,0.4,1.0,0.3333333333333333,0.7,0.0,9,93,0.0,1,0
1546384,2026-07-28,Turkey,Israel,"Moara Vlasiei Cricket Ground, Ilfov County",0.23529411764705882,0.3,0.0,0.4,0.1,0.3,0.5,34,10,0.2857142857142857,1,1
1546385,2026-07-28,France,Austria,"Moara Vlasiei Cricket Ground, Ilfov County",0.3939393939393939,0.6382978723404256,0.4,1.0,0.6,0.7,0.0,66,94,0.2,1,1
1544142,2026-07-29,Canada,Argentina,"St George's College Ground, Buenos Aires",0.5319148936170213,0.4318181818181818,0.2,0.8,0.1,0.6,0.8,94,44,0.5,1,0
1546386,2026-07-29,Israel,France,"Moara Vlasiei Cricket Ground, Ilfov County",0.2727272727272727,0.40298507462686567,0.2,0.6,0.3,0.6,0.5,11,67,0.0,1,0
1546387,2026-07-29,Turkey,France,"Moara Vlasiei Cricket Ground, Ilfov County",0.2571428571428571,0.4117647058823529,0.2,0.6,0.2,0.6,0.0,35,68,0.375,1,0
1544611,2026-07-30,Hong Kong,Tanzania,"Namibia Cricket Ground, Windhoek",0.5255813953488372,0.576,0.4,0.0,0.4,0.4,1.0,215,125,0.42857142857142855,1,0
1544612,2026-07-30,Uganda,Namibia,"Namibia Cricket Ground, Windhoek",0.6834170854271356,0.5634517766497462,0.8,1.0,0.6,1.0,0.35714285714285715,199,197,0.5,1,1
1546389,2026-07-30,France,Romania,"Moara Vlasiei Cricket Ground, Ilfov County",0.42028985507246375,0.6233766233766234,0.8,0.6,0.7,0.7,0.5,69,77,0.5,1,1
1546388,2026-07-30,Austria,Romania,"Moara Vlasiei Cricket Ground, Ilfov County",0.631578947368421,0.6153846153846154,0.8,0.6,0.7,0.6,0.625,95,78,0.7142857142857143,1,0
1544143,2026-07-30,Canada,Argentina,"St George's College Ground, Buenos Aires",0.5263157894736842,0.4444444444444444,0.2,0.8,0.1,0.7,0.6666666666666666,95,45,0.0,1,0
1540543,2026-07-31,Pakistan,Sri Lanka,Rangiri Dambulla International Stadium,0.5225653206650831,0.43103448275862066,0.2,0.6,0.4,0.6,0.6136363636363636,421,348,0.5,1,0
1548122,2026-07-31,Bahrain,Kenya,"Gymkhana Club Ground, Nairobi",0.5034965034965035,0.5379310344827586,0.2,0.8,0.2,0.7,0.5,143,145,0.5,1,1
1544146,2026-08-01,Argentina,Canada,"St George's College Ground, Buenos Aires",0.45652173913043476,0.5208333333333334,0.8,0.0,0.8,0.1,0.42857142857142855,46,96,1.0,1,0
1544145,2026-08-01,Argentina,Canada,"St George's College Ground, Buenos Aires",0.44680851063829785,0.5257731958762887,0.6,0.2,0.7,0.2,0.375,47,97,0.8,1,1
1548123,2026-08-01,Bahrain,Kenya,"Gymkhana Club Ground, Nairobi",0.5069444444444444,0.5342465753424658,0.4,0.8,0.2,0.7,1.0,144,146,1.0,1,0
1544148,2026-08-02,Canada,Argentina,"St George's College Ground, Buenos Aires",0.5204081632653061,0.4583333333333333,0.2,0.6,0.2,0.7,0.5555555555555556,98,48,0.25,1,0
1540544,2026-08-02,Pakistan,Sri Lanka,Rangiri Dambulla International Stadium,0.5213270142180095,0.4326647564469914,0.2,0.8,0.3,0.6,0.6,422,349,0.42857142857142855,1,0
1544147,2026-08-02,Argentina,Canada,"St George's College Ground, Buenos Aires",0.46938775510204084,0.5151515151515151,0.8,0.2,0.8,0.2,0.5,49,99,0.8571428571428571,1,1
1540545,2026-08-04,Sri Lanka,Pakistan,Rangiri Dambulla International Stadium,0.4342857142857143,0.5200945626477541,0.8,0.2,0.6,0.2,0.41304347826086957,350,423,0.6666666666666666,1,0
1545655,2026-08-06,Mexico,Panama,"Los Pinos Polo Club 1, Cundinamarca",0.4666666666666667,0.36,0.6,0.8,0.4,0.6,0.0,30,25,0.5,1,0
1545656,2026-08-07,Panama,Brazil,"Los Pinos Polo Club 1, Cundinamarca",0.38461538461538464,0.5172413793103449,0.8,0.0,0.7,0.4,0.5,26,58,1.0,1,0
1545659,2026-08-08,Mexico,Peru,"Los Pinos Polo Club 1, Cundinamarca",0.45161290322580644,0.5,0.6,0.5,0.3,0.5,0.5,31,0,0.0,0,1
1545657,2026-08-08,Brazil,Mexico,"Los Pinos Polo Club 1, Cundinamarca",0.5254237288135594,0.46875,0.2,0.6,0.4,0.4,0.5,59,32,1.0,1,1
1545658,2026-08-08,Peru,Panama,"Los Pinos Polo Club 2, Cundinamarca",0.0,0.37037037037037035,0.0,0.6,0.0,0.7,0.5,1,27,0.5,1,0
1549355,2026-08-09,Brazil,Panama,"Los Pinos Polo Club 1, Cundinamarca",0.5333333333333333,0.39285714285714285,0.4,0.6,0.4,0.8,0.6666666666666666,60,28,1.0,1,1
1549208,2026-08-10,Thailand,Papua New Guinea,"Amini Park, Port Moresby",0.569060773480663,0.5663716814159292,0.6,0.8,0.8,0.6,0.6666666666666666,181,113,0.5,1,0
1547090,2026-08-11,Malawi,Zambia,"TCA Oval, Blantyre",0.3717948717948718,0.23529411764705882,0.0,0.0,0.4,0.1,1.0,78,17,0.125,1,1
1547089,2026-08-11,Zambia,Rwanda,"TCA Oval, Blantyre",0.2222222222222222,0.49444444444444446,0.0,1.0,0.1,1.0,0.3333333333333333,18,180,0.0,1,0
1549394,2026-08-11,Germany,Finland,Kerava National Cricket Ground,0.5798319327731093,0.4489795918367347,0.8,0.4,0.6,0.7,1.0,119,49,0.5,1,1
1549209,2026-08-11,Papua New Guinea,Thailand,"Amini Park, Port Moresby",0.5701754385964912,0.5659340659340659,0.8,0.4,0.7,0.7,0.5,114,182,1.0,1,0
1547092,2026-08-12,Zambia,Rwanda,"TCA Oval, Blantyre",0.21052631578947367,0.4972375690607735,0.0,1.0,0.1,1.0,0.25,19,181,0.0,1,1
1547091,2026-08-12,Malawi,Rwanda,"TCA Oval, Blantyre",0.379746835443038,0.4945054945054945,0.2,0.8,0.4,0.9,0.2857142857142857,79,182,0.2222222222222222,1,0
1545660,2026-08-14,Finland,Spain,Kerava National Cricket Ground,0.44,0.7884615384615384,0.4,1.0,0.6,0.6,0.0,50,52,0.29411764705882354,1,0
1545661,2026-08-14,Portugal,Israel,Tikkurila Cricket Ground,0.7441860465116279,0.25,1.0,0.2,0.9,0.3,0.0,43,12,0.5,1,1
1545662,2026-08-14,Luxembourg,Isle of Man,Kerava National Cricket Ground,0.3148148148148148,0.5277777777777778,0.2,0.2,0.4,0.2,0.0,54,36,0.5,1,0
1545663,2026-08-14,Germany,Czech Republic,Tikkurila Cricket Ground,0.5833333333333334,0.38181818181818183,0.8,1.0,0.6,0.5,0.5,120,55,0.5,1,1
1547094,2026-08-14,Malawi,Rwanda,"TCA Oval, Blantyre",0.375,0.4972677595628415,0.2,0.8,0.3,0.9,0.26666666666666666,80,183,0.2,1,1
1547096,2026-08-15,Zambia,Malawi,"TCA Oval, Blantyre",0.25,0.38271604938271603,0.2,0.4,0.1,0.3,0.0,20,81,0.3333333333333333,1,1
1547095,2026-08-15,Rwanda,Zambia,"TCA Oval, Blantyre",0.4945652173913043,0.2857142857142857,0.6,0.4,0.8,0.2,0.6,184,21,0.7142857142857143,1,0
1545664,2026-08-15,Greece,Czech Republic,Kerava National Cricket Ground,0.23684210526315788,0.375,0.2,0.8,0.2,0.5,0.0,38,56,0.0,1,0
1545665,2026-08-15,Isle of Man,Spain,Tikkurila Cricket Ground,0.5405405405405406,0.7924528301886793,0.4,1.0,0.3,0.7,0.0,37,53,1.0,1,0
1545666,2026-08-15,Germany,Portugal,Kerava National Cricket Ground,0.5867768595041323,0.75,0.8,1.0,0.6,0.9,0.5,121,44,1.0,1,0
1545667,2026-08-15,Finland,Bulgaria,Tikkurila Cricket Ground,0.43137254901960786,0.25,0.4,0.2,0.5,0.1,1.0,51,68,1.0,1,1
1547097,2026-08-16,Malawi,Rwanda,"TCA Oval, Blantyre",0.3780487804878049,0.4918918918918919,0.4,0.4,0.2,0.7,0.3125,82,185,0.25,1,0
1545671,2026-08-17,Spain,Luxembourg,Tikkurila Cricket Ground,0.7962962962962963,0.3090909090909091,1.0,0.2,0.8,0.4,0.5,54,55,1.0,1,1
1545668,2026-08-17,Israel,Germany,Kerava National Cricket Ground,0.23076923076923078,0.5819672131147541,0.0,0.6,0.2,0.6,0.5,13,122,0.5,1,0
1545669,2026-08-17,Isle of Man,Bulgaria,Tikkurila Cricket Ground,0.5263157894736842,0.2463768115942029,0.4,0.2,0.2,0.1,0.5,38,69,0.5,1,1
1545670,2026-08-17,Greece,Portugal,Kerava National Cricket Ground,0.23076923076923078,0.7555555555555555,0.2,1.0,0.2,0.9,0.5,39,45,0.0,1,0
1545674,2026-08-18,Czech Republic,Israel,Kerava National Cricket Ground,0.38596491228070173,0.21428571428571427,0.8,0.0,0.6,0.2,0.5,57,14,0.6666666666666666,1,0
1545672,2026-08-18,Greece,Germany,Kerava National Cricket Ground,0.225,0.5853658536585366,0.0,0.6,0.2,0.7,0.0,40,123,0.0,1,0
1545673,2026-08-18,Finland,Luxembourg,Tikkurila Cricket Ground,0.4423076923076923,0.30357142857142855,0.6,0.0,0.5,0.3,0.5,52,56,1.0,1,1
1545675,2026-08-18,Bulgaria,Spain,Tikkurila Cricket Ground,0.24285714285714285,0.8,0.2,1.0,0.1,0.9,0.5,70,55,0.2,1,0
1545679,2026-08-20,Israel,Greece,Tikkurila Cricket Ground,0.26666666666666666,0.21951219512195122,0.2,0.0,0.3,0.2,0.5,15,41,0.0,1,1
1545677,2026-08-20,Portugal,Czech Republic,Tikkurila Cricket Ground,0.7608695652173914,0.3793103448275862,1.0,0.6,0.9,0.6,0.5,46,58,1.0,1,1
1545676,2026-08-20,Bulgaria,Luxembourg,Kerava National Cricket Ground,0.23943661971830985,0.2982456140350877,0.2,0.0,0.1,0.3,0.0,71,57,0.0,1,1
1545683,2026-08-21,Portugal,Spain,Kerava National Cricket Ground,0.7659574468085106,0.8035714285714286,1.0,1.0,0.9,0.9,0.0,47,56,1.0,1,1
1545682,2026-08-21,Israel,Isle of Man,Tikkurila Cricket Ground,0.3125,0.5384615384615384,0.4,0.4,0.3,0.3,0.5,16,39,0.5,1,0
1545681,2026-08-21,Bulgaria,Czech Republic,Tikkurila Cricket Ground,0.25,0.3728813559322034,0.2,0.4,0.2,0.6,0.0,72,59,0.16666666666666666,1,0
1545680,2026-08-21,Germany,Finland,Kerava National Cricket Ground,0.5887096774193549,0.4528301886792453,0.8,0.6,0.8,0.5,1.0,124,53,0.75,1,1
1548522,2026-08-22,Belgium,Luxembourg,Pierre Werner Cricket Ground,0.5833333333333334,0.29310344827586204,0.8,0.0,0.8,0.2,1.0,48,58,1.0,1,1
1548523,2026-08-22,Belgium,Luxembourg,Pierre Werner Cricket Ground,0.5918367346938775,0.288135593220339,0.8,0.0,0.9,0.1,1.0,49,59,1.0,1,0
1548524,2026-08-23,Belgium,Luxembourg,Pierre Werner Cricket Ground,0.58,0.3,0.6,0.2,0.8,0.2,0.75,50,60,0.8,1,0
1548525,2026-08-23,Luxembourg,Belgium,Pierre Werner Cricket Ground,0.3114754098360656,0.5686274509803921,0.4,0.4,0.2,0.7,0.4,61,51,0.36363636363636365,1,1
1549194,2026-08-26,Austria,Turkey,"Moara Vlasiei Cricket Ground, Ilfov County",0.625,0.25,0.6,0.2,0.7,0.1,1.0,96,36,0.6666666666666666,1,0
1549195,2026-08-26,Romania,Isle of Man,"Moara Vlasiei Cricket Ground, Ilfov County",0.620253164556962,0.55,0.6,0.6,0.7,0.4,0.0,79,40,0.6136363636363636,1,0
1549196,2026-08-26,Austria,Guernsey,"Moara Vlasiei Cricket Ground, Ilfov County",0.6185567010309279,0.5333333333333333,0.4,0.4,0.7,0.6,0.5,97,45,0.625,1,1
1549197,2026-08-27,Greece,Isle of Man,"Moara Vlasiei Cricket Ground, Ilfov County",0.21428571428571427,0.5609756097560976,0.0,0.8,0.2,0.5,0.0,42,41,0.5,1,0
1549198,2026-08-27,Czech Republic,Turkey,"Moara Vlasiei Cricket Ground, Ilfov County",0.38333333333333336,0.2702702702702703,0.4,0.4,0.7,0.2,0.5,60,37,0.3333333333333333,1,0
1549200,2026-08-28,Romania,Greece,"Moara Vlasiei Cricket Ground, Ilfov County",0.6125,0.20930232558139536,0.4,0.0,0.6,0.1,0.5,80,43,0.6,1,1
1549201,2026-08-28,Turkey,Guernsey,"Moara Vlasiei Cricket Ground, Ilfov County",0.2894736842105263,0.5217391304347826,0.6,0.2,0.3,0.6,0.5,38,46,0.45454545454545453,1,1
1549202,2026-08-28,Czech Republic,Austria,"Moara Vlasiei Cricket Ground, Ilfov County",0.3770491803278688,0.6224489795918368,0.4,0.4,0.6,0.7,0.14285714285714285,61,98,0.2857142857142857,1,0
1548659,2026-08-28,Sweden,Denmark,"GelsenTrabPark, Gelsenkirchen",0.515625,0.5294117647058824,0.4,1.0,0.6,0.9,0.7142857142857143,64,68,0.5,1,1
1548658,2026-08-28,Germany,Sweden,"GelsenTrabPark, Gelsenkirchen",0.592,0.5230769230769231,0.8,0.6,0.8,0.6,1.0,125,65,0.5,1,0
1549524,2026-08-28,Namibia,South Africa,"Namibia Cricket Ground, Windhoek",0.5606060606060606,0.5227882037533512,0.8,0.8,0.9,0.7,1.0,198,373,0.7222222222222222,1,1
1548891,2026-08-28,Thailand,Hong Kong,Dubai International Cricket Stadium,0.5683060109289617,0.5231481481481481,0.4,0.2,0.7,0.3,0.8571428571428571,183,216,0.5,1,1
1548660,2026-08-29,Germany,Denmark,"GelsenTrabPark, Gelsenkirchen",0.5873015873015873,0.5217391304347826,0.6,0.8,0.7,0.9,0.6666666666666666,126,69,0.0,1,0
1548892,2026-08-29,United Arab Emirates,Sri Lanka,Dubai International Cricket Stadium,0.6103896103896104,0.43304843304843305,0.8,0.8,0.7,0.6,0.0,231,351,0.19047619047619047,1,0
1549525,2026-08-29,Zimbabwe,South Africa,"Namibia Cricket Ground, Windhoek",0.4457831325301205,0.5213903743315508,0.0,0.6,0.1,0.6,0.0,249,374,1.0,1,0
1549203,2026-08-29,Greece,Norway,"Moara Vlasiei Cricket Ground, Ilfov County",0.20454545454545456,0.47435897435897434,0.0,0.6,0.1,0.5,0.5,44,78,0.3333333333333333,1,0
1549204,2026-08-29,Czech Republic,Guernsey,"Moara Vlasiei Cricket Ground, Ilfov County",0.3709677419354839,0.5106382978723404,0.2,0.0,0.5,0.5,0.5,62,47,0.25,1,0
1549205,2026-08-29,Isle of Man,Norway,"Moara Vlasiei Cricket Ground, Ilfov County",0.5714285714285714,0.4810126582278481,0.8,0.8,0.6,0.6,0.5,42,79,1.0,1,1
1548663,2026-08-30,Germany,Denmark,"GelsenTrabPark, Gelsenkirchen",0.5826771653543307,0.5285714285714286,0.6,0.8,0.6,0.9,0.6,127,70,0.0,1,1
1549206,2026-08-30,Norway,Austria,"Moara Vlasiei Cricket Ground, Ilfov County",0.475,0.6262626262626263,0.6,0.4,0.6,0.7,0.42857142857142855,80,99,0.6666666666666666,1,0
1549207,2026-08-30,Isle of Man,Turkey,"Moara Vlasiei Cricket Ground, Ilfov County",0.5813953488372093,0.3076923076923077,1.0,0.8,0.7,0.4,1.0,43,39,1.0,1,0
1548893,2026-08-30,India,Thailand,Dubai International Cricket Stadium,0.642691415313225,0.5706521739130435,0.6,0.6,0.3,0.7,1.0,431,184,0.6875,1,1
1548894,2026-08-31,Bangladesh,Indonesia,Dubai International Cricket Stadium,0.4069400630914827,0.538961038961039,0.4,0.6,0.3,0.7,0.5,317,154,0.375,1,1
1549526,2026-08-31,Zimbabwe,Namibia,"Namibia Cricket Ground, Windhoek",0.444,0.5628140703517588,0.0,0.8,0.1,0.9,0.5862068965517241,250,199,0.8,1,1
1548895,2026-09-01,Pakistan,Thailand,Dubai International Cricket Stadium,0.5212264150943396,0.5675675675675675,0.4,0.4,0.2,0.6,0.5,424,185,0.48717948717948717,1,1
1549527,2026-09-01,South Africa,Zimbabwe,"Namibia Cricket Ground, Windhoek",0.5226666666666666,0.44621513944223107,0.6,0.2,0.6,0.2,1.0,375,251,0.3333333333333333,1,1
